Contig_ID,Is_Virus
PC202,1
PC205,1
PC300,0
PC341,0
PC422,0
PC668,0
PC688,0
PC823,0
PC861,0
PC971,0
PC1011,0
PC1029,0
PC1232,1
PC1244,0
PC1319,0
PC1344,0
PC1367,0
PC1434,0
PC1483,0
PC1558,0
PC1667,0
PC1811,0
PC1838,0
PC1849,0
PC1854,0
PC1909,0
PC2055,0
PC2112,0
PC2288,0
PC2405,0
PC2549,1
PC2553,0
PC2638,0
PC2668,0
PC2734,0
PC3004,0
PC3012,0
PC3065,0
PC3198,0
PC3242,0
PC3292,0
PC3502,0
PC3549,0
PC3783,0
PC3784,0
PC3949,0
PC4114,0
PC4171,1
PC4252,0
PC4382,0
PC4474,0
PC4488,1
PC4725,0
PC4973,0
PC5012,0
PC5063,0
PC5178,0
PC5242,0
PC5618,0
PC5659,0
PC5683,0
PC5902,0
PC5940,0
PC5991,1
PC6063,0
PC6065,0
PC6067,0
PC6228,0
PC6297,0
PC6305,0
PC6350,0
PC6416,0
PC6480,0
PC6613,1
PC6772,0
PC6858,1
PC7009,0
PC7224,0
PC7724,1
PC8190,1
PC8255,0
PC8340,0
PC8417,0
PC8471,0
PC8524,0
PC8651,0
PC8726,0
PC8780,0
PC9026,0
PC9160,1
PC9326,0
PC9708,0
PC9755,0
PC9771,0
PC9909,0
PC9956,0
PC10162,0
PC10298,0
PC10329,0
PC10456,0
PC10481,0
PC10665,0
PC10680,0
PC10700,0
PC10780,0
PC10807,0
PC10926,0
PC10959,0
PC10966,1
PC11050,0
PC11329,0
PC11373,1
PC11472,0
PC11521,0
PC11567,0
PC11606,0
PC11748,0
PC11759,0
PC11786,0
PC11909,0
PC11925,0
PC11934,0
PC12192,1
PC12228,0
PC12339,0
PC12405,0
PC12426,0
PC12503,0
PC12578,0
PC12598,0
PC12672,1
PC12836,0
PC12900,0
PC12968,1
PC13082,0
PC13094,0
PC13165,0
PC13339,0
PC13524,0
PC13640,0
PC13642,0
PC13749,0
PC13774,0
PC13808,0
PC13821,1
PC13841,0
PC13919,0
PC14172,0
PC14191,0
PC14227,0
PC14236,0
PC14398,0
PC14522,0
PC14546,0
PC14656,0
PC14658,0
PC14733,0
PC14842,0
PC14849,0
PC14891,0
PC14925,0
PC14965,0
PC15115,0
PC15342,0
PC15351,0
PC15360,0
PC15783,0
PC15818,0
PC15822,0
PC15848,0
PC15861,0
PC15928,1
PC16071,0
PC16125,0
PC16135,0
PC16228,0
PC16414,0
PC16496,0
PC16610,0
PC16642,0
PC16668,0
PC16690,0
PC16813,0
PC16833,0
PC16842,1
PC16855,0
PC16987,0
PC17178,0
PC17405,1
PC17459,0
PC17508,0
PC17541,0
PC17680,0
PC17779,0
PC17797,0
PC17900,0
PC18002,0
PC18034,0
PC18180,0
PC18265,0
PC18305,0
PC18357,0
PC18371,0
PC18397,0
PC18479,0
PC18668,0
PC18811,0
PC18874,1
PC18889,0
PC18949,0
PC19078,0
PC19082,0
PC19233,0
PC19254,0
PC19293,0
PC19330,0
PC19352,0
PC19417,0
PC19481,0
PC19492,0
PC19525,0
PC19532,0
PC19649,0
PC19686,0
PC19993,0
PC20000,0
PC20126,0
PC20173,0
PC20214,0
PC20261,0
PC20286,0
PC20333,1
PC20528,0
PC20618,0
PC20708,0
PC20832,0
PC20859,0
PC20871,0
PC20905,0
PC21032,0
PC21048,0
PC21072,0
PC21119,1
PC21164,0
PC21166,0
PC21254,0
PC21255,0
PC21490,0
PC21515,0
PC21655,0
PC21685,1
PC21807,0
PC21850,0
PC22268,0
PC22293,0
PC22378,0
PC22534,0
PC22636,0
PC22658,1
PC22750,0
PC22754,0
PC22832,0
PC22938,0
PC22950,0
PC23017,0
PC23118,0
PC23285,0
PC23562,0
PC23776,0
PC23855,0
PC23901,0
PC23982,0
PC24006,0
PC24117,0
PC24171,0
PC24173,0
PC24200,0
PC24224,0
PC24229,0
PC24252,0
PC24306,0
PC24656,0
PC24755,1
PC25049,0
PC25345,0
PC25353,0
PC25451,1
PC25471,0
PC25537,0
PC25553,0
PC25637,0
PC25686,0
PC25729,1
PC25754,0
PC25798,0
PC25912,0
PC26017,0
PC26061,0
PC26279,0
PC26362,0
PC26408,0
PC26424,0
PC26637,0
PC26649,0
PC26725,0
PC26812,0
PC26840,0
PC27005,0
PC27101,0
PC27586,0
PC27628,0
PC27648,1
PC27730,0
PC27796,0
PC27806,0
PC27831,0
PC27896,0
PC27984,0
PC28108,1
PC28126,0
PC28253,0
PC28311,0
PC28369,0
PC28383,0
PC28426,0
PC28586,0
PC28655,0
PC28699,0
PC28715,0
PC28792,0
PC28958,0
PC28965,0
PC29039,0
PC29040,0
PC29110,0
PC29122,0
PC29140,0
PC29149,0
PC29224,0
PC29237,0
PC29266,0
PC29283,0
PC29458,0
PC29561,0
PC29721,1
PC29925,0
PC29987,0
PC30061,0
PC30086,0
PC30454,0
PC30469,0
PC30556,0
PC30562,1
PC30588,0
PC30629,0
PC30668,0
PC30917,0
PC30952,0
PC30974,0
PC30992,0
PC31195,0
PC31209,0
PC31290,0
PC31298,0
PC31401,0
PC31478,0
PC31483,1
PC31515,0
PC31660,0
PC31857,0
PC31890,0
PC32082,0
PC32230,0
PC32363,1
PC32543,0
PC32575,0
PC32768,0
PC32812,1
PC32845,0
PC32967,0
PC33030,0
PC33059,0
PC33060,0
PC33092,0
PC33107,0
PC33163,0
PC33211,0
PC33309,0
PC33313,0
PC33586,1
PC33622,0
PC33648,0
PC33664,0
PC33677,0
PC33733,0
PC33808,0
PC33868,0
PC33926,0
PC34065,0
PC34199,0
PC34223,1
PC34290,0
PC34351,0
PC34404,1
PC34530,0
PC34536,0
PC34542,0
PC34624,0
PC34625,1
PC34754,0
PC34791,0
PC34873,0
PC34985,0
PC35104,0
PC35256,0
PC35355,0
PC35359,0
PC35540,0
PC36055,0
PC36249,0
PC36293,0
PC36352,0
PC36407,0
PC36440,0
PC36535,0
PC36557,0
PC36727,0
PC36778,0
PC37180,0
PC37299,0
PC37376,0
PC37399,1
PC37438,0
PC37440,0
PC37497,0
PC37537,0
PC37563,0
PC37808,0
PC37871,0
PC37915,1
PC37963,0
PC38053,0
PC38226,0
PC38291,0
PC38421,0
PC38636,0
PC38789,0
PC38861,0
PC38946,0
PC39164,0
PC39290,0
PC39415,0
PC39619,0
PC39737,0
PC39895,0
PC39949,1
PC39958,0
PC40021,0
PC40046,0
PC40067,0
PC40111,0
PC40172,0
PC40175,0
PC40194,0
PC40362,0
PC40446,0
PC40507,0
PC40701,0
PC40765,0
PC40773,0
PC40810,0
PC40840,0
PC40847,0
PC40857,0
PC40877,0
PC40909,0
PC40910,0
PC40923,0
PC40942,1
PC40992,0
PC41058,0
PC41260,0
PC41350,0
PC41486,0
PC41521,0
PC41674,0
PC41708,0
PC41789,0
PC41960,0
PC42020,0
PC42442,0
PC42452,0
PC42461,0
PC42601,0
PC42710,0
PC42715,0
PC43000,0
PC43034,0
PC43098,0
PC43121,0
PC43230,0
PC43433,0
PC43590,0
PC43902,0
PC44057,0
PC44268,0
PC44289,0
PC44305,0
PC44357,0
PC44445,0
PC44775,0
PC44788,0
PC44872,0
PC44997,1
PC45029,0
PC45074,0
PC45201,0
PC45286,0
PC45448,0
PC45455,0
PC45719,0
PC46133,0
PC46204,0
PC46266,0
PC46300,0
PC46372,1
PC46431,0
PC46454,0
PC46491,1
PC46497,0
PC46538,0
PC46546,0
PC46604,0
PC46728,0
PC46755,0
PC46789,0
PC46914,0
PC47025,0
PC47274,0
PC47362,0
PC47413,0
PC47537,0
PC47605,0
PC47662,0
PC47688,0
PC47892,0
PC48131,0
PC48164,0
PC48296,0
PC48470,0
PC48616,0
PC48639,0
PC48729,0
PC48773,0
PC48854,0
PC48855,0
PC48900,0
PC49013,0
PC49161,0
PC49234,0
PC49427,0
PC49607,1
PC49620,0
PC49647,0
PC49835,0
PC49846,0
PC50008,0
PC50218,0
PC50242,0
PC50428,0
PC50453,0
PC50488,0
PC50547,1
PC50616,0
PC50619,0
PC51168,0
PC51516,0
PC51519,0
PC51635,0
PC52016,0
PC52120,0
PC52187,0
PC52511,0
PC52699,0
PC52742,0
PC52784,0
PC52833,0
PC52858,0
PC53109,0
PC53133,0
PC53158,0
PC53165,0
PC53251,0
PC53406,0
PC53665,0
PC53733,0
PC53756,0
PC53832,0
PC54022,0
PC54196,0
PC54229,0
PC54230,0
PC54397,0
PC54422,0
PC54431,0
PC54584,0
PC54664,0
PC54674,0
PC54769,0
PC54853,0
PC54936,0
PC55099,0
PC55129,0
PC55181,0
PC55221,0
PC55436,0
PC55473,0
PC55481,1
PC55555,1
PC55694,0
PC55716,0
PC55824,0
PC55847,0
PC55980,0
PC56202,0
PC56316,0
PC56460,0
PC56472,1
PC56474,0
PC56577,0
PC56711,0
PC56838,0
PC57146,0
PC57384,0
PC57387,0
PC57652,0
PC57741,0
PC57839,0
PC57844,0
PC57868,0
PC58227,0
PC58244,0
PC58270,0
PC58423,0
PC58572,0
PC58645,0
PC58706,0
PC58722,0
PC58970,0
PC59072,0
PC59101,0
PC59179,0
PC59240,0
PC59308,0
PC59555,0
PC59608,0
PC59662,0
PC59666,0
PC59885,0
PC59960,0
PC60059,0
PC60087,0
PC60254,0
PC60264,0
PC60297,0
PC60311,0
PC60409,0
PC60588,0
PC60781,0
PC60882,0
PC60898,0
PC60964,0
PC60984,0
PC61073,0
PC61136,1
PC61278,0
PC61285,0
PC61299,0
PC61378,0
PC61490,0
PC61528,0
PC61706,0
PC61786,0
PC61863,0
PC61876,0
PC61926,1
PC62017,0
PC62055,0
PC62100,0
PC62122,1
PC62144,0
PC62386,0
PC62423,0
PC62493,0
PC62507,0
PC62530,0
PC62641,0
PC62745,0
PC62789,0
PC63024,0
PC63043,1
PC63343,0
PC63418,0
PC63455,0
PC63490,0
PC63558,0
PC63564,0
PC63674,0
PC63706,0
PC63733,0
PC63904,0
PC63928,0
PC64015,0
PC64051,0
PC64108,0
PC64270,0
PC64386,0
PC64574,0
PC64785,0
PC64861,0
PC64934,0
PC65057,0
PC65158,0
PC65172,0
PC65383,1
PC65388,0
PC65454,0
PC65634,0
PC65646,0
PC65771,0
PC66009,0
PC66067,1
PC66103,0
PC66231,0
PC66330,0
PC66362,0
PC66444,0
PC66629,0
PC66635,0
PC66733,0
PC66899,0
PC66904,0
PC66995,0
PC67083,0
PC67087,0
PC67153,0
PC67221,0
PC67353,0
PC67866,0
PC67998,1
PC68007,0
PC68097,0
PC68156,0
PC68264,0
PC68283,0
PC68400,0
PC68484,0
PC68587,0
PC68649,0
PC68671,0
PC68685,1
PC68806,0
PC68862,0
PC69509,1
PC69646,0
PC69651,0
PC69671,0
PC69725,0
PC69821,0
PC69822,0
PC69922,0
PC69949,0
PC70115,0
PC70233,0
PC70248,0
PC70359,0
PC70489,0
PC70587,0
PC70630,0
PC70782,0
PC70863,0
PC70903,0
PC71064,0
PC71108,0
PC71131,0
PC71181,1
PC71248,0
PC71453,0
PC71462,0
PC71539,0
PC71705,0
PC71773,1
PC71858,0
PC71946,0
PC72024,0
PC72098,1
PC72115,0
PC72272,0
PC72287,0
PC72310,0
PC72334,0
PC72357,0
PC72472,0
PC72555,0
PC73108,0
PC73167,1
PC73207,0
PC73417,0
PC73449,0
PC73487,0
PC73696,0
PC73724,1
PC73772,0
PC73777,1
PC74132,0
PC74164,0
PC74202,0
PC74382,0
PC74407,0
PC74484,0
PC74545,0
PC74577,0
PC74645,0
PC74653,0
PC74661,0
PC74688,0
PC74775,0
PC74780,0
PC74828,0
PC74898,0
PC74928,0
PC74948,1
PC75214,0
PC75238,0
PC75299,0
PC75401,0
PC75431,0
PC75580,0
PC75608,0
PC75681,0
PC75728,0
PC75811,0
PC75849,0
PC76217,0
PC76324,0
PC76405,0
PC76421,0
PC76432,0
PC76481,0
PC76601,0
PC76748,0
PC76892,0
PC76893,0
PC77031,0
PC77355,0
PC77488,1
PC77527,0
PC77605,0
PC77905,0
PC78145,0
PC78337,0
PC78474,0
PC78621,0
PC78813,0
PC78884,0
PC78991,0
PC79077,0
PC79192,0
PC79269,0
PC79312,0
PC79384,0
PC79507,0
PC79510,0
PC79517,0
PC79520,0
PC79613,1
PC79650,0
PC79654,0
PC79680,1
PC79822,0
PC79842,0
PC79880,0
PC79908,0
PC80002,0
PC80138,0
PC80190,0
PC80326,0
PC80379,0
PC80407,0
PC80430,0
PC80443,0
PC80494,0
PC80550,0
PC80615,1
PC80699,1
PC80974,1
PC80981,0
PC80989,0
PC81148,0
PC81220,0
PC81254,0
PC81305,0
PC81398,0
PC81406,0
PC81446,0
PC81509,0
PC81523,0
PC81555,0
PC81570,0
PC81704,0
PC81905,0
PC81928,0
PC81941,0
PC82057,0
PC82303,0
PC82305,1
PC82351,0
PC82363,0
PC82401,0
PC82521,0
PC82840,0
PC82848,0
PC82880,0
PC83034,0
PC83039,0
PC83073,1
PC83172,0
PC83369,0
PC83430,0
PC83573,0
PC83574,0
PC83584,0
PC83591,0
PC83615,0
PC83637,0
PC83711,0
PC83730,0
PC83732,0
PC83899,0
PC83942,0
PC84159,0
PC84317,0
PC84328,0
PC84411,1
PC84655,0
PC84734,0
PC84797,0
PC84938,0
PC85014,0
PC85048,0
PC85080,0
PC85108,0
PC85131,0
PC85133,0
PC85141,0
PC85660,1
PC85976,0
PC86321,0
PC86516,0
PC86678,0
PC86714,0
PC86935,0
PC86945,0
PC87089,0
PC87253,0
PC87338,1
PC87340,0
PC87341,0
PC87599,0
PC87612,1
PC87740,0
PC87752,0
PC87848,1
PC87896,0
PC87984,0
PC88117,0
PC88159,0
PC88264,0
PC88267,0
PC88444,0
PC88512,0
PC88996,0
PC89125,0
PC89127,0
PC89582,0
PC89610,1
PC89612,0
PC89635,0
PC89645,0
PC89742,0
PC90066,0
PC90071,0
PC90079,0
PC90223,0
PC90314,0
PC90395,0
PC90402,0
PC90432,0
PC90469,0
PC90548,0
PC90587,0
PC90683,0
PC90703,0
PC90797,0
PC90818,0
PC90848,0
PC90969,0
PC90974,0
PC90985,0
PC91075,0
PC91175,0
PC91361,0
PC91392,0
PC91445,0
PC91478,0
PC91636,0
PC91870,0
PC91876,0
PC92203,0
PC92205,0
PC92390,0
PC92492,0
PC92498,0
PC92520,0
PC92531,0
PC92555,0
PC92660,0
PC92800,0
PC92918,0
PC92930,0
PC92937,0
PC93019,0
PC93043,0
PC93233,0
PC93292,1
PC93352,0
PC93445,0
PC93562,0
PC93599,0
PC93670,0
PC93707,0
PC94025,0
PC94069,0
PC94086,0
PC94186,0
PC94204,0
PC94214,0
PC94291,0
PC94324,0
PC94458,0
PC94614,0
PC94627,0
PC94633,0
PC94654,0
PC94692,0
PC94703,0
PC94756,0
PC94765,0
PC94937,0
PC95036,1
PC95079,0
PC95255,0
PC95343,0
PC95355,0
PC95481,0
PC95507,0
PC95516,0
PC95572,1
PC95596,0
PC95623,0
PC95729,0
PC95924,0
PC95938,0
PC96093,0
PC96140,0
PC96256,0
PC96314,0
PC96496,0
PC96567,0
PC96604,0
PC97067,0
PC97108,0
PC97630,1
PC97657,0
PC97784,0
PC97793,0
PC97806,0
PC97861,1
PC97990,0
PC98122,0
PC98149,0
PC98334,0
PC98509,0
PC98565,0
PC98575,0
PC98779,0
PC98789,1
PC98795,0
PC98810,0
PC98890,0
PC98950,0
PC98968,0
PC99117,0
PC99216,0
PC99284,0
PC99285,0
PC99319,0
PC99365,0
PC99461,0
PC99492,0
PC99502,0
PC99579,1
PC99595,0
PC99742,0
PC99783,0
PC99808,0
PC99905,0
PC99977,0
PC100028,0
PC100137,0
PC100152,0
PC100155,0
PC100494,0
PC100731,0
PC100903,0
PC101008,0
PC101041,0
PC101065,0
PC101206,0
PC101600,0
PC101728,0
PC101785,0
PC102618,0
PC102655,0
PC102716,0
PC102739,0
PC102912,0
PC103049,0
PC103120,0
PC103322,0
PC103397,0
PC103399,0
PC103456,0
PC103507,0
PC103515,0
PC103594,0
PC103763,0
PC103794,0
PC103800,1
PC103803,0
PC103831,0
PC103952,0
PC104049,0
PC104057,0
PC104140,0
PC104233,1
PC104317,0
PC104379,0
PC104384,0
PC104390,0
PC104414,0
PC104421,1
PC104464,0
PC104549,0
PC104570,0
PC104642,0
PC104704,0
PC104971,0
PC105151,0
PC105262,0
PC105281,0
PC105337,0
PC105387,0
PC105410,0
PC105415,0
PC105437,0
PC105669,0
PC105840,0
PC106168,0
PC106327,0
PC106334,0
PC106369,0
PC106508,0
PC106630,0
PC106641,0
PC106656,0
PC106859,0
PC106911,0
PC106959,0
PC107048,0
PC107273,0
PC107309,0
PC107331,0
PC107392,0
PC107396,0
PC107441,0
PC107555,0
PC107606,0
PC107674,0
PC107730,0
PC108071,0
PC108113,0
PC108361,0
PC108366,0
PC108580,0
PC108585,0
PC108837,0
PC108939,0
PC108980,0
PC109310,0
PC109316,0
PC109416,0
PC109475,0
PC109480,0
PC109509,0
PC109651,0
PC109847,1
PC109978,1
PC110040,1
PC110127,0
PC110180,0
PC110276,0
PC110485,0
PC110578,0
PC110656,0
PC110919,0
PC110950,0
PC111063,0
PC111492,0
PC111503,0
PC111778,0
PC111859,0
PC111903,0
PC112012,0
PC112058,0
PC112144,0
PC112493,0
PC112724,0
PC112990,0
PC113411,0
PC113470,0
PC113487,0
PC113489,0
PC113535,0
PC113615,0
PC113709,0
PC113719,0
PC114013,0
PC114163,1
PC114475,0
PC114504,0
PC114876,0
PC115056,0
PC115168,0
PC115180,0
PC115269,0
PC115348,0
PC115621,1
PC115753,0
PC115755,0
PC115756,0
PC115792,0
PC115821,0
PC115883,0
PC115971,0
PC116065,0
PC116125,0
PC116169,0
PC116237,0
PC116240,0
PC116265,0
PC116356,0
PC116421,0
PC116485,0
PC116495,0
PC116501,0
PC116540,0
PC116633,0
PC116828,0
PC116982,0
PC117084,0
PC117191,0
PC117192,0
PC117410,0
PC117530,0
PC117687,0
PC117692,0
PC117729,0
PC117807,0
PC117863,0
PC118018,0
PC118020,0
PC118082,0
PC118192,0
PC118512,0
PC118585,0
PC118642,0
PC118747,0
PC119004,0
PC119007,0
PC119039,0
PC119040,1
PC119171,0
PC119182,0
PC119203,0
PC119237,0
PC119375,0
PC119456,0
PC119573,0
PC119613,0
PC119679,0
PC119719,0
PC119779,0
PC119806,0
PC119814,1
PC120087,0
PC120090,0
PC120216,0
PC120299,0
PC120333,0
PC120523,0
PC120545,0
PC120570,0
PC120589,0
PC120740,0
PC120791,0
PC120877,0
PC120998,0
PC121173,0
PC121486,0
PC121496,0
PC121566,0
PC121689,0
PC121770,0
PC121826,0
PC121838,0
PC122003,1
PC122249,0
PC122262,0
PC122366,0
PC122548,0
PC122685,0
PC122770,0
PC122804,1
PC122945,0
PC123115,0
PC123274,0
PC123316,0
PC123435,0
PC123446,0
PC123548,0
PC123699,0
PC123745,1
PC123831,0
PC123899,0
PC123989,0
PC124163,0
PC124177,0
PC124345,1
PC124388,0
PC124510,0
PC124841,0
PC125035,0
PC125094,0
PC125100,0
PC125146,0
PC125169,0
PC125330,0
PC125379,1
PC125487,0
PC125539,0
PC125628,0
PC125630,0
PC125805,0
PC125831,0
PC125893,0
PC125961,0
PC126527,0
PC126562,0
PC126606,0
PC126652,0
PC126674,0
PC127005,0
PC127023,1
PC127083,0
PC127098,0
PC127336,0
PC127464,0
PC127623,0
PC127733,1
PC127838,0
PC127843,0
PC127867,0
PC127881,0
PC128027,1
PC128147,0
PC128189,0
PC128254,0
PC128261,0
PC128520,0
PC128527,0
PC128551,0
PC128638,0
PC128964,0
PC129007,0
PC129346,0
PC129392,0
PC129419,1
PC129452,0
PC129487,0
PC129531,0
PC129710,0
PC129742,0
PC129811,0
PC130023,0
PC130126,0
PC130131,0
PC130304,0
PC130455,0
PC130566,0
PC130654,0
PC130700,0
PC130710,0
PC130749,0
PC130780,0
PC130916,0
PC131010,0
PC131182,0
PC131231,0
PC131328,0
PC131983,0
PC132115,0
PC132160,0
PC132236,1
PC132376,0
PC132542,0
PC132809,0
PC132991,0
PC133007,0
PC133145,0
PC133305,0
PC133341,1
PC133416,0
PC133457,0
PC133482,0
PC133529,0
PC133557,0
PC133783,1
PC133785,0
PC133881,0
PC134020,0
PC134040,1
PC134116,0
PC134418,0
PC134553,0
PC134598,0
PC134674,0
PC134738,0
PC134775,0
PC134853,1
PC134872,1
PC135025,0
PC135097,0
PC135224,0
PC135387,0
PC135639,0
PC135791,0
PC135846,0
PC135981,0
PC136166,0
PC136311,0
PC136326,0
PC136388,0
PC136465,0
PC136549,0
PC136612,0
PC136670,0
PC136727,0
PC136835,0
PC136854,0
PC136886,1
PC136958,0
PC136959,0
PC137028,0
PC137200,0
PC137213,1
PC137220,0
PC137234,0
PC137307,1
PC137432,0
PC137442,0
PC137558,1
PC137579,0
PC137985,0
PC138085,0
PC138126,0
PC138207,0
PC138242,0
PC138250,0
PC138344,0
PC138475,0
PC138479,0
PC138552,0
PC138889,0
PC139025,0
PC139041,0
PC139080,0
PC139089,0
PC139109,0
PC139129,0
PC139145,0
PC139199,0
PC139245,0
PC139323,0
PC139409,0
PC139486,0
PC139502,0
PC139589,0
PC139606,0
PC139635,0
PC139767,0
PC139795,0
PC139800,0
PC139913,0
PC140087,0
PC140090,0
PC140125,0
PC140168,0
PC140245,0
PC140291,0
PC140420,0
PC140451,0
PC140530,0
PC140766,0
PC140812,0
PC140819,0
PC140958,0
PC141016,0
PC141118,0
PC141365,0
PC141549,0
PC141555,0
PC141613,0
PC141977,0
PC142014,0
PC142199,0
PC142205,0
PC142218,1
PC142275,0
PC142419,0
PC142490,0
PC142609,0
PC142841,0
PC143050,1
PC143088,0
PC143281,0
PC143332,0
PC143335,0
PC143384,0
PC143424,0
PC143509,1
PC143588,0
PC143652,1
PC143793,0
PC143829,0
PC143837,0
PC143926,0
PC143944,0
PC144053,0
PC144074,0
PC144128,0
PC144292,0
PC144310,0
PC144332,0
PC144376,0
PC144421,0
PC144438,0
PC144477,0
PC144525,0
PC144537,0
PC144989,0
PC145104,0
PC145195,0
PC145248,0
PC145533,0
PC145617,0
PC145689,0
PC145750,0
PC145959,0
PC146061,0
PC146120,0
PC146145,0
PC146157,0
PC146159,0
PC146308,0
PC146401,1
PC146426,0
PC146592,0
PC146784,0
PC147058,0
PC147062,0
PC147251,1
PC147266,0
PC147599,0
PC147874,0
PC147940,0
PC148051,0
PC148214,0
PC148558,0
PC148632,1
PC148637,0
PC148695,0
PC148811,0
PC149081,0
PC149178,0
PC149314,1
PC149553,0
PC149715,0
PC149731,0
PC149901,0
PC150105,0
PC150189,0
PC150431,0
PC150632,0
PC150828,1
PC150916,0
PC150976,0
PC151074,1
PC151422,0
PC151728,0
PC151743,0
PC151748,1
PC151896,0
PC151951,0
PC152072,0
PC152227,0
PC152425,1
PC152450,0
PC152467,0
PC152621,1
PC152645,0
PC152805,0
PC152883,0
PC152924,0
PC153015,0
PC153022,0
PC153107,0
PC153123,1
PC153126,0
PC153312,0
PC153356,0
PC153427,0
PC153436,1
PC153666,0
PC153848,0
PC153987,0
PC154104,0
PC154196,0
PC154416,0
PC154551,0
PC154567,0
PC154575,0
PC154709,0
PC154733,0
PC154953,0
PC154994,0
PC155120,0
PC155150,0
PC155245,1
PC155280,0
PC155293,0
PC155329,0
PC155353,0
PC155445,0
PC155496,0
PC155571,0
PC155975,0
PC156001,1
PC156134,0
PC156643,0
PC156660,0
PC156769,0
PC156851,0
PC156899,0
PC157067,0
PC157161,0
PC157295,0
PC157352,0
PC157394,0
PC157448,0
PC157485,0
PC157668,0
PC157762,0
PC157918,0
PC157997,0
PC158114,0
PC158202,0
PC158210,1
PC158239,0
PC158367,0
PC158456,0
PC158474,0
PC158545,0
PC158606,0
PC158681,0
PC158731,1
PC158764,0
PC158785,1
PC158817,0
PC159021,0
PC159065,0
PC159090,0
PC159205,0
PC159221,0
PC159372,0
PC159494,0
PC159592,0
PC159809,0
PC159851,0
PC159870,0
PC159881,0
PC160041,0
PC160066,0
PC160145,0
PC160173,0
PC160208,0
PC160527,0
PC160612,0
PC161015,0
PC161161,0
PC161266,0
PC161293,0
PC161313,0
PC161562,0
PC161736,0
PC161738,0
PC161973,0
PC162112,0
PC162168,0
PC162235,0
PC162383,0
PC162571,0
PC162690,0
PC162753,0
PC162852,0
PC162864,1
PC163036,0
PC163058,0
PC163120,0
PC163317,0
PC163506,0
PC163638,0
PC163846,0
PC163978,0
PC164193,0
PC164253,0
PC164304,0
PC164307,0
PC164353,0
PC164457,0
PC164831,1
PC164987,0
PC165264,1
PC165300,0
PC165343,0
PC165552,0
PC165582,0
PC165610,0
PC165671,0
PC165729,0
PC165876,0
PC165880,1
PC165911,0
PC166159,0
PC166277,0
PC166463,0
PC166559,0
PC166792,0
PC166805,0
PC167225,0
PC167296,1
PC167304,0
PC167336,0
PC167409,0
PC167508,0
PC167514,0
PC167649,0
PC167871,0
PC167990,0
PC168053,0
PC168207,0
PC168339,0
PC168375,1
PC168419,0
PC168596,1
PC168773,0
PC168778,0
PC168803,0
PC168975,0
PC169025,0
PC169038,0
PC169152,0
PC169194,0
PC169333,0
PC169351,0
PC169579,0
PC169874,0
PC169978,0
PC170143,0
PC170294,0
PC170364,0
PC170420,1
PC170439,0
PC170618,0
PC170817,0
PC170838,0
PC170998,0
PC171017,0
PC171033,0
PC171095,0
PC171118,1
PC171167,0
PC171349,0
PC171429,0
PC171442,0
PC171452,0
PC171607,0
PC171624,0
PC171674,0
PC171731,0
PC171733,0
PC171735,0
PC171832,1
PC171839,0
PC171877,0
PC171958,0
PC172045,1
PC172091,0
PC172092,0
PC172319,0
PC172347,0
PC172375,0
PC172543,1
PC172834,0
PC172859,0
PC172962,0
PC173067,0
PC173093,0
PC173247,0
PC173320,0
PC173375,0
PC173507,0
PC173627,0
PC173659,0
PC173690,1
PC173790,1
PC173804,0
PC173822,0
PC173976,0
PC173986,0
PC174006,0
PC174030,0
PC174059,1
PC174211,0
PC174235,0
PC174241,0
PC174245,1
PC174300,0
PC174406,0
PC174436,1
PC174488,0
PC174583,0
PC174654,0
PC174658,1
PC174912,0
PC174990,0
PC175084,0
PC175132,1
PC175542,0
PC175646,0
PC175730,0
PC175821,0
PC176200,0
PC176337,0
PC176415,0
PC176474,0
PC176556,1
PC176577,0
PC176709,0
PC176742,0
PC177104,0
PC177564,0
PC177567,0
PC177646,0
PC177834,1
PC178126,0
PC178188,0
PC178225,0
PC178227,0
PC178423,0
PC178458,0
PC178583,0
PC178788,0
PC178889,0
PC178981,0
PC179004,0
PC179170,1
PC179197,0
PC179330,0
PC179619,0
PC179721,0
PC179775,0
PC179910,0
PC180082,0
PC180302,0
PC180394,0
PC180406,0
PC180563,0
PC180675,0
PC180879,0
PC180894,0
PC181049,1
PC181058,0
PC181065,0
PC181109,0
PC181134,0
PC181276,0
PC181302,0
PC181531,1
PC181740,0
PC181761,0
PC181777,0
PC181800,0
PC181957,0
PC181961,0
PC182162,0
PC182264,0
PC182603,0
PC182723,0
PC182773,1
PC182805,0
PC182828,0
PC183095,0
PC183193,0
PC183318,0
PC183344,0
PC183663,0
PC183678,0
PC183706,0
PC183717,1
PC183773,0
PC183823,0
PC183824,0
PC183839,0
PC183911,0
PC183942,1
PC184353,0
PC184500,0
PC184510,0
PC184617,0
PC184631,0
PC184797,0
PC184842,0
PC184957,0
PC184974,0
PC184996,0
PC185045,1
PC185279,0
PC185537,0
PC185571,0
PC185584,0
PC185816,0
PC185835,0
PC185869,0
PC185887,1
PC185899,0
PC185927,1
PC185950,0
PC186239,0
PC186303,0
PC186428,0
PC186446,0
PC186698,0
PC186791,0
PC187048,0
PC187140,0
PC187170,0
PC187179,0
PC187207,0
PC187488,1
PC187663,0
PC187703,0
PC187795,1
PC187870,0
PC187885,1
PC187938,0
PC187953,0
PC188153,0
PC188354,0
PC188522,0
PC188645,0
PC188672,0
PC188702,0
PC188772,0
PC188785,0
PC188897,0
PC188909,0
PC188910,1
PC188952,0
PC189237,0
PC189498,0
PC189565,0
PC189567,0
PC189744,0
PC189994,0
PC190010,0
PC190025,0
PC190032,0
PC190047,0
PC190153,1
PC190300,0
PC190314,0
PC190735,0
PC190890,0
PC191108,1
PC191417,0
PC191477,0
PC191478,0
PC191523,0
PC191526,1
PC191629,0
PC191640,0
PC191642,0
PC191698,0
PC191731,0
PC191824,0
PC191880,0
PC191993,0
PC192028,0
PC192144,0
PC192431,0
PC192470,0
PC192689,0
PC193056,0
PC193114,0
PC193207,0
PC193405,0
PC193428,1
PC193439,0
PC193449,0
PC193522,0
PC193754,0
PC193774,0
PC193851,0
PC194242,0
PC194261,0
PC194384,1
PC194422,0
PC194475,0
PC194487,0
PC194501,0
PC194575,0
PC194703,0
PC194727,0
PC194823,0
PC195054,0
PC195062,1
PC195165,0
PC195221,0
PC195222,0
PC195293,0
PC195339,0
PC195381,1
PC195451,0
PC195492,0
PC195780,0
PC195839,0
PC196266,0
PC196274,0
PC196286,0
PC196328,0
PC196339,0
PC196375,0
PC196382,0
PC196413,0
PC196474,0
PC196790,0
PC197102,0
PC197114,0
PC197136,0
PC197142,0
PC197202,0
PC197221,0
PC197226,0
PC197388,0
PC197465,0
PC197676,0
PC197792,0
PC197796,1
PC197988,0
PC198084,1
PC198425,0
PC198559,0
PC198653,0
PC198683,0
PC198707,0
PC198834,0
PC198843,0
PC198873,1
PC198936,0
PC198950,0
PC199006,0
PC199305,0
PC199346,1
PC199386,1
PC199399,0
PC199442,0
PC199571,0
PC199679,0
PC199864,0
PC199866,0
PC200081,1
PC200250,0
PC200271,0
PC200302,0
PC200358,0
PC200505,0
PC200576,0
PC200655,0
PC200676,0
PC200688,0
PC200775,0
PC200833,0
PC201035,0
PC201168,1
PC201202,0
PC201267,0
PC201305,0
PC201317,0
PC201325,1
PC201375,0
PC201605,0
PC201857,0
PC201942,0
PC202045,0
PC202240,0
PC202307,0
PC202409,0
PC202557,0
PC202603,0
PC202680,0
PC202696,0
PC202725,1
PC202804,0
PC202902,0
PC203115,0
PC203192,0
PC203254,1
PC203362,0
PC203387,0
PC203763,0
PC203845,0
PC203864,0
PC203906,0
PC203921,0
PC203959,0
PC204053,1
PC204225,1
PC204332,0
PC204623,0
PC204743,0
PC204746,0
PC204870,0
PC204882,0
PC204898,0
PC204939,0
PC205124,0
PC205190,0
PC205359,1
PC205920,1
PC206313,1
PC206392,0
PC206422,0
PC206423,0
PC206439,0
PC206469,0
PC206482,0
PC206535,0
PC206576,0
PC206592,0
PC206663,0
PC206690,0
PC206779,0
PC206854,0
PC206967,0
PC207089,0
PC207302,1
PC207305,0
PC207531,0
PC207548,0
PC207625,0
PC207669,0
PC207691,1
PC207895,0
PC207992,0
PC208091,0
PC208225,0
PC208266,0
PC208412,0
PC208558,0
PC208696,0
PC208719,0
PC208736,0
PC208751,0
PC208894,0
PC208980,0
PC208989,0
PC209143,0
PC209295,0
PC209327,0
PC209603,0
PC209607,1
PC209671,1
PC209912,0
PC209962,0
PC209975,0
PC210106,0
PC210154,0
PC210218,0
PC210220,1
PC210293,0
PC210406,0
PC210576,0
PC210801,1
PC210887,0
PC211077,0
PC211148,0
PC211185,0
PC211217,0
PC211229,0
PC211350,0
PC211514,0
PC211584,0
PC211781,0
PC211814,0
PC212142,0
PC212146,1
PC212248,0
PC212395,0
PC212401,0
PC212411,0
PC212535,0
PC212625,0
PC212635,0
PC212736,0
PC212771,0
PC212805,0
PC212857,0
PC212965,0
PC213055,1
PC213279,0
PC213512,0
PC213720,0
PC213923,1
PC214092,0
PC214094,0
PC214192,0
PC214390,0
PC214548,0
PC214696,0
PC214880,0
PC214937,1
PC215098,0
PC215126,0
PC215245,0
PC215387,0
PC215408,0
PC215413,0
PC215449,0
PC215474,0
PC215485,0
PC215635,0
PC215660,0
PC215729,0
PC215805,0
PC215818,0
PC216029,0
PC216115,0
PC216252,0
PC216338,0
PC216703,0
PC216981,0
PC216999,0
PC217184,0
PC217296,0
PC217601,0
PC217624,0
PC217741,0
PC217833,0
PC217883,0
PC218020,1
PC218163,0
PC218217,0
PC218255,0
PC218266,0
PC218377,0
PC218405,0
PC218630,0
PC218669,0
PC218692,1
PC218727,1
PC218825,0
PC219210,0
PC219230,0
PC219317,0
PC219319,0
PC219321,0
PC219429,0
PC219464,0
PC219540,0
PC219632,0
PC219696,0
PC219976,1
PC219986,0
PC220027,0
PC220061,0
PC220069,0
PC220159,0
PC220211,0
PC220214,0
PC220327,0
PC220430,0
PC220750,0
PC220949,0
PC221361,0
PC221371,0
PC221391,0
PC221446,0
PC221708,0
PC221783,0
PC222014,0
PC222015,0
PC222063,0
PC222099,0
PC222105,0
PC222167,0
PC222426,0
PC222596,1
PC222779,0
PC222793,0
PC223170,0
PC223366,0
PC223591,0
PC223622,0
PC223810,0
PC223984,0
PC224118,0
PC224246,0
PC224526,0
PC224595,0
PC224616,0
PC224642,0
PC224746,0
PC224843,0
PC225044,0
PC225072,0
PC225195,0
PC225214,0
PC225285,0
PC225294,0
PC225365,1
PC225492,0
PC225537,0
PC225610,0
PC225635,0
PC225688,0
PC225693,0
PC225783,0
PC226085,0
PC226136,0
PC226140,0
PC226178,0
PC226219,0
PC226425,0
PC226459,0
PC226507,0
PC226530,0
PC226576,0
PC226727,0
PC226836,0
PC226862,0
PC226957,0
PC227081,0
PC227184,1
PC227319,0
PC227336,0
PC227496,0
PC227517,0
PC227522,0
PC227626,0
PC227753,0
PC227833,0
PC228104,0
PC228293,0
PC228348,1
PC228560,0
PC228709,0
PC229071,0
PC229189,0
PC229456,0
PC229510,0
PC229769,1
PC229816,0
PC229872,0
PC229942,0
PC229980,0
PC230217,0
PC230257,0
PC230269,0
PC230375,0
PC230515,0
PC230605,1
PC230753,0
PC230790,0
PC230873,0
PC231238,0
PC231293,0
PC231328,0
PC231416,0
PC231427,0
PC231492,0
PC231821,0
PC231871,0
PC231877,0
PC231918,0
PC231928,0
PC231951,0
PC232004,0
PC232017,0
PC232045,0
PC232084,1
PC232351,0
PC232545,0
PC232630,0
PC232704,0
PC232765,0
PC232836,1
PC232928,0
PC233100,0
PC233174,0
PC233197,0
PC233392,1
PC233436,0
PC233967,0
PC234276,0
PC234391,0
PC234603,1
PC234666,0
PC234701,0
PC234719,0
PC234755,0
PC234844,0
PC234896,0
PC234914,0
PC235136,0
PC235252,0
PC235389,0
PC235570,0
PC235640,0
PC235650,0
PC235768,0
PC235857,0
PC235864,0
PC235899,0
PC235915,0
PC236040,0
PC236064,0
PC236355,0
PC236381,0
PC236576,0
PC236611,0
PC236693,0
PC236706,1
PC236708,0
PC236823,1
PC236824,1
PC236922,0
PC236927,0
PC237008,0
PC237021,0
PC237159,0
PC237214,0
PC237226,0
PC237319,0
PC237390,0
PC237625,0
PC237674,0
PC237682,1
PC237765,0
PC237893,0
PC237943,0
PC237949,0
PC238056,0
PC238104,0
PC238234,0
PC238290,0
PC238301,0
PC238328,0
PC238449,0
PC238511,0
PC238592,0
PC238603,0
PC238654,0
PC238663,1
PC238711,0
PC239071,0
PC239183,0
PC239291,0
PC239308,0
PC239329,0
PC239365,0
PC239548,0
PC239589,0
PC239702,0
PC239816,0
PC239857,0
PC240000,0
PC240137,0
PC240657,0
PC240733,1
PC240814,0
PC240836,0
PC241040,0
PC241163,0
PC241234,0
PC241490,1
PC241775,0
PC242029,0
PC242108,1
PC242122,0
PC242123,0
PC242158,0
PC242273,0
PC242301,0
PC242408,0
PC242419,0
PC242468,0
PC242633,0
PC242707,0
PC242742,0
PC242805,0
PC242915,0
PC243001,0
PC243127,0
PC243275,0
PC243719,0
PC243728,0
PC243770,0
PC243859,0
PC243888,0
PC243913,0
PC243955,0
PC243989,0
PC244119,0
PC244231,0
PC244245,0
PC244267,1
PC244354,0
PC244357,0
PC244438,0
PC244582,0
PC244807,0
PC244830,0
PC244836,0
PC244988,0
PC245048,0
PC245147,0
PC245177,0
PC245279,0
PC245289,0
PC245291,1
PC245450,1
PC245522,0
PC245768,0
PC245790,0
PC245902,0
PC245968,0
PC246346,0
PC246403,0
PC246577,0
PC246659,0
PC246754,0
PC246797,0
PC246847,0
PC246981,0
PC247106,1
PC247107,1
PC247225,0
PC247314,0
PC247419,0
PC247580,0
PC247640,0
PC247669,0
PC247690,1
PC247803,0
PC247835,0
PC247912,0
PC248001,0
PC248046,0
PC248158,0
PC248168,0
PC248224,0
PC248353,0
PC248382,0
PC248383,0
PC248427,0
PC248456,0
PC248642,1
PC248893,0
PC249085,0
PC249096,0
PC249215,0
PC249347,0
PC249429,0
PC249696,0
PC249806,0
PC249882,0
PC249896,0
PC249916,0
PC250264,0
PC250356,0
PC250597,0
PC250669,0
PC250698,0
PC250757,0
PC250827,0
PC250831,0
PC250898,0
PC250910,0
PC250950,0
PC250972,0
PC251003,0
PC251261,0
PC251453,0
PC251820,0
PC251854,0
PC252127,0
PC252160,0
PC252193,0
PC252199,0
PC252501,0
PC252613,0
PC252876,0
PC252923,0
PC252990,0
PC253109,0
PC253115,0
PC253259,0
PC253286,0
PC253306,0
PC253334,0
PC253335,0
PC253362,0
PC253469,0
PC253500,0
PC253598,0
PC253844,0
PC253856,0
PC253938,0
PC254078,0
PC254278,0
PC254420,0
PC254463,0
PC254550,0
PC254566,0
PC254604,0
PC254782,0
PC254829,0
PC254830,0
PC255220,0
PC255227,0
PC255269,0
PC255292,0
PC255380,0
PC255480,0
PC255482,0
PC255484,0
PC255559,0
PC255583,0
PC255724,0
PC255862,0
PC255958,0
PC256334,0
PC256441,0
PC256491,0
PC256804,0
PC256932,0
PC257339,0
PC257708,0
PC257783,0
PC257928,1
PC257938,0
PC258023,0
PC258117,0
PC258127,0
PC258165,0
PC258202,0
PC258211,0
PC258367,0
PC258444,0
PC258728,0
PC258749,0
PC258782,0
PC258818,0
PC258837,0
PC258856,0
PC259037,0
PC259045,0
PC259337,0
PC259599,1
PC259714,0
PC259762,1
PC259788,0
PC259845,0
PC259848,1
PC259867,0
PC259948,0
PC260029,0
PC260430,0
PC260470,0
PC260502,0
PC260604,0
PC260671,0
PC260725,0
PC260755,0
PC260805,0
PC261035,0
PC261212,0
PC261291,0
PC261348,0
PC261442,0
PC261478,0
PC261509,1
PC261696,0
PC261819,0
PC261848,0
PC262068,0
PC262231,0
PC262454,0
PC262646,0
PC262665,0
PC262743,0
PC263006,0
PC263077,0
PC263107,0
PC263171,0
PC263195,0
PC263314,0
PC263635,0
PC263792,0
PC263930,0
PC263989,0
PC264016,0
PC264176,1
PC264225,0
PC264319,0
PC264381,0
PC264455,0
PC264588,0
PC264631,0
PC264872,0
PC264901,0
PC265119,1
PC265191,0
PC265275,0
PC265305,0
PC265407,0
PC265725,0
PC265757,0
PC265932,0
PC266010,0
PC266043,0
PC266128,0
PC266240,0
PC266546,0
PC266601,0
PC266632,0
PC266806,0
PC266884,0
PC267016,0
PC267154,0
PC267254,0
PC267309,0
PC267521,0
PC267561,0
PC267620,0
PC267775,0
PC268454,0
PC268694,0
PC268753,0
PC268764,0
PC268868,0
PC269042,0
PC269082,0
PC269089,0
PC269182,0
PC269230,0
PC269617,0
PC269621,0
PC269774,0
PC269820,0
PC269912,0
PC270050,0
PC270062,0
PC270112,0
PC270234,0
PC270418,0
PC270461,0
PC270566,0
PC270623,0
PC270692,0
PC270891,0
PC270954,0
PC270980,0
PC270998,0
PC271072,1
PC271104,0
PC271182,0
PC271203,0
PC271355,0
PC271525,0
PC271576,0
PC271670,0
PC271763,0
PC271793,0
PC271849,0
PC271966,0
PC272154,0
PC272314,0
PC272327,0
PC272329,0
PC272335,0
PC272394,1
PC272444,0
PC272846,0
PC273364,0
PC273374,0
PC273402,0
PC273428,0
PC273455,0
PC273488,1
PC273567,1
PC273609,0
PC273729,1
PC273821,0
PC273880,0
PC273887,0
PC274034,0
PC274048,0
PC274279,1
PC274328,0
PC274589,0
PC274764,0
PC274768,0
PC274850,0
PC274879,0
PC274982,0
PC275153,0
PC275278,0
PC275363,0
PC275377,0
PC275963,0
PC276092,0
PC276133,0
PC276277,0
PC276283,0
PC276349,1
PC276465,0
PC276619,0
PC276667,0
PC276738,1
PC276770,0
PC276907,0
PC276912,1
PC277012,0
PC277036,0
PC277047,1
PC277077,0
PC277130,0
PC277204,0
PC277254,0
PC277408,0
PC277438,0
PC277680,0
PC277824,0
PC277840,0
PC277944,0
PC277954,0
PC278025,0
PC278073,1
PC278085,0
PC278196,0
PC278396,0
PC278445,0
PC278463,0
PC278488,0
PC278669,0
PC278843,0
PC278882,0
PC279053,0
PC279073,0
PC279092,1
PC279140,0
PC279214,0
PC279330,0
PC279415,0
PC279471,0
PC279536,0
PC279649,0
PC279894,0
PC279919,0
PC280098,0
PC280410,0
PC280481,0
PC280688,0
PC280740,1
PC280830,0
PC280902,1
PC281026,0
PC281093,0
PC281549,0
PC281612,0
PC281642,0
PC281902,0
PC281916,0
PC281937,0
PC282017,0
PC282267,0
PC282308,0
PC282421,0
PC282522,0
PC282786,0
PC282817,0
PC282846,0
PC282864,0
PC282919,0
PC282945,0
PC282985,0
PC283027,0
PC283076,0
PC283083,0
PC283306,0
PC283308,0
PC283311,0
PC283332,0
PC283390,0
PC283411,0
PC283502,0
PC283899,0
PC283980,0
PC284033,0
PC284103,0
PC284219,0
PC284293,0
PC284359,0
PC284360,0
PC284426,0
PC284511,0
PC284527,0
PC284603,0
PC284742,0
PC284853,0
PC284896,0
PC285079,1
PC285232,0
PC285236,0
PC285305,0
PC285312,0
PC285501,0
PC285771,0
PC285811,0
PC285847,0
PC285925,1
PC286175,0
PC286178,0
PC286189,0
PC286284,0
PC286319,0
PC286533,0
PC286670,0
PC286711,0
PC286760,0
PC286838,0
PC286845,0
PC286855,0
PC286879,0
PC287133,0
PC287168,0
PC287269,0
PC287498,0
PC287560,0
PC287654,0
PC287691,1
PC287722,0
PC287948,0
PC288008,0
PC288109,0
PC288160,0
PC288219,0
PC288354,0
PC288591,0
PC288618,0
PC288633,0
PC288698,0
PC288784,0
PC288884,1
PC289029,0
PC289261,0
PC289345,0
PC289462,0
PC289606,0
PC289797,0
PC289803,0
PC289815,0
PC289902,0
PC290191,1
PC290237,0
PC290284,0
PC290326,0
PC290637,0
PC290717,0
PC290785,0
PC290875,0
PC291092,1
PC291249,0
PC291407,0
PC291422,0
PC291611,0
PC291723,0
PC291850,0
PC291858,0
PC291904,0
PC291954,0
PC292001,0
PC292050,0
PC292118,0
PC292148,0
PC292247,0
PC292303,0
PC292479,0
PC292542,0
PC292569,0
PC292712,0
PC292845,0
PC292963,0
PC292968,0
PC292998,0
PC293036,0
PC293143,0
PC293239,0
PC293349,0
PC293465,0
PC293561,1
PC293686,0
PC293762,0
PC293927,1
PC293975,1
PC293989,0
PC294363,0
PC294425,0
PC294647,0
PC294670,0
PC294742,0
PC294762,0
PC294863,1
PC294944,0
PC295110,1
PC295341,0
PC295440,0
PC295792,0
PC295860,1
PC295869,0
PC295893,1
PC295895,0
PC295906,0
PC296342,0
PC296370,0
PC296572,0
PC296592,0
PC296690,0
PC296703,0
PC296809,0
PC296863,0
PC296936,0
PC297120,0
PC297144,0
PC297154,0
PC297259,0
PC297293,0
PC297343,0
PC297705,1
PC297712,0
PC297734,1
PC297981,0
PC298024,0
PC298105,0
PC298174,0
PC298211,0
PC298410,0
PC298465,0
PC298630,0
PC298783,0
PC298796,0
PC299006,0
PC299088,0
PC299089,0
PC299115,0
PC299147,0
PC299249,0
PC299327,0
PC299344,0
PC299348,0
PC299454,0
PC299482,0
PC299546,0
PC299782,0
PC299829,0
PC299840,1
PC299891,0
PC300143,0
PC300173,0
PC300262,0
PC300273,0
PC300339,0
PC300383,0
PC300508,0
PC300563,0
PC300728,0
PC300746,0
PC300809,1
PC300841,0
PC301153,0
PC301270,0
PC301280,1
PC301302,0
PC301539,0
PC301662,0
PC301924,0
PC302045,0
PC302156,0
PC302267,0
PC302442,0
PC302904,0
PC302926,0
PC303068,0
PC303125,0
PC303138,0
PC303166,0
PC303203,0
PC303391,0
PC303419,0
PC303429,0
PC303450,0
PC303496,0
PC303573,0
PC303596,0
PC303780,0
PC303884,1
PC304028,0
PC304222,0
PC304264,0
PC304280,0
PC304301,1
PC304380,0
PC304391,0
PC304526,0
PC304527,0
PC304584,0
PC304931,1
PC304944,0
PC305108,0
PC305302,0
PC305462,0
PC305492,0
PC305710,0
PC305773,0
PC305825,0
PC305941,0
PC306010,0
PC306210,0
PC306360,0
PC306506,0
PC306584,0
PC306718,0
PC306856,0
PC306893,0
PC307157,0
PC307207,1
PC307290,0
PC307378,0
PC307413,1
PC307511,0
PC307566,0
PC307708,0
PC307709,0
PC307765,0
PC307838,0
PC307882,0
PC307988,0
PC307994,0
PC308005,0
PC308151,0
PC308193,1
PC308315,0
PC308367,0
PC308425,0
PC308451,0
PC308555,0
PC308624,0
PC308696,0
PC308698,1
PC309036,0
PC309066,0
PC309183,0
PC309192,0
PC309314,0
PC309473,0
PC309493,0
PC309610,0
PC309618,0
PC309755,0
PC309982,1
PC310081,0
PC310136,0
PC310387,0
PC310402,0
PC310525,0
PC310576,0
PC310812,0
PC310974,0
PC311070,0
PC311108,0
PC311121,0
PC311207,0
PC311302,0
PC311366,0
PC311441,0
PC311617,1
PC311776,0
PC311948,0
PC312188,0
PC312196,1
PC312231,0
PC312267,0
PC312326,1
PC312372,0
PC312406,0
PC312490,1
PC312509,0
PC312621,0
PC312705,0
PC312710,0
PC312749,0
PC312884,0
PC313043,0
PC313099,0
PC313160,0
PC313271,0
PC313315,0
PC313466,1
PC313815,0
PC313967,0
PC313968,0
PC314063,0
PC314201,0
PC314219,0
PC314351,0
PC314483,0
PC314649,0
PC314812,0
PC314862,0
PC315010,0
PC315026,0
PC315071,0
PC315598,0
PC315638,0
PC315694,0
PC315703,0
PC315816,0
PC315869,1
PC315994,0
PC316361,0
PC316414,0
PC316490,0
PC316715,0
PC316801,0
PC316881,0
PC316988,0
PC317076,0
PC317177,0
PC317201,0
PC317440,0
PC317692,0
PC317757,0
PC317956,0
PC318005,0
PC318119,0
PC318130,0
PC318153,0
PC318426,0
PC318427,0
PC318526,0
PC318541,0
PC318671,0
PC318771,0
PC318794,1
PC318893,0
PC319255,0
PC319264,0
PC319378,0
PC319402,0
PC319476,0
PC319543,0
PC319634,0
PC319798,0
PC319828,0
PC319876,0
PC320008,0
PC320077,0
PC320177,0
PC320281,0
PC320313,0
PC320362,0
PC320379,0
PC320550,0
PC320554,0
PC320617,0
PC320791,0
PC320805,0
PC321062,1
PC321093,0
PC321213,0
PC321275,0
PC321507,1
PC321518,0
PC321539,0
PC321670,0
PC321680,0
PC321719,0
PC321751,0
PC321817,0
PC321839,0
PC321981,0
PC322006,0
PC322075,0
PC322125,0
PC322141,0
PC322147,0
PC322179,0
PC322223,0
PC322271,1
PC322432,0
PC322574,0
PC322677,0
PC322688,0
PC323607,0
PC323944,1
PC323976,0
PC324101,0
PC324128,0
PC324273,0
PC324759,0
PC324865,0
PC325041,0
PC325078,0
PC325252,1
PC325397,0
PC325473,0
PC325520,0
PC325526,0
PC325555,0
PC325787,0
PC325798,0
PC325903,0
PC325953,0
PC325957,0
PC325987,0
PC325996,1
PC326054,0
PC326208,0
PC326361,0
PC326407,0
PC326449,0
PC326472,0
PC326476,1
PC326520,0
PC326546,0
PC326564,0
PC326608,0
PC326754,1
PC326964,0
PC326979,0
PC326986,1
PC327022,0
PC327310,0
PC327313,0
PC327376,0
PC327498,0
PC327583,0
PC327650,0
PC327659,1
PC327753,0
PC327784,1
PC327805,0
PC327863,0
PC327957,0
PC328004,0
PC328111,0
PC328175,0
PC328385,1
PC328697,0
PC328815,0
PC329047,0
PC329363,0
PC329634,0
PC329692,0
PC329936,1
PC330140,0
PC330584,0
PC330753,0
PC330818,0
PC330952,1
PC330983,0
PC331187,0
PC331238,0
PC331331,0
PC331431,0
PC331504,0
PC331507,0
PC331932,0
PC332064,0
PC332135,0
PC332149,0
PC332176,0
PC332188,0
PC332216,0
PC332309,0
PC332427,0
PC332709,0
PC332922,0
PC333266,0
PC333314,0
PC333473,0
PC333529,1
PC333700,0
PC333767,0
PC333815,0
PC334034,0
PC334119,0
PC334384,0
PC334584,0
PC334653,1
PC334663,1
PC334802,0
PC334857,1
PC334890,0
PC334895,0
PC334955,0
PC335091,1
PC335109,0
PC335240,0
PC335350,0
PC335469,0
PC335683,0
PC335848,0
PC335897,1
PC335973,0
PC336047,0
PC336076,1
PC336162,0
PC336223,0
PC336260,0
PC336272,0
PC336370,0
PC336484,0
PC336589,0
PC336615,0
PC336826,0
PC336906,0
PC336989,0
PC337029,0
PC337074,0
PC337167,0
PC337211,0
PC337213,0
PC337265,0
PC337276,0
PC337342,0
PC337360,0
PC337428,1
PC337455,0
PC337480,0
PC337573,0
PC337692,0
PC337727,0
PC337780,0
PC337816,0
PC337968,0
PC337991,0
PC337999,0
PC338005,0
PC338186,0
PC338228,0
PC338249,0
PC338302,0
PC338509,0
PC338515,0
PC338522,1
PC338524,1
PC338546,1
PC338605,0
PC338623,0
PC338641,0
PC338751,0
PC338872,0
PC338907,0
PC338941,0
PC339232,0
PC339305,0
PC339411,0
PC339471,0
PC339527,0
PC339568,0
PC339580,0
PC339592,0
PC339732,0
PC339944,0
PC339979,0
PC339996,0
PC340459,0
PC340779,0
PC340810,0
PC340841,0
PC340876,0
PC341119,1
PC341252,0
PC341365,0
PC341466,0
PC341753,0
PC341801,0
PC342006,0
PC342066,0
PC342080,0
PC342114,1
PC342296,0
PC342312,0
PC342390,0
PC342482,0
PC342611,0
PC342625,0
PC342669,1
PC342810,0
PC342973,0
PC343391,0
PC343577,0
PC343581,0
PC343642,0
PC343697,0
PC343712,0
PC343779,0
PC343841,0
PC343857,0
PC343983,1
PC344067,0
PC344133,0
PC344159,0
PC344356,0
PC344432,0
PC344661,0
PC344822,0
PC344905,0
PC344998,1
PC345027,1
PC345035,0
PC345271,0
PC345387,0
PC345461,0
PC345476,0
PC345489,0
PC345632,0
PC345713,0
PC345788,1
PC345804,1
PC346103,0
PC346151,0
PC346198,1
PC346320,1
PC346395,1
PC346870,0
PC346884,0
PC347032,0
PC347280,1
PC347466,0
PC347511,0
PC347702,1
PC347860,0
PC347868,0
PC348090,0
PC348105,0
PC348495,0
PC348589,0
PC348763,0
PC348864,0
PC348874,0
PC348919,0
PC348976,1
PC348990,0
PC349045,0
PC349076,0
PC349084,0
PC349178,0
PC349249,0
PC349261,0
PC349398,0
PC349477,1
PC349529,0
PC349566,1
PC349705,0
PC349715,0
PC349755,1
PC349788,0
PC349959,0
PC349994,0
PC350024,0
PC350048,0
PC350377,0
PC350418,0
PC350453,0
PC350543,0
PC350564,0
PC350570,0
PC350655,0
PC350880,0
PC350901,0
PC351130,0
PC351256,0
PC351259,0
PC351472,0
PC351550,0
PC351587,0
PC351774,0
PC351851,0
PC351944,0
PC352039,0
PC352144,0
PC352162,1
PC352188,0
PC352236,0
PC352360,0
PC352428,0
PC352524,0
PC352774,0
PC352849,1
PC353027,0
PC353221,0
PC353389,0
PC353521,0
PC353583,0
PC353589,0
PC353751,0
PC353777,0
PC353792,0
PC354029,0
PC354213,0
PC354217,0
PC354395,0
PC354399,0
PC354401,0
PC354519,1
PC354612,0
PC354679,0
PC354702,0
PC354737,0
PC354757,1
PC354758,0
PC354863,0
PC354868,1
PC355192,1
PC355208,0
PC355329,0
PC355349,0
PC355404,0
PC355510,0
PC355779,0
PC355833,0
PC356074,0
PC356093,0
PC356159,1
PC356251,0
PC356314,0
PC356316,0
PC356345,0
PC356427,0
PC356485,0
PC356537,0
PC356563,0
PC356647,0
PC356685,1
PC356825,0
PC356931,0
PC356985,0
PC357113,0
PC357210,0
PC357383,0
PC357460,0
PC357535,0
PC357554,0
PC357655,0
PC357759,0
PC358119,1
PC358146,0
PC358213,0
PC358227,0
PC358446,0
PC358480,1
PC358657,0
PC358938,0
PC359060,0
PC359131,0
PC359265,1
PC359411,0
PC359474,0
PC359694,0
PC359703,1
PC359708,1
PC360297,0
PC360345,0
PC360446,0
PC360549,0
PC360615,0
PC360634,0
PC360771,0
PC360811,0
PC360855,0
PC360880,0
PC361204,0
PC361353,1
PC361481,0
PC361513,0
PC361731,1
PC361758,0
PC361774,0
PC361790,0
PC361949,0
PC362017,0
PC362144,0
PC362157,0
PC362184,0
PC362275,0
PC362323,1
PC362466,0
PC362593,0
PC362665,0
PC362861,1
PC362927,0
PC362963,0
PC363097,0
PC363105,0
PC363311,0
PC363350,0
PC363490,0
PC363574,1
PC363609,1
PC363632,0
PC363645,0
PC363690,0
PC363718,0
PC363900,0
PC363942,0
PC364040,0
PC364062,0
PC364106,0
PC364324,0
PC364329,0
PC364378,0
PC364398,0
PC364616,0
PC364949,0
PC365243,0
PC365348,0
PC365367,0
PC365373,0
PC365509,0
PC365648,0
PC365863,0
PC366055,0
PC366196,0
PC366303,0
PC366320,0
PC366450,0
PC366665,0
PC366754,0
PC367049,0
PC367050,0
PC367318,0
PC367358,0
PC367408,0
PC367424,0
PC367566,0
PC367702,0
PC367842,0
PC367869,0
PC367936,0
PC368003,0
PC368313,0
PC368346,0
PC368366,0
PC368471,0
PC368539,0
PC368566,0
PC368692,0
PC368838,0
PC368912,0
PC369196,1
PC369292,0
PC369376,1
PC369415,0
PC369482,0
PC369592,0
PC369602,0
PC369673,0
PC369692,0
PC369711,0
PC369831,0
PC369836,0
PC369866,0
PC369959,0
PC369968,0
PC370189,0
PC370288,0
PC370560,1
PC370576,0
PC370603,0
PC370610,0
PC370840,0
PC370951,0
PC371020,0
PC371122,0
PC371282,0
PC371353,0
PC371357,0
PC372054,0
PC372079,0
PC372091,0
PC372150,0
PC372276,0
PC372317,0
PC372717,0
PC372766,0
PC372802,0
PC373001,0
PC373073,0
PC373137,0
PC373141,0
PC373282,0
PC373360,0
PC373615,0
PC373760,0
PC373990,1
PC374043,0
PC374091,0
PC374098,0
PC374157,0
PC374259,0
PC374261,0
PC374564,0
PC374666,0
PC374675,0
PC374689,0
PC374690,0
PC374746,0
PC374803,0
PC374846,0
PC374865,0
PC374973,0
PC375005,0
PC375130,0
PC375215,0
PC375511,0
PC375620,0
PC375670,0
PC375738,0
PC375748,0
PC375770,0
PC375805,0
PC375819,0
PC375861,0
PC375904,0
PC375959,0
PC375997,0
PC376073,0
PC376131,0
PC376331,0
PC376369,0
PC376405,0
PC376443,0
PC376461,0
PC376546,0
PC376620,1
PC376624,0
PC376933,0
PC377241,0
PC377300,0
PC377387,1
PC377402,1
PC377690,0
PC377700,0
PC377727,0
PC377861,0
PC377954,0
PC378138,0
PC378144,0
PC378152,0
PC378196,0
PC378324,0
PC378350,0
PC378517,1
PC378547,0
PC378578,0
PC378584,1
PC378592,0
PC378593,0
PC378638,0
PC378705,1
PC378783,0
PC378833,1
PC378871,0
PC378910,0
PC379050,1
PC379052,0
PC379111,0
PC379115,0
PC379126,0
PC379139,1
PC379141,0
PC379232,0
PC379635,1
PC379745,0
PC379875,0
PC380336,0
PC380370,0
PC380468,0
PC380553,0
PC380621,1
PC380654,0
PC380684,0
PC380708,0
PC380749,0
PC380852,0
PC380866,0
PC381000,0
PC381168,0
PC381194,0
PC381308,0
PC381329,1
PC381370,0
PC381581,0
PC381639,1
PC381670,0
PC382028,0
PC382046,0
PC382052,0
PC382053,0
PC382057,0
PC382195,0
PC382198,0
PC382261,0
PC382374,1
PC382545,0
PC382566,0
PC382569,0
PC382611,0
PC382641,0
PC382763,0
PC382847,0
PC382864,0
PC382890,0
PC382941,1
PC382949,1
PC382952,0
PC382984,0
PC383025,0
PC383055,1
PC383099,0
PC383206,0
PC383226,0
PC383237,0
PC383293,0
PC383301,1
PC383402,0
PC383447,0
PC383452,0
PC383472,0
PC383544,0
PC383785,0
PC383877,0
PC383983,0
PC384045,0
PC384076,0
PC384202,0
PC384307,0
PC384378,0
PC384481,0
PC384674,0
PC384759,0
PC384774,0
PC384790,0
PC384893,0
PC385039,0
PC385201,0
PC385248,0
PC385261,0
PC385308,0
PC385369,0
PC385419,0
PC385444,0
PC385528,0
PC385544,0
PC385622,1
PC385964,0
PC386040,0
PC386099,0
PC386148,0
PC386152,0
PC386299,0
PC386381,0
PC386836,0
PC387010,0
PC387061,0
PC387211,0
PC387304,0
PC387334,0
PC387360,0
PC387447,0
PC387474,0
PC387477,0
PC387537,0
PC387576,0
PC387721,0
PC387724,0
PC387735,0
PC387780,0
PC387822,0
PC388061,0
PC388094,1
PC388110,0
PC388119,0
PC388155,0
PC388190,0
PC388218,0
PC388317,0
PC388318,0
PC388446,0
PC388640,0
PC388748,0
PC388823,0
PC389066,0
PC389638,0
PC389725,0
PC389848,1
PC389886,0
PC389987,0
PC389996,0
PC390020,0
PC390063,0
PC390111,0
PC390210,0
PC390315,0
PC390341,0
PC390355,0
PC390385,0
PC390424,0
PC390442,0
PC390542,0
PC390593,0
PC390845,1
PC391314,0
PC391385,0
PC391387,0
PC391485,0
PC391684,0
PC391805,0
PC391886,0
PC391918,0
PC392096,0
PC392150,0
PC392166,0
PC392283,0
PC392288,0
PC392415,0
PC392485,0
PC392511,1
PC392525,0
PC392660,0
PC392667,0
PC392675,0
PC392710,0
PC392948,0
PC392952,0
PC393131,1
PC393182,0
PC393482,0
PC393587,1
PC393654,0
PC393748,0
PC394035,0
PC394036,0
PC394140,0
PC394230,0
PC394300,0
PC394435,0
PC394485,1
PC394493,0
PC394548,0
PC394554,0
PC394658,0
PC394788,0
PC394800,1
PC394923,1
PC394945,0
PC395100,0
PC395151,1
PC395421,0
PC395476,0
PC395597,0
PC395674,1
PC395677,0
PC395728,0
PC395973,0
PC396118,0
PC396192,0
PC396196,0
PC396230,0
PC396255,1
PC396478,0
PC396568,0
PC396577,0
PC396748,0
PC396953,0
PC397027,0
PC397081,0
PC397141,0
PC397186,0
PC397222,0
PC397252,0
PC397284,0
PC397343,0
PC397472,0
PC397495,0
PC397511,0
PC397611,1
PC397735,1
PC397745,0
PC397770,0
PC397789,0
PC397799,0
PC398187,0
PC398233,0
PC398265,0
PC398425,0
PC398518,0
PC398783,0
PC399180,0
PC399200,0
PC399201,0
PC399208,0
PC399353,0
PC399361,0
PC399589,0
PC399758,0
PC399893,0
PC400024,0
PC400239,0
PC400293,0
PC400421,0
PC400433,0
PC400509,0
PC400528,0
PC400756,0
PC400800,0
PC400927,1
PC400937,0
PC401022,0
PC401062,0
PC401143,0
PC401542,1
PC401763,1
PC401770,1
PC401855,0
PC401900,0
PC401952,0
PC402013,0
PC402062,0
PC402088,0
PC402124,0
PC402197,0
PC402272,0
PC402308,0
PC402384,1
PC402425,0
PC402448,0
PC402551,0
PC402729,0
PC402939,0
PC402950,0
PC402966,0
PC403189,0
PC403299,0
PC403314,0
PC403325,0
PC403340,0
PC403392,0
PC403492,0
PC403525,1
PC403657,0
PC403751,0
PC404012,1
PC404187,0
PC404190,0
PC404239,0
PC404456,0
PC404498,0
PC404560,0
PC404633,0
PC404728,0
PC404772,0
PC404786,0
PC404845,0
PC404882,0
PC405016,0
PC405068,0
PC405071,0
PC405086,0
PC405181,0
PC405266,0
PC405327,0
PC405349,0
PC405382,0
PC405394,0
PC405404,0
PC405465,0
PC405502,0
PC405585,0
PC405593,0
PC405653,0
PC405656,0
PC405805,0
PC405881,0
PC405918,0
PC406001,0
PC406043,0
PC406096,0
PC406322,0
PC406593,0
PC406657,0
PC406782,1
PC406907,0
PC407058,0
PC407071,0
PC407166,0
PC407489,0
PC407624,0
PC408100,1
PC408107,0
PC408231,1
PC408367,0
PC408368,0
PC408418,0
PC408559,0
PC408560,0
PC408695,0
PC408721,0
PC408757,0
PC408809,0
PC408878,0
PC409014,0
PC409059,0
PC409065,0
PC409229,0
PC409246,0
PC409385,0
PC409388,0
PC409389,1
PC409452,0
PC409590,0
PC409654,1
PC409664,1
PC409789,0
PC409986,0
PC410396,0
PC410443,0
PC410552,0
PC410693,0
PC410910,0
PC410915,0
PC410984,0
PC411108,0
PC411114,0
PC412172,0
PC412203,1
PC412242,0
PC412366,0
PC412417,0
PC412442,0
PC412620,0
PC412621,0
PC412643,0
PC412744,0
PC412851,0
PC412979,0
PC413108,0
PC413145,0
PC413183,0
PC413299,0
PC413304,0
PC413471,0
PC413480,0
PC413539,0
PC413615,0
PC413666,0
PC413713,0
PC413845,0
PC413948,0
PC414040,0
PC414198,0
PC414488,0
PC414589,0
PC414731,0
PC414735,0
PC414738,0
PC414863,0
PC414908,0
PC414997,0
PC415359,0
PC415365,1
PC415432,1
PC415705,0
PC415752,0
PC415800,0
PC415959,0
PC415968,0
PC416015,0
PC416180,0
PC416275,1
PC416350,0
PC416355,0
PC416407,0
PC416550,0
PC416761,0
PC416812,0
PC416850,0
PC416876,1
PC417106,0
PC417136,0
PC417186,0
PC417271,1
PC417331,0
PC417616,0
PC417635,0
PC417657,0
PC417696,0
PC417705,0
PC417785,0
PC417918,1
PC418082,0
PC418172,0
PC418341,0
PC418477,0
PC418535,0
PC418710,0
PC418744,0
PC418904,1
PC419130,0
PC419295,1
PC419311,0
PC419398,0
PC419443,0
PC419531,0
PC419623,0
PC419793,0
PC419864,0
PC419874,0
PC419918,0
PC420226,0
PC420316,0
PC420533,0
PC420561,0
PC420586,1
PC420602,1
PC420664,0
PC420772,0
PC420824,0
PC421034,0
PC421289,0
PC421373,0
PC421466,1
PC421489,0
PC421516,0
PC421641,0
PC421697,0
PC421924,0
PC422059,0
PC422120,0
PC422164,1
PC422377,0
PC422539,0
PC422611,0
PC422624,0
PC422828,0
PC422916,0
PC422968,0
PC423006,1
PC423067,0
PC423100,0
PC423127,0
PC423138,0
PC423250,0
PC423352,0
PC423371,0
PC423374,0
PC423459,0
PC423486,0
PC423631,0
PC423763,0
PC424032,0
PC424082,0
PC424231,0
PC424347,0
PC424690,0
PC424887,1
PC425023,0
PC425135,0
PC425145,1
PC425147,0
PC425174,1
PC425260,0
PC425318,0
PC425450,0
PC425481,0
PC425712,0
PC425764,0
PC425787,0
PC425814,0
PC425838,0
PC426398,1
PC426403,0
PC426498,0
PC426548,0
PC426643,0
PC426764,0
PC426786,0
PC426790,0
PC426825,0
PC426908,0
PC426947,0
PC426987,0
PC426988,0
PC427067,0
PC427335,1
PC427364,0
PC427436,0
PC427496,0
PC427604,0
PC427661,0
PC427678,0
PC427755,0
PC428138,0
PC428181,1
PC428239,0
PC428334,0
PC428531,0
PC428546,0
PC428673,1
PC428751,0
PC428773,0
PC428800,0
PC428837,0
PC428910,0
PC429004,0
PC429156,0
PC429306,0
PC429382,0
PC429415,0
PC429534,0
PC429573,0
PC429830,0
PC429918,0
PC430095,0
PC430149,0
PC430252,0
PC430303,0
PC430451,1
PC430635,0
PC430664,0
PC430784,1
PC430881,1
PC431109,0
PC431188,0
PC431385,0
PC431416,0
PC431457,0
PC431496,0
PC431744,0
PC431867,0
PC432027,0
PC432155,0
PC432158,0
PC432269,1
PC432334,0
PC432500,0
PC432651,0
PC433086,0
PC433158,0
PC433305,0
PC433333,0
PC433505,0
PC433592,1
PC433603,0
PC433798,0
PC433832,0
PC433886,0
PC433965,0
PC434289,0
PC434433,1
PC434498,0
PC434674,1
PC434708,0
PC434791,0
PC434866,0
PC434872,0
PC434958,1
PC435109,0
PC435147,0
PC435217,0
PC435228,0
PC435541,0
PC435692,0
PC435787,0
PC435907,0
PC436248,0
PC436252,0
PC436274,0
PC436312,1
PC436461,0
PC436724,0
PC436971,0
PC437076,0
PC437101,0
PC437220,0
PC437346,0
PC437405,0
PC437421,0
PC437437,0
PC437550,0
PC437606,1
PC437685,0
PC437754,0
PC437772,0
PC437797,0
PC438080,0
PC438081,0
PC438358,1
PC438442,0
PC438553,0
PC438659,0
PC438662,0
PC438773,0
PC439007,0
PC439132,0
PC439138,0
PC439254,0
PC439324,0
PC439350,0
PC439361,0
PC439483,0
PC439611,0
PC439685,0
PC439699,1
PC439813,0
PC439886,0
PC439887,0
PC439945,0
PC439963,0
PC440155,0
PC440172,0
PC440177,0
PC440446,0
PC440697,0
PC440729,0
PC440768,0
PC440849,1
PC441006,0
PC441129,0
PC441409,0
PC441580,0
PC441650,0
PC441753,0
PC441822,0
PC441968,0
PC442088,0
PC442122,0
PC442227,0
PC442276,0
PC442399,0
PC442433,0
PC442465,1
PC442492,0
PC442522,0
PC442639,0
PC442785,0
PC442838,0
PC442916,1
PC443118,0
PC443122,0
PC443169,1
PC443276,0
PC443334,0
PC443499,1
PC443540,0
PC443562,0
PC443639,0
PC443660,0
PC444189,0
PC444205,0
PC444322,0
PC444330,0
PC444468,0
PC444553,0
PC444557,1
PC444829,1
PC444892,0
PC444915,0
PC445195,0
PC445201,0
PC445487,0
PC445654,0
PC445711,0
PC445796,0
PC445917,1
PC445947,0
PC446173,0
PC446297,0
PC446329,0
PC446483,0
PC446697,0
PC446952,0
PC447165,0
PC447189,0
PC447412,1
PC447429,0
PC447694,0
PC447824,0
PC447873,0
PC447896,0
PC448212,0
PC448259,0
PC448280,0
PC448312,0
PC448672,0
PC448863,0
PC448990,0
PC449114,0
PC449224,0
PC449248,0
PC449302,0
PC449422,0
PC449477,0
PC449487,0
PC449573,0
PC449699,1
PC449777,0
PC449877,1
PC449914,0
PC449935,0
PC449965,1
PC449975,0
PC450017,0
PC450045,1
PC450364,0
PC450388,0
PC450529,0
PC450547,0
PC450601,0
PC450723,0
PC450911,0
PC450964,0
PC450973,0
PC451046,0
PC451072,0
PC451243,0
PC451334,0
PC451495,1
PC451499,0
PC451829,0
PC451846,0
PC451928,1
PC451981,0
PC451987,0
PC452030,0
PC452101,0
PC452135,0
PC452196,0
PC452326,0
PC452395,0
PC452433,1
PC452472,0
PC452696,0
PC452708,0
PC452876,0
PC452913,0
PC453043,0
PC453121,0
PC453575,0
PC453630,0
PC453805,0
PC453910,1
PC453956,0
PC453962,0
PC453967,0
PC454211,0
PC454422,0
PC454514,0
PC454537,0
PC454573,0
PC454581,0
PC454603,0
PC454742,1
PC454768,0
PC454865,0
PC454973,0
PC454980,0
PC455255,0
PC455409,1
PC455509,0
PC455520,0
PC455571,0
PC455914,0
PC456023,0
PC456061,0
PC456114,0
PC456129,0
PC456216,0
PC456274,0
PC456566,1
PC456751,0
PC456834,0
PC456895,0
PC456921,0
PC457169,0
PC457176,0
PC457267,0
PC457510,0
PC457727,0
PC457802,0
PC457813,0
PC457884,0
PC457917,0
PC457934,0
PC458238,0
PC458635,0
PC458739,0
PC459154,1
PC459202,0
PC459376,0
PC459564,0
PC459632,0
PC459819,0
PC459979,0
PC460144,0
PC460181,0
PC460220,0
PC460276,0
PC460670,0
PC460790,0
PC460808,0
PC460822,0
PC460920,0
PC460954,0
PC461020,0
PC461148,0
PC461236,0
PC461304,0
PC461375,0
PC461443,1
PC461610,0
PC461729,0
PC461901,0
PC462007,0
PC462014,0
PC462057,0
PC462076,0
PC462120,0
PC462241,0
PC462357,0
PC462462,0
PC462668,0
PC462695,0
PC462729,0
PC462956,0
PC463111,0
PC463216,0
PC463439,0
PC463455,0
PC463507,1
PC463525,0
PC463596,0
PC463688,0
PC463850,0
PC463975,0
PC463978,0
PC464022,0
PC464077,0
PC464436,1
PC464509,0
PC464768,0
PC464798,0
PC465031,0
PC465115,0
PC465352,0
PC465406,0
PC465472,0
PC465613,0
PC465778,0
PC465877,0
PC466074,0
PC466363,0
PC466430,0
PC466668,1
PC466783,0
PC466886,0
PC467041,0
PC467221,1
PC467271,0
PC467485,0
PC467519,0
PC467647,0
PC467801,0
PC468003,0
PC468114,1
PC468284,0
PC468313,0
PC468572,0
PC468726,0
PC468911,0
PC468930,0
PC469122,0
PC469155,0
PC469158,0
PC469199,0
PC469461,0
PC469528,0
PC469705,0
PC469899,0
PC470073,0
PC470223,0
PC470283,0
PC470300,0
PC470558,0
PC470754,0
PC470943,1
PC471040,0
PC471098,0
PC471152,1
PC471157,0
PC471208,0
PC471298,0
PC471439,0
PC471581,0
PC471614,0
PC471674,0
PC471804,0
PC471929,0
PC471968,0
PC472014,0
PC472238,0
PC472352,0
PC472357,0
PC472391,0
PC472508,0
PC472577,0
PC472639,0
PC472915,0
PC473034,0
PC473091,0
PC473162,0
PC473211,0
PC473296,0
PC473380,0
PC473501,0
PC473640,0
PC473819,0
PC474008,0
PC474068,0
PC474076,0
PC474213,1
PC474244,0
PC474420,0
PC474452,0
PC474489,0
PC474568,0
PC474573,1
PC474684,0
PC474720,0
PC474809,0
PC475237,0
PC475347,0
PC475424,0
PC475432,0
PC475479,0
PC475559,0
PC475772,0
PC475978,0
PC476243,0
PC476292,0
PC476529,1
PC476569,1
PC476589,0
PC476604,0
PC476674,0
PC476738,0
PC476756,0
PC476785,0
PC476786,0
PC477095,0
PC477200,0
PC477213,0
PC477326,0
PC477337,0
PC477355,0
PC477356,0
PC477380,1
PC477404,0
PC477590,0
PC477736,0
PC477841,0
PC477955,0
PC478006,0
PC478027,0
PC478175,0
PC478191,0
PC478259,0
PC478276,0
PC478306,0
PC478308,0
PC478338,0
PC478494,0
PC478655,0
PC478661,0
PC478821,0
PC478876,0
PC479023,0
PC479128,0
PC479163,0
PC479242,0
PC479340,0
PC479396,0
PC479522,1
PC479534,0
PC479540,0
PC479760,0
PC480045,0
PC480063,0
PC480089,0
PC480225,0
PC480250,0
PC480304,0
PC480316,0
PC480498,0
PC480652,0
PC480702,0
PC480722,0
PC480797,0
PC480854,0
PC480903,0
PC480947,0
PC481130,0
PC481159,0
PC481250,0
PC481546,0
PC481564,0
PC481566,1
PC481742,0
PC481807,1
PC481848,0
PC481920,0
PC481956,0
PC482116,0
PC482117,0
PC482354,0
PC482616,0
PC482668,0
PC482736,0
PC482747,0
PC482932,0
PC482947,0
PC483049,1
PC483085,0
PC483107,0
PC483250,0
PC483313,1
PC483702,0
PC483943,0
PC483981,0
PC484057,1
PC484348,0
PC484415,0
PC484448,0
PC484726,0
PC484967,0
PC485016,0
PC485038,0
PC485131,0
PC485143,0
PC485252,0
PC485310,0
PC485488,0
PC485730,0
PC485887,0
PC485896,0
PC485976,0
PC485987,0
PC485996,0
PC486212,0
PC486264,0
PC486443,0
PC486633,0
PC486671,0
PC486740,0
PC486915,0
PC486986,0
PC486993,0
PC487093,0
PC487183,0
PC487265,0
PC487276,0
PC487381,0
PC487456,0
PC487578,0
PC487701,0
PC487725,0
PC487777,0
PC488013,0
PC488074,0
PC488207,1
PC488462,0
PC488723,1
PC488847,0
PC488921,0
PC489030,0
PC489212,0
PC489222,0
PC489483,0
PC489623,0
PC489629,0
PC489755,0
PC489991,0
PC490013,0
PC490055,1
PC490079,0
PC490339,0
PC490489,0
PC490597,0
PC490676,0
PC490787,0
PC490975,0
PC490991,0
PC491075,0
PC491159,0
PC491234,0
PC491265,0
PC491373,0
PC491513,0
PC491881,0
PC491892,0
PC492015,0
PC492281,0
PC492318,0
PC492321,0
PC492328,0
PC492461,0
PC492515,0
PC492524,0
PC492592,0
PC492748,0
PC492982,0
PC493194,0
PC493292,0
PC493423,0
PC493426,0
PC493666,0
PC493895,0
PC494090,0
PC494096,0
PC494246,0
PC494326,0
PC494366,0
PC494641,0
PC494684,0
PC494691,0
PC494749,0
PC494761,1
PC494849,0
PC494910,0
PC494953,0
PC494960,0
PC495108,0
PC495165,0
PC495170,0
PC495182,0
PC495734,0
PC495867,0
PC495962,0
PC495980,0
PC496075,1
PC496137,0
PC496159,0
PC496219,0
PC496341,0
PC496475,0
PC496480,0
PC496607,0
PC496777,0
PC496791,0
PC496934,0
PC497032,0
PC497052,0
PC497083,0
PC497118,0
PC497285,0
PC497311,0
PC497501,0
PC497707,0
PC497737,1
PC498048,1
PC498216,0
PC498351,0
PC498374,0
PC498440,0
PC498640,1
PC498728,0
PC498794,0
PC499090,0
PC499252,0
PC499338,0
PC499392,0
PC499449,0
PC499514,0
PC499640,0
PC499680,0
PC499696,0
PC499821,0
PC499827,0
PC499905,0
PC499914,0
PC500024,0
PC500111,0
PC500114,0
PC500200,0
PC500207,0
PC500336,0
PC500408,0
PC500558,0
PC500773,0
PC500836,0
PC500911,0
PC500920,0
PC500957,0
PC500984,0
PC500994,0
PC501070,1
PC501124,0
PC501251,0
PC501285,0
PC501321,0
PC501326,0
PC501347,0
PC501387,0
PC501423,1
PC501521,0
PC501548,0
PC501600,0
PC501636,1
PC501684,0
PC501708,0
PC501761,0
PC501788,0
PC502012,0
PC502271,0
PC502277,0
PC502443,0
PC502583,0
PC502778,0
PC502951,0
PC503151,0
PC503535,0
PC503899,0
PC503925,0
PC504101,0
PC504113,0
PC504257,0
PC504354,0
PC504368,0
PC504412,0
PC504497,0
PC504614,0
PC504701,0
PC504703,0
PC505000,0
PC505082,0
PC505161,0
PC505286,0
PC505410,0
PC505618,0
PC505811,0
PC505999,0
PC506004,1
PC506023,0
PC506074,0
PC506284,0
PC506292,0
PC506444,1
PC506572,1
PC506674,0
PC506728,0
PC506862,0
PC507129,0
PC507202,0
PC507515,0
PC507607,0
PC507612,0
PC507787,0
PC507984,0
PC507985,0
PC508034,0
PC508216,0
PC508288,0
PC508445,0
PC508476,0
PC508742,1
PC508995,0
PC509058,0
PC509175,0
PC509496,0
PC509579,0
PC509678,0
PC509765,0
PC509849,0
PC509957,0
PC510113,0
PC510199,0
PC510326,0
PC510527,0
PC510772,0
PC511091,0
PC511106,0
PC511456,0
PC511503,0
PC511568,0
PC511619,0
PC511811,0
PC511946,0
PC512006,0
PC512103,0
PC512163,0
PC512342,0
PC512413,0
PC512511,0
PC512530,0
PC512664,0
PC512688,0
PC512728,0
PC512887,0
PC512981,0
PC513187,0
PC513355,0
PC513382,0
PC513468,0
PC513538,0
PC513858,0
PC513908,0
PC513946,0
PC514304,0
PC514336,0
PC514386,0
PC514475,0
PC514558,0
PC514595,0
PC514745,0
PC514849,0
PC514988,0
PC515056,0
PC515066,0
PC515209,0
PC515305,0
PC515681,0
PC515814,0
PC515887,0
PC515900,0
PC515923,0
PC516026,0
PC516119,0
PC516270,0
PC516302,0
PC516513,0
PC516639,0
PC516721,0
PC516767,0
PC516878,0
PC516939,0
PC516982,0
PC517103,0
PC517178,0
PC517242,0
PC517384,0
PC517480,0
PC517712,0
PC517750,0
PC518058,0
PC518176,0
PC518201,0
PC518275,1
PC518416,0
PC518587,0
PC518707,0
PC518721,0
PC518761,0
PC518878,0
PC518985,0
PC519008,0
PC519023,0
PC519069,0
PC519227,0
PC519251,0
PC519465,0
PC519596,1
PC519788,0
PC519817,0
PC519935,0
PC519992,0
PC520031,0
PC520101,0
PC520107,0
PC520161,1
PC520274,0
PC520320,0
PC520340,0
PC520364,0
PC520377,0
PC520399,0
PC520532,0
PC520738,0
PC520762,0
PC520912,0
PC520934,0
PC520970,0
PC521137,0
PC521172,1
PC521187,0
PC521306,0
PC521411,0
PC521733,0
PC521770,0
PC521783,0
PC521914,1
PC521938,0
PC522038,0
PC522050,0
PC522098,1
PC522153,0
PC522233,0
PC522342,1
PC522410,1
PC522520,0
PC522547,0
PC522615,0
PC522735,1
PC522803,0
PC522853,1
PC522907,0
PC523025,1
PC523068,0
PC523088,1
PC523436,1
PC523561,0
PC523609,0
PC523645,0
PC523696,1
PC523846,0
PC523889,0
PC524454,0
PC524468,0
PC524524,1
PC524529,0
PC524625,1
PC524996,0
PC525059,0
PC525166,1
PC525171,0
PC525306,0
PC525313,0
PC525358,1
PC525529,1
PC525556,0
PC525619,0
PC525749,0
PC525928,1
PC525946,0
PC526066,1
PC526088,0
PC526100,0
PC526348,0
PC526401,0
PC526451,0
PC526532,0
PC526688,0
PC526784,0
PC527042,0
PC527070,1
PC527126,0
PC527183,0
PC527416,0
PC527691,0
PC527726,0
PC527735,0
PC527768,0
PC527989,0
PC528051,0
PC528070,0
PC528072,1
PC528110,0
PC528120,0
PC528260,0
PC528320,0
PC528357,0
PC528451,0
PC528483,0
PC528680,0
PC528691,0
PC528837,0
PC528911,0
PC528929,0
PC529092,0
PC529139,0
PC529208,0
PC529370,0
PC529382,0
PC529443,1
PC529452,0
PC529457,0
PC529563,0
PC529821,0
PC530008,0
PC530037,0
PC530158,0
PC530299,0
PC530401,0
PC530402,0
PC530429,0
PC530430,0
PC530666,0
PC530709,0
PC530758,1
PC530769,0
PC530962,0
PC530993,0
PC531052,0
PC531057,0
PC531090,0
PC531095,0
PC531165,0
PC531281,1
PC531402,0
PC531506,0
PC531659,0
PC531674,0
PC531698,0
PC531700,0
PC531846,0
PC531891,0
PC531901,0
PC531922,0
PC531931,0
PC532085,1
PC532103,0
PC532145,0
PC532192,0
PC532348,0
PC532492,0
PC532506,0
PC532600,0
PC533218,0
PC533730,0
PC533773,0
PC533792,0
PC533839,0
PC533870,0
PC533929,0
PC534314,0
PC534403,0
PC534416,0
PC534454,0
PC534620,0
PC534635,0
PC534845,0
PC534858,0
PC534927,0
PC534961,0
PC534962,0
PC535090,0
PC535229,0
PC535235,0
PC535307,0
PC535405,0
PC535420,0
PC535445,0
PC535509,1
PC535628,0
PC535633,0
PC535818,0
PC535988,0
PC536204,0
PC536302,0
PC536363,0
PC536372,0
PC536434,0
PC536457,0
PC536522,0
PC536700,0
PC536868,0
PC536895,0
PC536932,0
PC537091,0
PC537123,0
PC537132,0
PC537253,0
PC537423,0
PC537503,1
PC537693,0
PC537754,0
PC537930,0
PC538209,0
PC538291,0
PC538368,0
PC538551,0
PC538862,0
PC538896,1
PC538928,0
PC538954,0
PC538985,0
PC538993,0
PC539096,0
PC539148,0
PC539271,0
PC539632,0
PC539654,0
PC539700,0
PC540004,0
PC540020,0
PC540078,0
PC540127,0
PC540183,1
PC540317,0
PC540344,0
PC540408,0
PC540440,0
PC540831,0
PC540900,0
PC541105,0
PC541194,0
PC541211,0
PC541281,0
PC541645,0
PC541664,0
PC541671,0
PC541707,0
PC541816,0
PC541874,0
PC542303,0
PC542319,0
PC542395,0
PC542400,0
PC542457,0
PC542482,0
PC542505,0
PC542618,0
PC542630,0
PC542654,0
PC542769,0
PC542830,0
PC542933,0
PC543220,0
PC543476,0
PC543673,0
PC543797,0
PC543974,0
PC544361,0
PC544415,0
PC544443,0
PC544554,1
PC544562,0
PC544605,0
PC544717,0
PC544754,0
PC544760,0
PC545037,0
PC545174,0
PC545362,0
PC545368,1
PC545546,0
PC545661,0
PC545696,0
PC545817,0
PC545862,0
PC545937,0
PC546086,0
PC546153,0
PC546203,0
PC546307,0
PC546345,0
PC546510,0
PC546586,0
PC546622,0
PC546698,1
PC546847,0
PC546919,0
PC546982,1
PC547005,0
PC547015,0
PC547024,0
PC547121,0
PC547196,0
PC547399,0
PC547441,0
PC547456,0
PC547520,0
PC547673,0
PC547700,0
PC548038,0
PC548173,0
PC548230,0
PC548409,0
PC548422,0
PC548495,0
PC548618,0
PC548889,0
PC548909,0
PC548950,1
PC548955,0
PC549071,0
PC549264,0
PC549349,1
PC549611,0
PC549632,0
PC549649,0
PC549778,0
PC550110,0
PC550156,0
PC550318,0
PC550481,0
PC550569,0
PC550667,0
PC550855,0
PC551089,0
PC551132,0
PC551193,0
PC551204,0
PC551257,0
PC551292,0
PC551385,1
PC551500,0
PC551521,0
PC551635,0
PC551708,0
PC551996,0
PC552045,1
PC552117,0
PC552187,0
PC552420,1
PC552466,0
PC552508,0
PC552510,0
PC552729,0
PC552797,0
PC552907,0
PC552958,1
PC553101,0
PC553127,1
PC553152,0
PC553216,0
PC553452,0
PC553578,0
PC553598,0
PC553608,0
PC553668,0
PC553744,0
PC553757,0
PC553800,0
PC553896,0
PC553903,0
PC553915,0
PC554007,0
PC554010,0
PC554095,0
PC554199,0
PC554326,0
PC554374,0
PC554470,0
PC554614,0
PC554812,0
PC554900,0
PC554983,0
PC555085,0
PC555098,0
PC555198,1
PC555253,0
PC555314,0
PC555380,0
PC555595,0
PC555628,0
PC555670,0
PC555715,0
PC556027,0
PC556168,0
PC556230,0
PC556581,0
PC556583,0
PC556590,0
PC556605,0
PC556632,0
PC556832,1
PC556848,0
PC556849,0
PC556867,0
PC557016,0
PC557056,0
PC557145,0
PC557218,0
PC557234,0
PC557340,0
PC557363,0
PC557434,0
PC557439,0
PC557479,0
PC557486,0
PC557533,0
PC557626,0
PC557628,0
PC557689,0
PC557789,0
PC557882,0
PC557949,0
PC557962,0
PC558044,1
PC558086,0
PC558130,0
PC558481,0
PC558493,0
PC559004,0
PC559115,0
PC559135,0
PC559181,0
PC559204,0
PC559221,0
PC559282,0
PC559533,0
PC559642,0
PC560165,1
PC560172,0
PC560230,0
PC560407,0
PC560476,0
PC560482,1
PC560489,0
PC560569,0
PC560817,0
PC560823,0
PC560871,0
PC560873,1
PC560891,0
PC560963,0
PC560986,0
PC561041,0
PC561380,0
PC561708,0
PC561837,0
PC561996,0
PC562112,0
PC562113,0
PC562134,0
PC562219,0
PC562287,0
PC562340,0
PC562536,0
PC562586,1
PC562616,0
PC562856,0
PC562904,0
PC563015,0
PC563057,0
PC563345,0
PC563361,0
PC563373,0
PC563948,1
PC564159,0
PC564186,0
PC564281,0
PC564557,0
PC564577,1
PC564799,0
PC564930,0
PC565138,0
PC565232,0
PC565239,0
PC565344,0
PC565393,0
PC565527,0
PC565549,1
PC565836,0
PC565917,0
PC566096,0
PC566135,0
PC566156,0
PC566263,0
PC566312,0
PC566350,1
PC566382,0
PC566384,0
PC566473,0
PC566474,0
PC566555,0
PC566874,0
PC566881,0
PC567159,0
PC567212,1
PC567221,1
PC567398,1
PC567411,0
PC567421,0
PC567468,1
PC567495,0
PC567675,0
PC567676,0
PC567742,0
PC568007,0
PC568213,0
PC568224,0
PC568412,0
PC568448,0
PC568655,0
PC568677,1
PC568691,0
PC568703,0
PC568718,0
PC568763,0
PC568841,0
PC569055,0
PC569228,0
PC569278,0
PC569359,1
PC569455,0
PC569538,0
PC569587,0
PC569730,0
PC569878,0
PC569990,0
PC570025,0
PC570139,0
PC570308,0
PC570411,0
PC570507,0
PC570552,0
PC570662,0
PC570803,1
PC570814,0
PC570816,0
PC570833,0
PC570881,0
PC571047,0
PC571104,0
PC571110,0
PC571159,0
PC571513,0
PC571553,0
PC571680,0
PC572125,0
PC572265,1
PC572357,0
PC572426,0
PC572568,0
PC572579,1
PC572686,0
PC572825,0
PC572970,0
PC572995,0
PC573009,0
PC573134,0
PC573140,0
PC573149,0
PC573229,0
PC573402,0
PC573432,0
PC573500,0
PC573595,0
PC573806,0
PC573884,0
PC574094,0
PC574142,1
PC574208,0
PC574287,0
PC574388,1
PC574391,0
PC574648,0
PC574684,0
PC574759,0
PC574782,0
PC574801,0
PC574851,0
PC575026,0
PC575156,0
PC575219,0
PC575272,0
PC575282,0
PC575446,1
PC575561,0
PC575566,0
PC575628,0
PC575748,0
PC575749,1
PC575769,0
PC575770,0
PC575877,1
PC575938,1
PC575975,0
PC576000,0
PC576044,0
PC576068,0
PC576547,0
PC576597,0
PC576607,0
PC576667,0
PC576675,0
PC577270,0
PC577645,0
PC577893,0
PC578031,0
PC578144,0
PC578364,0
PC578539,1
PC578849,1
PC579004,0
PC579047,0
PC579090,1
PC579451,0
PC579484,0
PC579586,0
PC579611,0
PC579655,0
PC579744,0
PC579850,0
PC579873,0
PC579923,0
PC579968,1
PC579999,0
PC580057,0
PC580453,0
PC580480,0
PC580749,0
PC580790,0
PC580804,0
PC580846,0
PC580875,1
PC580995,0
PC581087,1
PC581112,0
PC581276,0
PC581407,0
PC581496,0
PC581658,0
PC581817,0
PC581818,0
PC581951,0
PC582058,0
PC582103,0
PC582356,0
PC582371,0
PC582426,0
PC582668,0
PC582706,0
PC582863,0
PC582946,1
PC583130,0
PC583227,0
PC583332,0
PC583486,0
PC583670,0
PC584053,0
PC584106,0
PC584344,0
PC584388,0
PC584416,0
PC584563,0
PC584777,0
PC584877,0
PC585020,0
PC585062,1
PC585150,0
PC585330,0
PC585371,0
PC585393,0
PC585460,0
PC585533,0
PC585744,0
PC585802,0
PC585921,0
PC585946,0
PC585968,0
PC585978,0
PC586061,0
PC586424,0
PC586432,1
PC586487,0
PC586491,0
PC586763,0
PC586813,0
PC586855,0
PC586882,0
PC587099,0
PC587100,0
PC587147,0
PC587523,1
PC587560,0
PC587590,0
PC587675,0
PC587720,0
PC587906,0
PC588007,0
PC588055,0
PC588103,0
PC588168,1
PC588213,0
PC588222,1
PC588256,0
PC588343,0
PC588458,0
PC588544,0
PC588570,1
PC588583,0
PC588764,0
PC588855,0
PC588907,0
PC588942,0
PC589011,0
PC589055,0
PC589144,0
PC589306,1
PC589672,0
PC589689,0
PC589819,0
PC589981,0
PC590029,0
PC590153,0
PC590225,0
PC590499,1
PC590795,0
PC590890,0
PC591035,0
PC591151,0
PC591195,0
PC591259,0
PC591356,0
PC591558,0
PC591573,0
PC591705,0
PC591708,1
PC591714,0
PC591865,0
PC591878,0
PC592013,0
PC592062,0
PC592165,0
PC592380,0
PC592599,0
PC592731,0
PC592755,0
PC592914,1
PC593382,0
PC593480,1
PC593656,0
PC593687,0
PC593734,0
PC593790,0
PC593969,0
PC594114,0
PC594134,0
PC594190,0
PC594259,0
PC594265,0
PC594297,0
PC594336,0
PC594448,0
PC594561,0
PC594579,0
PC594609,0
PC594623,0
PC594822,0
PC594932,0
PC595001,0
PC595149,0
PC595160,0
PC595460,0
PC595544,0
PC595891,0
PC595913,0
PC596255,1
PC596341,0
PC596461,0
PC596737,1
PC596738,0
PC596804,0
PC596854,0
PC597036,0
PC597069,0
PC597148,0
PC597350,0
PC597354,0
PC597517,0
PC597669,0
PC597672,0
PC597871,0
PC597923,0
PC598011,0
PC598029,0
PC598069,0
PC598299,0
PC598439,1
PC598504,0
PC598516,0
PC598811,0
PC598982,0
PC599051,0
PC599080,0
PC599343,0
PC599612,0
PC599617,0
PC599913,1
PC600132,0
PC600436,0
PC600496,0
PC600531,0
PC600557,0
PC600792,0
PC600842,0
PC600845,0
PC600857,0
PC600895,0
PC601247,1
PC601327,0
PC601357,0
PC601376,0
PC601441,1
PC601457,0
PC601682,0
PC601736,0
PC601784,0
PC601848,0
PC601973,0
PC602136,0
PC602199,0
PC602462,0
PC602465,0
PC602583,0
PC602770,0
PC602805,0
PC602886,0
PC602931,0
PC602952,0
PC603018,0
PC603031,0
PC603067,1
PC603102,0
PC603121,1
PC603187,0
PC603298,1
PC603343,0
PC603404,0
PC603514,0
PC603962,0
PC603968,0
PC604157,0
PC604405,0
PC604458,0
PC605027,0
PC605134,0
PC605179,0
PC605235,0
PC605346,0
PC605387,0
PC605444,0
PC605467,0
PC605507,0
PC605509,0
PC605526,0
PC605577,0
PC605708,0
PC605731,1
PC605739,0
PC605810,0
PC605946,0
PC606008,0
PC606083,0
PC606091,0
PC606306,0
PC606396,0
PC606440,0
PC606519,0
PC606618,0
PC606757,0
PC606899,1
PC606909,0
PC606975,0
PC607029,0
PC607141,0
PC607188,0
PC607240,0
PC607356,0
PC607368,1
PC607571,0
PC607651,0
PC607727,0
PC607757,0
PC608037,0
PC608175,1
PC608356,0
PC608435,0
PC608454,1
PC608569,0
PC608656,0
PC608683,0
PC608739,0
PC608774,0
PC608945,0
PC609107,0
PC609288,0
PC609357,0
PC609365,0
PC609384,0
PC609479,0
PC609646,0
PC609762,0
PC609796,0
PC609800,1
PC609872,0
PC609979,0
PC609996,0
PC610036,0
PC610092,0
PC610283,0
PC610288,0
PC610393,0
PC610397,0
PC610446,0
PC610476,0
PC610793,0
PC610862,0
PC611236,0
PC611267,0
PC611376,0
PC611473,0
PC611518,0
PC611656,0
PC611691,0
PC611709,0
PC611784,0
PC611886,0
PC611913,0
PC611930,0
PC611985,0
PC612023,0
PC612073,0
PC612163,0
PC612195,0
PC612273,0
PC612355,0
PC612492,0
PC612531,0
PC612625,0
PC612694,0
PC612741,0
PC612865,0
PC612956,0
PC612977,0
PC613051,1
PC613260,0
PC613299,0
PC613303,0
PC613558,0
PC613714,0
PC613872,0
PC613902,1
PC614006,1
PC614336,0
PC614437,0
PC614456,0
PC614489,0
PC614598,0
PC614736,0
PC614934,0
PC614970,0
PC615035,0
PC615259,0
PC615348,1
PC615436,0
PC615469,0
PC615994,0
PC616172,0
PC616285,0
PC616509,0
PC616535,0
PC616646,0
PC616672,0
PC616700,0
PC616878,0
PC616912,0
PC616927,0
PC617046,1
PC617053,0
PC617081,0
PC617286,0
PC617321,0
PC617345,0
PC617420,0
PC617450,0
PC617468,0
PC617471,0
PC617559,0
PC617564,0
PC617594,0
PC617636,0
PC617671,0
PC617728,1
PC617739,0
PC617907,0
PC618090,0
PC618138,0
PC618406,0
PC618457,0
PC618891,0
PC618965,0
PC619196,0
PC619197,0
PC619403,0
PC619598,0
PC619734,0
PC619803,0
PC620000,0
PC620131,0
PC620261,0
PC620323,0
PC620447,0
PC620465,1
PC620834,0
PC621184,1
PC621191,0
PC621215,0
PC621270,0
PC621395,0
PC621535,0
PC621653,0
PC621680,0
PC621743,0
PC621903,0
PC621933,1
PC621994,0
PC622109,0
PC622277,0
PC622313,0
PC622399,0
PC622443,0
PC622451,0
PC622493,0
PC622564,0
PC622613,0
PC622854,0
PC622980,0
PC623302,1
PC623321,0
PC623592,0
PC623668,0
PC623694,0
PC623817,0
PC623832,0
PC623841,0
PC623861,1
PC623953,0
PC623969,0
PC624022,0
PC624068,0
PC624218,0
PC624269,0
PC624270,0
PC624317,1
PC624598,0
PC624779,0
PC624887,0
PC625229,0
PC625264,0
PC625272,0
PC625386,1
PC625478,0
PC625559,0
PC625709,0
PC625779,0
PC625922,0
PC625977,0
PC626429,0
PC626565,0
PC626575,1
PC626974,0
PC627014,0
PC627119,0
PC627263,0
PC627303,0
PC627351,0
PC627355,1
PC627454,0
PC627573,0
PC627624,0
PC627652,0
PC627664,0
PC627668,1
PC627810,0
PC627952,0
PC627963,0
PC628111,0
PC628214,0
PC628346,0
PC628348,0
PC628427,0
PC628441,0
PC628529,0
PC628568,0
PC628784,0
PC628928,0
PC628934,0
PC629030,0
PC629077,0
PC629129,0
PC629142,0
PC629307,0
PC629409,0
PC629589,0
PC629789,0
PC629925,0
PC629944,0
PC629957,0
PC629968,0
PC630032,0
PC630076,0
PC630115,0
PC630159,0
PC630165,0
PC630308,0
PC630368,0
PC630372,0
PC630467,1
PC630474,0
PC630544,1
PC630584,0
PC630623,0
PC630903,0
PC630962,0
PC631095,0
PC631126,0
PC631148,0
PC631636,0
PC631772,0
PC631789,0
PC631857,0
PC631907,0
PC631968,0
PC632010,0
PC632105,0
PC632260,0
PC632266,0
PC632308,0
PC632333,0
PC632375,0
PC632398,0
PC632560,0
PC632584,0
PC632657,0
PC632772,0
PC632832,0
PC632848,0
PC632911,1
PC632935,0
PC633090,0
PC633413,1
PC633522,0
PC633530,0
PC633557,0
PC633593,0
PC633638,0
PC633670,0
PC633717,0
PC633910,0
PC633918,0
PC633922,0
PC634068,0
PC634236,0
PC634250,0
PC634305,0
PC634308,0
PC634482,0
PC634761,0
PC634835,0
PC635004,0
PC635015,0
PC635101,0
PC635218,0
PC635290,0
PC635299,0
PC635322,0
PC635523,0
PC635652,0
PC635661,0
PC635944,0
PC635981,0
PC636064,0
PC636195,0
PC636538,0
PC636547,0
PC636698,0
PC636770,0
PC636794,0
PC636802,0
PC636964,0
PC637045,0
PC637207,0
PC637265,0
PC637266,0
PC637379,0
PC637405,0
PC637552,0
PC637577,1
PC638036,0
PC638062,0
PC638079,0
PC638112,0
PC638262,0
PC638487,0
PC638534,0
PC638698,0
PC638721,0
PC638737,0
PC638738,1
PC638759,0
PC638789,0
PC639156,0
PC639173,0
PC639459,1
PC639497,0
PC639546,0
PC639643,0
PC639757,0
PC639824,0
PC639887,1
PC639918,0
PC640129,0
PC640138,0
PC640191,1
PC640409,1
PC640434,0
PC640441,0
PC640467,0
PC640527,0
PC640528,0
PC640544,0
PC640572,0
PC640610,0
PC640611,1
PC640711,0
PC640765,0
PC640855,0
PC641011,0
PC641043,0
PC641121,0
PC641128,0
PC641213,0
PC641396,0
PC641407,0
PC641409,0
PC641423,0
PC641620,0
PC641748,1
PC641776,0
PC641865,0
PC641879,0
PC641974,0
PC642094,0
PC642095,0
PC642155,0
PC642349,1
PC642385,0
PC642422,1
PC642598,0
PC642889,0
PC643143,1
PC643288,0
PC643402,0
PC643778,0
PC643828,0
PC643830,0
PC644053,0
PC644074,0
PC644391,0
PC644414,0
PC644524,0
PC644547,0
PC644596,0
PC644740,0
PC644794,0
PC644872,0
PC645027,0
PC645074,0
PC645124,0
PC645143,0
PC645279,0
PC645374,0
PC645568,0
PC645658,0
PC645691,0
PC645824,0
PC645900,0
PC645929,0
PC646043,1
PC646086,0
PC646159,0
PC646196,0
PC646346,0
PC646491,0
PC646590,0
PC646811,0
PC646821,0
PC646891,1
PC647450,0
PC647478,0
PC647507,0
PC647692,0
PC647733,0
PC647747,0
PC647986,0
PC648086,0
PC648662,1
PC648801,0
PC649078,0
PC649144,0
PC649177,0
PC649318,0
PC649505,0
PC649543,0
PC649611,1
PC649626,1
PC649846,0
PC649902,0
PC649924,0
PC649936,0
PC650086,0
PC650226,0
PC650245,0
PC650364,0
PC650461,0
PC650513,0
PC650936,0
PC650951,0
PC651205,0
PC651230,0
PC651458,0
PC651504,0
PC651578,0
PC651596,0
PC651642,0
PC651810,0
PC651965,0
PC651969,1
PC652145,0
PC652315,0
PC652546,0
PC652674,0
PC652690,0
PC652740,1
PC652825,0
PC652949,0
PC653107,0
PC653173,0
PC653601,0
PC653874,0
PC653977,0
PC654055,0
PC654255,0
PC654346,1
PC654386,0
PC654526,0
PC654753,0
PC654766,0
PC654775,0
PC654891,0
PC655134,0
PC655172,0
PC655234,0
PC655236,0
PC655315,0
PC655623,1
PC655654,0
PC655659,0
PC655717,0
PC655773,1
PC655855,0
PC655977,0
PC656151,0
PC656169,0
PC656177,0
PC656198,1
PC656261,0
PC656273,0
PC656296,0
PC656341,0
PC656440,0
PC656520,0
PC656843,1
PC657125,0
PC657131,0
PC657214,0
PC657221,0
PC657240,0
PC657319,0
PC657356,0
PC657363,0
PC657369,0
PC657378,0
PC657578,0
PC657755,0
PC657758,0
PC657809,0
PC657935,1
PC658185,0
PC658466,0
PC658532,0
PC658871,0
PC659054,0
PC659056,0
PC659307,0
PC659421,0
PC659489,0
PC659593,0
PC659615,1
PC659712,0
PC659841,0
PC659845,0
PC659939,0
PC660094,0
PC660103,0
PC660139,0
PC660423,0
PC660503,1
PC660515,0
PC660570,0
PC660572,0
PC660638,0
PC660740,0
PC660807,0
PC660898,0
PC661050,0
PC661069,0
PC661116,0
PC661424,0
PC661425,0
PC661549,0
PC661675,0
PC661780,0
PC661783,0
PC661898,0
PC662003,0
PC662109,0
PC662241,0
PC662253,0
PC662385,0
PC662396,0
PC662434,0
PC662473,0
PC662780,0
PC662799,0
PC662803,0
PC662812,0
PC662848,0
PC662882,0
PC663172,0
PC663217,0
PC663294,0
PC663431,0
PC663443,1
PC663524,0
PC663567,0
PC663571,0
PC663576,0
PC663976,0
PC664038,0
PC664073,0
PC664113,0
PC664118,0
PC664133,0
PC664154,0
PC664535,0
PC664718,0
PC664722,0
PC664858,0
PC664890,0
PC664914,0
PC664918,0
PC664919,0
PC664932,0
PC665091,0
PC665207,0
PC665595,0
PC665627,0
PC665702,0
PC665753,0
PC665788,0
PC665844,0
PC665873,0
PC665989,0
PC666118,0
PC666349,1
PC666394,0
PC666532,0
PC666549,0
PC666628,0
PC666684,0
PC666748,0
PC667103,0
PC667249,0
PC667269,0
PC667293,1
PC667715,0
PC667721,1
PC667877,0
PC667938,0
PC668124,1
PC668188,1
PC668443,0
PC668451,0
PC668489,0
PC668547,0
PC668570,0
PC668641,0
PC668697,1
PC668700,0
PC668799,0
PC668902,0
PC669081,0
PC669225,0
PC669377,0
PC669436,0
PC669638,0
PC669678,0
PC669864,0
PC669917,0
PC670034,0
PC670056,0
PC670159,0
PC670198,0
PC670199,0
PC670237,0
PC670520,0
PC670619,0
PC670813,0
PC671267,0
PC671269,0
PC671270,1
PC671344,0
PC671857,0
PC671917,0
PC671953,0
PC672011,0
PC672139,0
PC672245,0
PC672265,0
PC672270,0
PC672421,0
PC672445,0
PC672518,0
PC672781,0
PC672784,0
PC672868,0
PC672897,0
PC673018,0
PC673034,0
PC673292,0
PC673302,0
PC673331,0
PC673332,0
PC673334,0
PC673357,0
PC673440,0
PC673508,0
PC673664,0
PC673913,1
PC673927,0
PC673951,0
PC674091,0
PC674223,0
PC674251,0
PC674311,0
PC674313,0
PC674415,0
PC674556,0
PC674807,0
PC674828,0
PC674836,0
PC675066,0
PC675171,0
PC675307,1
PC675395,0
PC675557,1
PC675609,0
PC675716,0
PC675718,0
PC675913,0
PC676202,0
PC676415,0
PC676430,0
PC676658,0
PC676674,0
PC676734,0
PC676794,0
PC676827,0
PC677053,0
PC677390,0
PC677588,0
PC677607,0
PC677719,0
PC677739,0
PC677758,0
PC677900,1
PC677907,0
PC678191,0
PC678402,0
PC678450,0
PC678568,0
PC678575,0
PC678586,0
PC678635,0
PC678763,0
PC678767,1
PC678809,0
PC678896,0
PC678950,0
PC679198,0
PC679208,0
PC679219,0
PC679266,0
PC679287,0
PC679383,0
PC679477,0
PC679569,0
PC679587,0
PC679716,0
PC679881,0
PC679921,1
PC679968,1
PC679996,0
PC680279,0
PC680376,0
PC680467,0
PC680620,0
PC680686,0
PC680782,0
PC680795,1
PC680882,0
PC681170,0
PC681406,1
PC681409,0
PC681512,0
PC681547,0
PC681640,0
PC681814,0
PC681942,0
PC681972,0
PC682132,0
PC682172,0
PC682212,0
PC682230,0
PC682295,0
PC682307,0
PC682365,0
PC682417,0
PC682435,0
PC682487,0
PC682499,0
PC682549,0
PC682561,1
PC682720,0
PC682867,0
PC683070,0
PC683138,0
PC683186,0
PC683193,0
PC683282,0
PC683290,0
PC683300,0
PC683332,0
PC683379,0
PC683409,1
PC683508,0
PC683578,0
PC683597,0
PC683627,0
PC683846,0
PC683940,0
PC684203,0
PC684447,0
PC684473,0
PC684572,0
PC684606,0
PC684791,0
PC684859,1
PC684871,0
PC684878,0
PC684955,0
PC685127,0
PC685162,0
PC685216,0
PC685222,0
PC685250,0
PC685347,0
PC685382,0
PC685471,0
PC685478,0
PC685522,0
PC685619,0
PC685821,0
PC685903,0
PC686049,0
PC686182,0
PC686252,0
PC686269,0
PC686384,0
PC686486,0
PC686514,0
PC686541,1
PC686586,0
PC686607,0
PC686647,0
PC686701,0
PC686920,0
PC686963,0
PC686987,0
PC687106,0
PC687353,0
PC687423,0
PC687472,0
PC687489,0
PC687526,0
PC687676,0
PC687955,0
PC688027,0
PC688155,0
PC688252,1
PC688537,0
PC688541,1
PC688859,0
PC688893,0
PC688975,0
PC689066,0
PC689094,0
PC689187,0
PC689374,0
PC689407,0
PC689422,0
PC689695,0
PC689698,0
PC689713,0
PC689737,0
PC689862,0
PC689993,0
PC690006,0
PC690060,0
PC690117,0
PC690132,0
PC690183,0
PC690198,0
PC690208,0
PC690289,0
PC690291,1
PC690341,0
PC690347,0
PC690411,0
PC690444,0
PC690455,0
PC690497,0
PC690599,1
PC690870,0
PC690900,0
PC690931,0
PC691003,0
PC691444,0
PC691581,0
PC691640,0
PC692111,0
PC692160,0
PC692173,0
PC692223,1
PC692318,0
PC692397,0
PC692461,0
PC692475,0
PC692693,0
PC692778,0
PC692819,0
PC692914,0
PC692953,0
PC693057,0
PC693838,0
PC693860,1
PC693882,0
PC693989,0
PC694034,0
PC694221,0
PC694335,0
PC694412,0
PC694414,0
PC694416,0
PC694621,0
PC694880,0
PC694905,0
PC695036,0
PC695056,0
PC695079,0
PC695093,0
PC695230,0
PC695298,0
PC695351,0
PC695391,0
PC695598,0
PC695670,0
PC695804,0
PC695845,0
PC695915,0
PC695918,0
PC696050,0
PC696176,0
PC696200,0
PC696232,0
PC696233,0
PC696261,0
PC696344,0
PC696485,0
PC696498,0
PC696507,0
PC696520,0
PC696546,0
PC696627,0
PC696832,0
PC696899,0
PC697298,0
PC697472,0
PC697517,0
PC697567,0
PC697770,0
PC697861,0
PC697922,0
PC698071,0
PC698164,0
PC698188,0
PC698250,0
PC698309,1
PC698360,0
PC698449,0
PC698473,0
PC698511,0
PC698558,0
PC698581,0
PC698663,0
PC698787,0
PC698938,0
PC699031,0
PC699064,0
PC699096,0
PC699109,0
PC699213,0
PC699288,1
PC699412,0
PC699439,0
PC699538,1
PC699551,0
PC699768,0
PC699981,0
PC700092,0
PC700131,0
PC700288,0
PC700601,1
PC700647,0
PC700725,0
PC700795,0
PC700894,0
PC700968,0
PC701044,0
PC701081,1
PC701255,0
PC701564,0
PC702095,0
PC702158,0
PC702195,0
PC702212,0
PC702282,0
PC702306,0
PC702495,0
PC702592,0
PC702680,0
PC703131,0
PC703181,0
PC703406,0
PC703443,0
PC703502,0
PC703595,0
PC703596,0
PC703942,1
PC703983,0
PC704015,0
PC704143,0
PC704187,0
PC704200,0
PC704207,0
PC704247,0
PC704266,0
PC704346,0
PC704551,0
PC704567,0
PC704687,0
PC704715,0
PC704830,0
PC705186,0
PC705204,0
PC705333,0
PC705385,0
PC705397,0
PC705420,0
PC705474,0
PC705475,0
PC705607,0
PC705621,0
PC705631,0
PC705672,0
PC705701,0
PC705739,0
PC705780,0
PC705783,0
PC705806,0
PC705953,0
PC706098,0
PC706118,0
PC706144,0
PC706149,0
PC706260,0
PC706261,1
PC706264,0
PC706346,0
PC706378,0
PC706397,0
PC706406,1
PC706494,0
PC706567,0
PC706696,0
PC706831,0
PC706974,0
PC707029,0
PC707148,0
PC707199,0
PC707446,0
PC707604,0
PC707719,0
PC707857,0
PC708000,0
PC708042,0
PC708104,0
PC708115,0
PC708186,0
PC708197,0
PC708254,0
PC708267,0
PC708387,0
PC708433,0
PC708565,0
PC708626,0
PC708701,0
PC708741,0
PC708923,0
PC708940,0
PC708941,1
PC708955,0
PC709190,0
PC709193,0
PC709203,0
PC709226,0
PC709233,1
PC709377,0
PC709416,0
PC709435,0
PC709448,0
PC709494,0
PC709536,0
PC709588,0
PC709605,0
PC709625,0
PC709740,0
PC709913,1
PC709921,0
PC709977,0
PC710012,0
PC710254,0
PC710386,0
PC710429,0
PC710620,0
PC710652,1
PC710860,0
PC710876,0
PC711030,0
PC711147,0
PC711247,1
PC711294,0
PC711360,0
PC711538,0
PC711889,0
PC711908,0
PC712058,0
PC712066,0
PC712070,1
PC712116,0
PC712130,0
PC712179,0
PC712236,0
PC712339,0
PC712467,0
PC712664,0
PC712749,1
PC712830,0
PC712922,0
PC713135,0
PC713303,0
PC713520,1
PC713655,0
PC713860,0
PC713900,0
PC713910,0
PC713934,0
PC713942,0
PC714174,0
PC714180,0
PC714384,0
PC714431,0
PC714436,0
PC714543,0
PC714579,0
PC714614,0
PC714633,0
PC714715,0
PC714777,0
PC714921,0
PC714940,0
PC714973,0
PC714995,0
PC715072,0
PC715142,0
PC715328,0
PC715514,1
PC715520,0
PC715767,0
PC715787,0
PC715938,0
PC715957,0
PC716023,0
PC716084,0
PC716539,0
PC716583,0
PC716799,1
PC717091,0
PC717156,0
PC717312,0
PC717493,0
PC717566,0
PC717589,0
PC718015,0
PC718018,0
PC718067,0
PC718286,0
PC718310,0
PC718591,0
PC718681,0
PC718727,0
PC718737,0
PC718918,0
PC718996,0
PC719117,1
PC719122,0
PC719444,0
PC719484,1
PC719530,0
PC719631,0
PC719664,0
PC719738,1
PC719791,0
PC719884,0
PC719890,0
PC719899,0
PC720001,1
PC720110,0
PC720318,0
PC720477,0
PC720668,0
PC721031,0
PC721444,0
PC721547,0
PC721591,0
PC721694,1
PC721836,0
PC721908,1
PC721922,0
PC722162,0
PC722242,0
PC722258,0
PC722460,1
PC722474,0
PC722490,0
PC722562,1
PC722594,0
PC722824,0
PC722837,0
PC722964,0
PC723183,0
PC723190,0
PC723249,0
PC723271,0
PC723369,0
PC723536,0
PC723607,0
PC723839,0
PC723869,1
PC723982,0
PC724028,0
PC724071,0
PC724072,1
PC724143,0
PC724168,0
PC724202,0
PC724217,0
PC724365,1
PC724372,1
PC724480,0
PC724561,0
PC724613,0
PC724795,0
PC724806,0
PC724816,0
PC724888,0
PC724924,0
PC724936,0
PC725038,0
PC725079,0
PC725150,0
PC725246,0
PC725307,0
PC725323,0
PC725395,0
PC725519,1
PC725586,1
PC725728,0
PC725840,0
PC726147,0
PC726292,0
PC726299,0
PC726340,0
PC726362,0
PC726422,0
PC726486,0
PC726797,0
PC727227,0
PC727235,0
PC727299,1
PC727357,0
PC727464,0
PC727606,1
PC727708,0
PC727737,0
PC727867,0
PC728080,0
PC728254,0
PC728530,0
PC728866,0
PC728942,0
PC729020,0
PC729044,0
PC729198,0
PC729429,1
PC729788,0
PC729979,0
PC730002,0
PC730140,1
PC730191,0
PC730323,0
PC730433,0
PC730541,0
PC730608,0
PC730715,0
PC730719,0
PC730730,0
PC730930,0
PC730944,1
PC730945,0
PC731071,0
PC731220,0
PC731242,0
PC731284,0
PC731368,0
PC731402,0
PC731497,0
PC731572,0
PC731713,0
PC731802,0
PC731838,0
PC731916,0
PC731930,1
PC732070,0
PC732083,1
PC732144,0
PC732160,0
PC732345,0
PC732424,0
PC732826,0
PC733202,0
PC733214,0
PC733592,0
PC733741,0
PC733760,0
PC733794,0
PC733818,0
PC733889,1
PC733891,0
PC733892,0
PC733924,0
PC734149,0
PC734242,0
PC734302,0
PC734393,0
PC734489,0
PC734528,0
PC734635,0
PC734807,1
PC735223,0
PC735280,0
PC735306,0
PC735516,0
PC735725,0
PC735808,0
PC735934,0
PC735965,0
PC736026,1
PC736107,0
PC736351,0
PC736456,0
PC736495,0
PC736560,0
PC736586,0
PC736610,1
PC736726,1
PC736886,0
PC736927,0
PC737078,0
PC737112,0
PC737293,0
PC737513,0
PC737792,1
PC737813,0
PC737885,0
PC738027,0
PC738030,0
PC738080,0
PC738259,0
PC738355,0
PC738445,0
PC738467,0
PC738649,0
PC738763,0
PC738858,1
PC738946,0
PC739045,0
PC739140,1
PC739150,0
PC739257,0
PC739299,0
PC739537,0
PC739581,0
PC739834,0
PC739988,0
PC740024,0
PC740062,0
PC740344,0
PC740357,0
PC740647,1
PC740725,0
PC741006,0
PC741349,0
PC741473,0
PC741532,0
PC741635,0
PC741688,0
PC741696,0
PC741744,0
PC741943,0
PC742101,0
PC742112,0
PC742313,0
PC742511,0
PC742512,0
PC742720,0
PC742838,1
PC743111,0
PC743304,0
PC743371,0
PC743670,0
PC743713,0
PC743808,0
PC743844,0
PC743853,0
PC743865,0
PC743873,0
PC743907,0
PC743919,0
PC743961,0
PC744133,0
PC744170,0
PC744384,0
PC744653,0
PC744663,0
PC744665,0
PC744702,0
PC744740,0
PC744820,0
PC745098,0
PC745141,0
PC745170,0
PC745367,0
PC745580,0
PC745594,0
PC745748,0
PC745827,0
PC745965,0
PC746034,0
PC746209,0
PC746235,0
PC746247,0
PC746256,0
PC746387,1
PC746444,1
PC746451,0
PC746585,0
PC746720,0
PC746750,0
PC746848,1
PC747023,1
PC747056,0
PC747155,0
PC747211,0
PC747219,0
PC747271,0
PC747338,1
PC747560,0
PC747574,0
PC747696,0
PC747805,0
PC747830,0
PC747909,0
PC748147,0
PC748306,0
PC748386,0
PC748393,0
PC748394,1
PC748424,0
PC748498,0
PC748602,0
PC748633,0
PC748651,1
PC748758,0
PC748761,0
PC748975,0
PC749230,0
PC749359,0
PC749390,0
PC749423,0
PC749449,0
PC749511,0
PC749704,1
PC749762,0
PC749826,0
PC750011,0
PC750058,0
PC750118,0
PC750227,0
PC750251,0
PC750280,0
PC750460,0
PC750482,0
PC750520,0
PC750549,0
PC750593,0
PC750675,0
PC750878,0
PC750940,0
PC750947,0
PC751035,0
PC751068,0
PC751082,0
PC751116,0
PC751192,1
PC751232,0
PC751394,0
PC751451,0
PC751521,1
PC751654,0
PC751870,0
PC751877,0
PC751966,1
PC751968,0
PC751984,0
PC751992,1
PC752093,0
PC752238,1
PC752371,1
PC752451,1
PC752486,0
PC752722,0
PC752846,0
PC753158,0
PC753198,0
PC753279,0
PC753358,0
PC753365,0
PC753370,0
PC753399,1
PC753464,0
PC753542,0
PC753543,0
PC753660,1
PC753724,0
PC753803,0
PC753876,0
PC753965,0
PC754160,0
PC754304,0
PC754362,0
PC754376,0
PC754391,0
PC754508,0
PC754682,0
PC754701,0
PC754852,0
PC754936,0
PC755029,0
PC755084,0
PC755162,0
PC755227,0
PC755322,0
PC755356,0
PC755365,0
PC755417,0
PC755507,0
PC755510,0
PC755519,0
PC755659,0
PC755732,0
PC755870,0
PC755953,0
PC756099,0
PC756171,0
PC756177,0
PC756230,0
PC756288,0
PC756328,0
PC756338,0
PC756472,0
PC756473,0
PC756532,0
PC756606,0
PC756624,0
PC756658,0
PC756742,0
PC756784,0
PC756854,0
PC756977,0
PC757194,0
PC757219,0
PC757271,0
PC757370,0
PC757392,0
PC757415,0
PC757560,0
PC757656,0
PC757856,0
PC757858,0
PC757926,1
PC758058,0
PC758119,0
PC758173,1
PC758191,1
PC758221,0
PC758223,0
PC758416,0
PC758453,0
PC758477,1
PC758478,0
PC758536,0
PC758755,0
PC758852,0
PC758893,0
PC758908,0
PC758981,0
PC759059,0
PC759080,0
PC759247,0
PC759250,0
PC759282,0
PC759455,1
PC759683,0
PC759811,0
PC759839,0
PC759916,0
PC759974,0
PC760098,0
PC760211,0
PC760266,0
PC760325,0
PC760588,0
PC760718,0
PC760923,1
PC760968,0
PC760988,0
PC761097,0
PC761180,0
PC761223,0
PC761305,0
PC761353,0
PC761420,1
PC761525,0
PC761610,1
PC761727,0
PC761742,0
PC761863,0
PC762035,0
PC762129,0
PC762172,0
PC762248,0
PC762404,0
PC762418,0
PC762645,0
PC762664,1
PC762759,0
PC762962,1
PC762971,0
PC763061,0
PC763078,0
PC763254,1
PC763313,0
PC763329,0
PC763337,0
PC763393,0
PC763406,0
PC763530,0
PC763643,0
PC763660,0
PC763666,0
PC763738,0
PC763739,1
PC763840,0
PC763906,1
PC763952,0
PC763996,0
PC764062,0
PC764096,0
PC764141,0
PC764166,0
PC764226,0
PC764298,0
PC764305,0
PC764369,0
PC764676,0
PC764677,0
PC764766,0
PC764859,1
PC764868,0
PC764912,0
PC765146,0
PC765329,0
PC765433,0
PC765478,0
PC765544,0
PC765599,0
PC765861,0
PC765942,0
PC765998,0
PC766086,0
PC766198,0
PC766342,0
PC766418,1
PC766609,0
PC766628,0
PC766805,0
PC766855,0
PC766901,0
PC766908,1
PC766925,0
PC767167,0
PC767237,1
PC767271,0
PC767513,0
PC767642,0
PC767850,0
PC767922,0
PC767960,0
PC768035,0
PC768070,0
PC768108,0
PC768183,0
PC768299,0
PC768391,0
PC768453,0
PC768668,0
PC768706,0
PC768765,0
PC768893,0
PC769429,0
PC769464,0
PC769532,1
PC769556,0
PC769591,1
PC769668,0
PC769828,0
PC769892,0
PC769902,0
PC769910,1
PC769985,0
PC770009,0
PC770053,1
PC770134,0
PC770533,0
PC770609,0
PC770645,1
PC770674,0
PC770734,0
PC770776,1
PC771154,0
PC771222,0
PC771263,0
PC771296,0
PC771376,0
PC771471,0
PC771506,1
PC771700,0
PC771741,0
PC772132,0
PC772165,0
PC772256,0
PC772299,0
PC772470,1
PC772679,0
PC772685,0
PC772697,0
PC772746,0
PC772821,0
PC772856,0
PC772902,0
PC772914,0
PC772976,0
PC773025,0
PC773081,0
PC773117,1
PC773129,0
PC773158,0
PC773433,0
PC773437,0
PC773481,0
PC773598,0
PC774208,0
PC774218,0
PC774343,0
PC774458,0
PC774467,0
PC774638,0
PC774981,0
PC774984,0
PC775003,0
PC775179,0
PC775235,0
PC775367,1
PC775473,0
PC775620,0
PC775715,0
PC776012,0
PC776091,0
PC776104,0
PC776289,0
PC776409,0
PC776535,0
PC776698,1
PC776937,1
PC777049,0
PC777194,0
PC777203,1
PC777243,0
PC777361,0
PC777477,0
PC777584,0
PC777592,0
PC777864,0
PC777878,0
PC777885,0
PC778199,0
PC778234,0
PC778259,0
PC778397,0
PC778414,0
PC778425,0
PC778509,0
PC778524,1
PC778554,1
PC778636,0
PC778700,0
PC778826,1
PC778922,0
PC779028,0
PC779036,0
PC779054,0
PC779199,0
PC779325,0
PC779530,0
PC779686,1
PC779700,0
PC779714,0
PC779815,0
PC779823,0
PC779839,0
PC779913,0
PC780102,0
PC780106,0
PC780127,0
PC780182,0
PC780205,0
PC780248,0
PC780285,0
PC780290,0
PC780312,1
PC780314,0
PC780388,0
PC780433,0
PC781127,0
PC781183,0
PC781255,0
PC781263,0
PC781281,0
PC781322,0
PC781420,0
PC781536,0
PC781565,0
PC781615,0
PC781681,0
PC781761,0
PC781899,0
PC781989,0
PC782001,0
PC782177,0
PC782178,0
PC782216,0
PC782233,0
PC782316,0
PC782318,0
PC782447,0
PC782482,0
PC782504,0
PC782526,0
PC782648,1
PC782662,0
PC782770,0
PC783096,0
PC783132,0
PC783185,0
PC783293,0
PC783430,0
PC783540,0
PC783609,0
PC783728,0
PC783763,0
PC783872,0
PC783914,0
PC784238,0
PC784264,0
PC784361,0
PC784381,0
PC784411,0
PC784435,0
PC784812,0
PC784882,0
PC784885,0
PC784911,0
PC785225,0
PC785314,0
PC785399,1
PC785411,0
PC785525,0
PC785535,0
PC785753,0
PC785809,0
PC785822,0
PC785855,0
PC785949,0
PC786180,0
PC786249,0
PC786252,1
PC786310,0
PC786429,1
PC786452,0
PC786474,0
PC786690,0
PC786721,0
PC786862,0
PC787121,0
PC787172,0
PC787337,0
PC787431,0
PC787480,0
PC787586,0
PC787594,0
PC787730,0
PC787742,0
PC787786,0
PC787841,1
PC787865,0
PC787885,0
PC787948,0
PC788138,1
PC788217,0
PC788218,0
PC788575,0
PC788600,0
PC788629,0
PC788711,0
PC788910,0
PC788920,0
PC788934,0
PC788980,0
PC789058,0
PC789078,0
PC789085,0
PC789117,0
PC789121,1
PC789162,0
PC789221,0
PC789395,0
PC789403,0
PC789525,0
PC789543,0
PC789668,0
PC789775,0
PC789937,0
PC789941,0
PC789956,0
PC790009,0
PC790060,0
PC790184,0
PC790242,0
PC790296,0
PC790383,0
PC790398,0
PC790527,0
PC790577,0
PC790607,0
PC790795,0
PC790866,0
PC790978,0
PC791025,0
PC791181,1
PC791284,0
PC791379,0
PC791385,0
PC791448,0
PC791546,0
PC791655,0
PC791766,0
PC792092,0
PC792194,0
PC792304,0
PC792355,0
PC792411,0
PC792927,1
PC792935,0
PC793088,0
PC793103,0
PC793108,0
PC793193,0
PC793297,1
PC793392,0
PC793460,0
PC793591,0
PC793640,0
PC793731,0
PC794221,0
PC794292,1
PC794340,0
PC794369,0
PC794772,0
PC794989,0
PC795038,0
PC795130,0
PC795183,0
PC795210,0
PC795321,0
PC795438,0
PC795656,1
PC795665,0
PC795717,0
PC795730,0
PC796035,0
PC796040,0
PC796214,0
PC796348,0
PC796415,0
PC796745,0
PC796915,0
PC796950,0
PC797056,0
PC797161,0
PC797177,0
PC797278,0
PC797421,0
PC797458,0
PC797570,1
PC797575,0
PC797777,0
PC797944,0
PC798021,0
PC798195,0
PC798232,0
PC798257,1
PC798367,0
PC798424,0
PC798611,0
PC798636,0
PC798649,0
PC798792,1
PC798873,0
PC798890,0
PC798907,0
PC798947,0
PC798985,0
PC798986,0
PC799033,0
PC799038,0
PC799066,0
PC799109,1
PC799138,0
PC799214,0
PC799222,0
PC799335,0
PC799346,0
PC799457,0
PC799485,0
PC799713,0
PC799727,0
PC800095,0
PC800185,0
PC800338,0
PC800370,0
PC800505,0
PC800685,0
PC800694,0
PC800939,0
PC801048,0
PC801138,0
PC801174,0
PC801266,0
PC801342,0
PC801358,1
PC801470,1
PC801508,0
PC801526,0
PC801628,0
PC801775,0
PC801839,0
PC801882,0
PC801900,0
PC801931,1
PC802021,0
PC802053,0
PC802147,0
PC802208,1
PC802410,1
PC802545,0
PC802551,1
PC802580,0
PC802710,0
PC802734,0
PC802756,0
PC802924,1
PC802934,0
PC803282,0
PC803288,0
PC803363,0
PC803368,0
PC803494,0
PC803564,0
PC803586,0
PC803969,0
PC803986,0
PC804002,0
PC804036,0
PC804051,0
PC804070,0
PC804073,0
PC804140,0
PC804436,0
PC804449,0
PC804481,0
PC804566,1
PC804714,0
PC804781,0
PC804804,0
PC804907,0
PC804945,0
PC805045,0
PC805178,1
PC805273,0
PC805426,0
PC805440,0
PC805564,0
PC805743,1
PC805856,0
PC806021,0
PC806069,0
PC806160,0
PC806238,1
PC806401,0
PC806464,1
PC806503,0
PC806504,0
PC806657,0
PC806864,0
PC806964,0
PC807082,0
PC807259,0
PC807326,0
PC807384,0
PC807587,1
PC807602,0
PC807752,0
PC808008,0
PC808244,0
PC808375,0
PC808438,0
PC808543,0
PC808628,0
PC808642,0
PC808696,0
PC808915,0
PC808960,0
PC809232,0
PC809324,1
PC809360,0
PC809409,0
PC809429,0
PC809644,0
PC809693,0
PC809842,0
PC809885,0
PC809922,0
PC809948,0
PC810154,0
PC810261,0
PC810275,1
PC810315,0
PC810363,1
PC810508,0
PC810630,0
PC810656,0
PC810832,0
PC810872,0
PC810984,1
PC811011,0
PC811024,0
PC811091,0
PC811345,0
PC811399,0
PC811454,0
PC811613,0
PC811621,0
PC811670,0
PC811677,0
PC812004,1
PC812074,0
PC812250,0
PC812251,0
PC812270,0
PC812318,0
PC812328,0
PC812442,0
PC812465,0
PC812638,0
PC812698,0
PC812702,0
PC812722,0
PC812785,0
PC812803,0
PC812886,0
PC812912,0
PC812963,0
PC813007,0
PC813137,0
PC813175,0
PC813494,0
PC813721,0
PC813724,0
PC813737,1
PC814249,0
PC814320,1
PC814374,0
PC814401,0
PC814886,0
PC814924,1
PC815421,0
PC815423,0
PC815521,0
PC815687,0
PC816081,0
PC816164,0
PC816175,0
PC816269,0
PC816376,0
PC816485,0
PC816539,0
PC816655,0
PC816802,0
PC817269,0
PC817301,0
PC817529,0
PC817592,1
PC817643,0
PC817679,0
PC817791,0
PC817890,0
PC818071,1
PC818073,0
PC818095,0
PC818155,0
PC818352,0
PC818493,0
PC818513,0
PC818705,0
PC818775,0
PC818852,0
PC818937,0
PC819020,0
PC819046,0
PC819282,0
PC819285,0
PC819396,0
PC819407,0
PC819544,0
PC819644,0
PC820074,0
PC820378,0
PC820402,0
PC820443,0
PC820607,0
PC820637,0
PC820817,0
PC821086,0
PC821106,0
PC821149,0
PC821222,0
PC821255,0
PC821330,0
PC821413,0
PC821469,0
PC821575,0
PC821776,0
PC821801,0
PC821841,1
PC821892,0
PC821969,0
PC822012,0
PC822085,0
PC822150,0
PC822185,0
PC822404,0
PC822417,0
PC822437,0
PC822578,0
PC822856,0
PC822861,0
PC822883,0
PC822943,0
PC823008,0
PC823126,0
PC823273,0
PC823294,0
PC823298,0
PC823346,0
PC823384,0
PC823567,0
PC823610,0
PC823710,1
PC824115,0
PC824212,0
PC824220,0
PC824271,0
PC824457,0
PC824750,0
PC824856,0
PC824956,1
PC825088,0
PC825112,1
PC825128,0
PC825237,0
PC825247,0
PC825515,0
PC825823,0
PC826147,0
PC826384,0
PC826547,0
PC826568,0
PC826632,1
PC826696,0
PC826805,0
PC826815,0
PC826938,0
PC827033,1
PC827055,1
PC827075,1
PC827084,0
PC827154,0
PC827518,0
PC827609,0
PC827616,0
PC827638,0
PC827739,0
PC827788,0
PC827868,1
PC828105,0
PC828113,0
PC828132,0
PC828133,0
PC828397,0
PC828428,0
PC828444,0
PC828459,0
PC828480,0
PC828509,0
PC828684,0
PC828697,0
PC828920,0
PC829030,0
PC829086,0
PC829105,0
PC829198,0
PC829579,0
PC829595,1
PC829614,1
PC829685,0
PC829817,0
PC829919,0
PC830186,0
PC830497,0
PC830614,0
PC830620,0
PC830626,0
PC830691,0
PC830741,0
PC830810,0
PC830919,0
PC830937,0
PC830958,0
PC831166,0
PC831171,0
PC831403,0
PC831653,0
PC831698,0
PC831837,0
PC831893,0
PC832027,0
PC832082,0
PC832298,0
PC832491,0
PC832530,0
PC832573,0
PC832916,0
PC833114,0
PC833214,0
PC833337,0
PC833525,0
PC833562,0
PC833567,0
PC833651,0
PC833652,0
PC833706,0
PC833748,0
PC833768,0
PC833791,0
PC833902,0
PC833934,0
PC834077,0
PC834181,0
PC834458,1
PC834489,0
PC834572,0
PC834619,0
PC834642,0
PC834827,0
PC834852,1
PC835006,0
PC835067,0
PC835071,0
PC835145,0
PC835163,0
PC835185,0
PC835190,0
PC835368,0
PC835408,0
PC835637,0
PC835674,1
PC835816,0
PC835880,0
PC836019,0
PC836143,1
PC836183,0
PC836397,0
PC836488,0
PC836705,0
PC836756,1
PC836877,1
PC836899,1
PC836902,1
PC836930,0
PC836945,0
PC837013,0
PC837094,0
PC837110,0
PC837158,0
PC837413,0
PC837473,0
PC837535,0
PC837601,0
PC837608,0
PC837656,0
PC837752,0
PC837763,0
PC837822,1
PC837868,0
PC837892,0
PC837900,0
PC837960,0
PC838033,0
PC838116,0
PC838197,0
PC838218,0
PC838266,0
PC838333,0
PC838390,0
PC838546,0
PC838661,0
PC838795,0
PC838907,0
PC839155,0
PC839176,0
PC839375,0
PC839530,1
PC839534,0
PC839593,0
PC839748,0
PC839788,0
PC839815,0
PC839956,0
PC839977,0
PC840118,0
PC840327,0
PC840468,0
PC840528,0
PC840785,0
PC840800,1
PC840910,0
PC841017,1
PC841038,1
PC841214,0
PC841345,0
PC841456,0
PC841505,0
PC841575,0
PC841594,1
PC841652,0
PC841775,0
PC841988,0
PC842174,0
PC842534,0
PC842575,0
PC842614,0
PC842736,0
PC842820,0
PC842859,0
PC842904,0
PC842939,0
PC842941,0
PC843154,0
PC843295,0
PC843335,0
PC843471,0
PC843640,0
PC843688,0
PC843710,0
PC843767,0
PC843851,0
PC843902,0
PC843983,0
PC844083,0
PC844095,0
PC844185,0
PC844285,0
PC844367,1
PC844424,0
PC844461,0
PC844478,0
PC844528,0
PC844763,0
PC844806,0
PC844828,0
PC844954,0
PC845239,0
PC845305,0
PC845310,0
PC845354,0
PC845425,0
PC845473,0
PC845658,0
PC845780,0
PC846006,0
PC846079,0
PC846142,0
PC846264,0
PC846316,0
PC846388,0
PC846513,0
PC846540,0
PC846604,0
PC846705,0
PC846792,0
PC846835,0
PC846893,0
PC846899,0
PC846968,1
PC847008,0
PC847206,0
PC847228,0
PC847251,1
PC847443,0
PC847831,0
PC847921,0
PC847928,0
PC848046,0
PC848103,0
PC848203,0
PC848210,0
PC848473,0
PC848500,0
PC848555,0
PC848717,0
PC848759,0
PC849017,0
PC849022,0
PC849025,0
PC849176,0
PC849180,0
PC849553,0
PC849593,0
PC849795,0
PC849855,0
PC850048,0
PC850076,0
PC850109,0
PC850237,0
PC850541,0
PC850594,0
PC850599,0
PC850616,0
PC850785,0
PC850833,0
PC850878,1
PC850907,0
PC851021,1
PC851204,0
PC851316,0
PC851323,0
PC851387,0
PC851390,0
PC851454,0
PC851470,0
PC851478,0
PC851543,0
PC851754,0
PC851781,0
PC851820,0
PC851892,0
PC851968,0
PC851992,0
PC852058,0
PC852062,0
PC852137,0
PC852187,0
PC852206,0
PC852906,0
PC852932,0
PC852935,0
PC853158,0
PC853214,0
PC853301,0
PC853565,0
PC853613,0
PC853720,0
PC853726,0
PC853887,0
PC853889,1
PC854025,0
PC854035,0
PC854041,0
PC854090,0
PC854185,0
PC854309,0
PC854379,0
PC854602,0
PC854624,0
PC854644,0
PC855026,0
PC855127,0
PC855429,0
PC855453,0
PC855577,0
PC855695,0
PC855701,0
PC855722,0
PC855896,0
PC855944,0
PC856003,0
PC856013,0
PC856136,0
PC856379,0
PC856604,0
PC856660,0
PC856717,0
PC856788,0
PC856947,0
PC856995,0
PC857114,0
PC857183,0
PC857237,0
PC857244,0
PC857372,0
PC857408,0
PC857543,0
PC857643,0
PC857650,0
PC857678,0
PC857783,0
PC857811,0
PC857903,0
PC858022,0
PC858123,0
PC858310,0
PC858420,0
PC858490,0
PC858638,0
PC858648,0
PC858842,0
PC858972,0
PC859102,0
PC859293,1
PC859543,0
PC860054,0
PC860076,0
PC860098,0
PC860211,0
PC860216,0
PC860310,0
PC860319,0
PC860323,0
PC860595,0
PC860603,0
PC860738,0
PC860858,0
PC860929,0
PC860944,0
PC860947,0
PC861069,0
PC861078,0
PC861086,0
PC861141,0
PC861162,0
PC861271,0
PC861442,0
PC861447,1
PC861495,0
PC861635,0
PC861666,0
PC861712,0
PC861722,0
PC861771,0
PC861775,0
PC861860,0
PC861900,0
PC861979,0
PC862103,0
PC862122,0
PC862134,0
PC862146,0
PC862198,0
PC862212,0
PC862296,1
PC862303,0
PC862365,0
PC862448,0
PC862561,0
PC862768,0
PC862796,0
PC862943,0
PC863088,0
PC863206,0
PC863324,0
PC863425,0
PC863485,0
PC863534,0
PC863716,0
PC863754,1
PC863791,0
PC863822,0
PC863907,1
PC863954,0
PC863961,1
PC863967,0
PC863984,0
PC864030,0
PC864057,0
PC864136,0
PC864138,0
PC864372,0
PC864452,0
PC864477,0
PC864619,0
PC864683,0
PC864834,1
PC864858,1
PC864885,0
PC865077,0
PC865172,0
PC865211,0
PC865426,0
PC865436,0
PC865447,0
PC865456,0
PC865510,0
PC865702,0
PC865730,0
PC865771,0
PC865827,0
PC865984,1
PC866058,0
PC866176,0
PC866491,0
PC866496,0
PC866545,0
PC866614,0
PC866725,0
PC866823,0
PC866847,1
PC866898,0
PC866941,0
PC867110,0
PC867210,0
PC867211,0
PC867359,0
PC867784,1
PC867823,0
PC867839,0
PC867860,0
PC868028,0
PC868082,0
PC868263,0
PC868453,0
PC868539,0
PC868702,0
PC868774,0
PC868842,0
PC868857,0
PC869058,0
PC869082,0
PC869161,0
PC869292,0
PC869805,0
PC869865,0
PC869942,0
PC869994,0
PC870300,0
PC870320,0
PC870322,0
PC870457,0
PC870501,0
PC870503,0
PC870522,0
PC870525,0
PC870656,0
PC870723,0
PC870780,0
PC870878,0
PC870925,0
PC870962,0
PC871363,0
PC871431,0
PC871454,0
PC871507,0
PC871560,0
PC871639,0
PC871798,1
PC871964,0
PC872117,0
PC872229,0
PC872264,0
PC872275,0
PC872320,0
PC872449,0
PC872614,0
PC872725,0
PC872798,0
PC873058,0
PC873112,0
PC873213,0
PC873281,0
PC873699,0
PC873723,0
PC873800,0
PC874057,0
PC874071,0
PC874090,0
PC874108,0
PC874367,0
PC874425,0
PC874942,1
PC875257,0
PC875347,0
PC875353,0
PC875400,0
PC875836,0
PC875899,0
PC875924,0
PC876128,0
PC876240,1
PC876541,0
PC876560,0
PC876607,0
PC876791,0
PC876798,0
PC876834,0
PC876934,0
PC876956,0
PC877019,0
PC877130,1
PC877140,0
PC877150,0
PC877232,0
PC877456,0
PC877565,0
PC877685,0
PC878024,0
PC878034,0
PC878415,0
PC878590,0
PC878687,0
PC878863,0
PC878993,0
PC879016,0
PC879445,0
PC879486,0
PC879565,0
PC879643,0
PC879646,0
PC879799,0
PC879867,0
PC879969,1
PC880035,0
PC880298,0
PC880343,0
PC880416,0
PC880530,0
PC880546,0
PC880581,0
PC880687,0
PC880689,0
PC880697,0
PC880792,0
PC880796,0
PC880888,0
PC880953,0
PC881017,0
PC881136,0
PC881370,0
PC881380,0
PC881398,0
PC881452,0
PC881551,0
PC881568,0
PC881583,0
PC881610,0
PC881962,0
PC881977,1
PC882239,0
PC882278,0
PC882433,0
PC882436,0
PC882520,0
PC882530,0
PC882558,0
PC882570,0
PC882609,0
PC882673,0
PC882707,0
PC882733,0
PC882797,0
PC882897,0
PC882914,0
PC882985,0
PC883161,0
PC883336,0
PC883524,0
PC883533,0
PC883560,0
PC883587,0
PC883622,0
PC883683,1
PC883688,0
PC883846,0
PC883912,1
PC883954,0
PC884085,0
PC884163,0
PC884191,0
PC884215,0
PC884228,0
PC884345,0
PC884427,0
PC884567,0
PC884590,0
PC884631,0
PC884719,0
PC884839,0
PC884927,0
PC884990,0
PC885187,0
PC885289,0
PC885371,1
PC885523,0
PC885663,0
PC885716,0
PC885769,0
PC885822,0
PC885833,0
PC885914,0
PC885917,0
PC886236,0
PC886435,0
PC886525,0
PC886586,0
PC886676,0
PC886731,0
PC886796,0
PC886845,0
PC886868,0
PC886909,0
PC886932,0
PC886976,0
PC887277,0
PC887348,0
PC887449,0
PC887674,0
PC887747,0
PC887785,0
PC887877,0
PC887944,0
PC888070,0
PC888115,0
PC888227,0
PC888246,0
PC888309,0
PC888311,1
PC888356,0
PC888380,1
PC888383,0
PC888437,0
PC888504,0
PC888598,0
PC888655,0
PC888764,0
PC888799,0
PC888888,1
PC888897,0
PC889021,0
PC889137,0
PC889241,0
PC889278,0
PC889513,0
PC889515,0
PC889638,0
PC889766,0
PC889840,0
PC889966,0
PC890245,1
PC890340,0
PC890621,0
PC890699,0
PC890825,0
PC891010,0
PC891025,1
PC891054,0
PC891231,0
PC891314,0
PC891361,0
PC891426,0
PC891654,0
PC891664,0
PC891689,0
PC892060,0
PC892181,0
PC892208,0
PC892235,0
PC892339,0
PC892407,0
PC892461,0
PC892496,0
PC892511,0
PC892670,0
PC892953,0
PC892999,0
PC893048,0
PC893075,0
PC893154,0
PC893297,0
PC893366,0
PC893435,0
PC893479,1
PC893662,0
PC893763,0
PC893780,0
PC893807,1
PC893816,0
PC893873,0
PC893891,0
PC894133,0
PC894176,0
PC894200,0
PC894213,0
PC894247,1
PC894292,0
PC894309,0
PC894411,0
PC894455,1
PC894511,0
PC894581,0
PC894702,0
PC894813,0
PC894839,0
PC895000,0
PC895037,0
PC895112,0
PC895205,0
PC895438,0
PC895484,0
PC895486,0
PC895541,0
PC895686,0
PC895784,0
PC895885,1
PC895916,1
PC895947,0
PC896022,0
PC896070,0
PC896076,0
PC896154,0
PC896286,0
PC896389,0
PC896390,0
PC896510,0
PC896534,0
PC896547,0
PC896591,0
PC896598,0
PC896713,0
PC896744,0
PC896763,0
PC896777,1
PC896984,0
PC897027,0
PC897370,1
PC897779,0
PC897785,0
PC897798,0
PC897820,0
PC898061,0
PC898222,0
PC898365,0
PC898411,0
PC898639,0
PC898701,0
PC899028,0
PC899063,0
PC899094,0
PC899152,0
PC899343,0
PC899379,1
PC899384,0
PC899481,0
PC899505,0
PC899667,0
PC900069,0
PC900102,0
PC900456,0
PC900573,0
PC900657,0
PC900693,0
PC900708,0
PC900882,0
PC900923,0
PC900995,0
PC901013,0
PC901192,1
PC901260,0
PC901314,0
PC901382,0
PC901399,0
PC901526,0
PC901529,0
PC901638,0
PC901646,0
PC901863,0
PC901947,0
PC902007,0
PC902123,0
PC902326,0
PC902493,0
PC902538,0
PC902558,0
PC902670,1
PC902749,0
PC902815,0
PC902851,0
PC903074,0
PC903149,0
PC903522,0
PC903543,0
PC903620,0
PC903709,0
PC903729,0
PC904010,0
PC904212,0
PC904256,1
PC904265,0
PC904418,0
PC904493,0
PC904538,0
PC904715,0
PC904885,0
PC905002,1
PC905267,0
PC905303,0
PC905400,0
PC905425,0
PC905540,0
PC905593,0
PC905811,0
PC905836,0
PC905845,0
PC905937,0
PC905986,0
PC906048,0
PC906057,0
PC906124,0
PC906134,0
PC906323,0
PC906408,0
PC906627,1
PC906779,0
PC906912,0
PC906960,0
PC906965,0
PC906973,0
PC907006,1
PC907008,0
PC907072,0
PC907136,0
PC907144,0
PC907255,0
PC907268,0
PC907362,0
PC907410,0
PC907470,0
PC907490,0
PC907874,1
PC907890,0
PC907920,0
PC907938,0
PC907967,0
PC907982,0
PC908022,0
PC908139,0
PC908282,1
PC908309,0
PC908594,0
PC908634,0
PC908687,0
PC908688,0
PC908692,0
PC908713,0
PC908719,0
PC908813,0
PC908854,0
PC909160,1
PC909361,1
PC909410,0
PC909506,1
PC909749,0
PC909907,0
PC910037,0
PC910056,0
PC910167,0
PC910217,0
PC910395,0
PC910407,0
PC910428,0
PC910560,0
PC910743,0
PC911061,0
PC911146,0
PC911244,0
PC911247,0
PC911249,0
PC911317,0
PC911442,0
PC911560,0
PC911654,0
PC911673,0
PC911836,0
PC911851,0
PC912015,0
PC912053,0
PC912223,0
PC912268,0
PC912707,0
PC912719,0
PC912966,0
PC912983,0
PC913065,0
PC913214,0
PC913253,0
PC913322,0
PC913427,0
PC913434,0
PC913543,0
PC913582,0
PC913592,0
PC913768,0
PC913911,0
PC914073,0
PC914082,0
PC914089,0
PC914447,0
PC914508,0
PC914521,0
PC914697,0
PC914739,0
PC914756,0
PC914779,0
PC914789,0
PC914832,0
PC914908,0
PC914957,0
PC915308,1
PC915433,0
PC915492,0
PC915881,0
PC915976,0
PC915997,0
PC916350,0
PC916423,0
PC916530,1
PC916633,0
PC916699,0
PC916786,0
PC916792,0
PC916917,0
PC916995,0
PC917126,0
PC917144,0
PC917171,0
PC917172,0
PC917253,0
PC917267,0
PC917365,0
PC917579,0
PC917850,0
PC917961,0
PC918241,1
PC918475,0
PC918651,0
PC918782,0
PC918875,0
PC918917,1
PC918990,0
PC919273,0
PC919314,0
PC919315,0
PC919339,0
PC919411,0
PC919664,0
PC919808,0
PC919826,1
PC919902,0
PC919937,0
PC919952,0
PC920277,0
PC920452,0
PC920535,0
PC920599,0
PC920671,0
PC920713,0
PC920760,0
PC920793,0
PC920891,1
PC920904,0
PC921039,1
PC921047,0
PC921240,0
PC921260,0
PC921281,0
PC921284,0
PC921457,1
PC921475,0
PC921528,0
PC921549,0
PC921615,0
PC921925,1
PC921970,0
PC922208,0
PC922323,0
PC922349,0
PC922383,0
PC922493,0
PC922550,0
PC922677,1
PC922685,0
PC922781,0
PC922868,0
PC923221,0
PC923262,0
PC923466,0
PC923467,0
PC923475,0
PC923696,0
PC923736,0
PC923784,0
PC923845,0
PC923919,0
PC923949,0
PC923966,0
PC923980,0
PC924080,0
PC924245,0
PC924313,0
PC924406,0
PC924439,0
PC924538,0
PC924670,0
PC924677,0
PC924680,0
PC924717,0
PC924758,0
PC924797,1
PC924822,0
PC924824,0
PC924951,0
PC925053,0
PC925068,0
PC925267,0
PC925458,0
PC925461,0
PC925524,1
PC925706,0
PC925718,0
PC925885,0
PC925930,0
PC926008,0
PC926028,0
PC926054,0
PC926173,0
PC926216,0
PC926266,0
PC926325,0
PC926330,0
PC926396,0
PC926659,1
PC926727,0
PC926819,0
PC926848,0
PC926885,0
PC926946,0
PC927022,0
PC927096,0
PC927110,0
PC927210,0
PC927223,0
PC927294,0
PC927344,0
PC927522,0
PC927864,0
PC927885,0
PC927907,0
PC928097,1
PC928221,0
PC928251,0
PC928273,0
PC928311,0
PC928330,0
PC928394,0
PC928506,1
PC928549,0
PC928637,0
PC928647,0
PC928763,0
PC928865,0
PC928868,0
PC928915,1
PC928995,0
PC929046,0
PC929152,0
PC929323,0
PC929441,0
PC929579,0
PC929664,0
PC929742,0
PC929754,0
PC929885,0
PC929916,0
PC929973,0
PC930385,0
PC930400,0
PC930456,0
PC930569,0
PC930624,0
PC930681,0
PC930779,0
PC930816,0
PC930881,0
PC930901,1
PC931106,0
PC931251,0
PC931255,0
PC931335,1
PC931401,1
PC931509,0
PC931510,1
PC931564,0
PC931617,0
PC931679,1
PC931700,0
PC931738,0
PC931883,0
PC932036,0
PC932166,0
PC932212,0
PC932229,0
PC932380,0
PC932602,0
PC932666,0
PC932843,1
PC932871,0
PC932987,0
PC933090,0
PC933139,0
PC933400,0
PC933613,0
PC933781,0
PC933867,0
PC934041,0
PC934132,0
PC934170,0
PC934208,0
PC934231,0
PC934278,0
PC934286,0
PC934292,0
PC934312,0
PC934347,0
PC935130,0
PC935162,1
PC935204,1
PC935217,0
PC935546,0
PC935783,0
PC935890,0
PC935923,0
PC935990,0
PC936057,0
PC936127,0
PC936196,0
PC936276,0
PC936459,0
PC936466,0
PC936493,0
PC936655,0
PC936689,0
PC936700,0
PC936846,0
PC936866,0
PC937076,0
PC937103,0
PC937123,0
PC937406,0
PC937441,1
PC937452,0
PC937506,0
PC937541,0
PC937630,0
PC937726,1
PC937799,0
PC937855,0
PC937873,1
PC938187,0
PC938271,0
PC938311,0
PC938328,0
PC938378,0
PC938502,0
PC938682,0
PC938861,0
PC938930,0
PC938973,0
PC939064,0
PC939212,0
PC939476,0
PC939505,0
PC939600,0
PC939768,0
PC939865,0
PC939893,0
PC939903,0
PC939941,0
PC940010,0
PC940346,0
PC940528,0
PC940572,0
PC940714,0
PC940806,0
PC940964,0
PC941152,0
PC941216,0
PC941433,0
PC941452,0
PC941530,0
PC941536,0
PC941593,0
PC941652,0
PC941831,0
PC941835,0
PC941871,0
PC942179,0
PC942311,1
PC942466,0
PC942521,0
PC942531,0
PC942548,0
PC942767,0
PC942778,0
PC942828,0
PC942944,0
PC943298,1
PC943324,0
PC943348,0
PC943422,0
PC943558,0
PC943628,0
PC943646,1
PC943773,0
PC943849,0
PC943881,1
PC943959,1
PC943992,0
PC944011,1
PC944023,1
PC944160,0
PC944265,0
PC944390,0
PC944392,0
PC944546,0
PC944603,0
PC944628,0
PC944736,0
PC944822,1
PC944927,0
PC945018,0
PC945186,0
PC945297,0
PC945320,0
PC945431,0
PC945442,0
PC945493,0
PC945505,0
PC945648,0
PC945650,1
PC945713,0
PC945855,0
PC946016,0
PC946028,0
PC946046,0
PC946105,0
PC946133,0
PC946322,1
PC946438,0
PC946581,0
PC946624,0
PC946723,0
PC946750,0
PC946768,0
PC946834,0
PC946837,0
PC946877,0
PC946887,0
PC946978,0
PC947310,0
PC947323,0
PC947510,0
PC947597,0
PC947646,0
PC947674,0
PC947728,1
PC947956,0
PC948022,0
PC948177,0
PC948308,0
PC948329,0
PC948381,0
PC948519,0
PC948770,0
PC948820,0
PC948847,0
PC948860,0
PC948899,0
PC948952,0
PC948967,0
PC948979,0
PC949192,1
PC949196,1
PC949303,0
PC949601,0
PC949620,0
PC949676,0
PC949712,1
PC949965,0
PC950037,0
PC950569,0
PC950620,0
PC950667,0
PC950678,0
PC950733,0
PC950802,1
PC950855,0
PC950929,1
PC951158,1
PC951234,0
PC951326,1
PC951413,0
PC951495,0
PC951648,0
PC951822,0
PC951911,0
PC951953,0
PC952005,0
PC952044,0
PC952054,1
PC952173,0
PC952281,0
PC952398,0
PC952402,0
PC952418,0
PC952421,0
PC952470,0
PC952563,0
PC952640,0
PC952852,0
PC952883,0
PC952987,0
PC953142,0
PC953155,0
PC953239,0
PC953329,0
PC953669,0
PC954124,0
PC954192,1
PC954399,0
PC954446,0
PC954455,0
PC954651,0
PC954707,0
PC954736,0
PC954816,0
PC954824,0
PC954852,0
PC954889,1
PC954914,0
PC954995,0
PC955242,0
PC955376,0
PC955475,0
PC955561,0
PC955822,0
PC955864,0
PC955998,0
PC956031,0
PC956166,0
PC956305,1
PC956349,0
PC956544,0
PC956554,0
PC956556,0
PC956628,0
PC956792,0
PC956802,0
PC956928,0
PC956976,0
PC956984,0
PC957020,0
PC957045,0
PC957061,0
PC957071,0
PC957080,0
PC957097,0
PC957104,0
PC957145,0
PC957255,0
PC957390,0
PC957561,0
PC957759,0
PC957895,0
PC958084,0
PC958086,0
PC958251,0
PC958359,0
PC958462,0
PC958705,0
PC958712,0
PC958964,0
PC959190,0
PC959287,0
PC959326,0
PC959402,0
PC959516,0
PC959548,0
PC959625,0
PC959679,0
PC959771,0
PC959974,0
PC960096,1
PC960187,0
PC960428,0
PC960529,0
PC960568,0
PC960723,0
PC960819,0
PC961228,0
PC961401,0
PC961463,0
PC961477,0
PC961502,0
PC961711,0
PC961732,0
PC961759,0
PC961875,0
PC962255,0
PC962299,0
PC962374,0
PC962380,0
PC962461,0
PC962536,0
PC962654,0
PC962729,0
PC962749,0
PC962876,0
PC962916,0
PC962944,1
PC962988,0
PC962992,1
PC963186,0
PC963187,0
PC963202,0
PC963266,0
PC963569,0
PC963576,0
PC963589,1
PC963605,0
PC963610,0
PC963693,0
PC963695,0
PC963786,0
PC964000,0
PC964049,0
PC964194,0
PC964411,0
PC964957,0
PC965025,0
PC965089,0
PC965303,1
PC965567,0
PC965606,0
PC965779,0
PC965791,1
PC965847,0
PC966023,0
PC966048,0
PC966114,0
PC966267,1
PC966327,1
PC966411,0
PC966436,0
PC966577,0
PC966593,0
PC966720,0
PC966790,0
PC966840,0
PC966936,0
PC967207,0
PC967377,0
PC967425,0
PC967488,0
PC967561,0
PC967566,0
PC967681,0
PC967728,0
PC967910,0
PC967918,0
PC967966,0
PC968003,0
PC968081,0
PC968190,0
PC968222,0
PC968646,1
PC968654,0
PC968741,0
PC968815,0
PC968927,1
PC968966,0
PC969402,0
PC969519,0
PC969529,0
PC969775,0
PC969800,0
PC969871,0
PC970073,0
PC970123,0
PC970271,0
PC970585,0
PC970680,0
PC970774,0
PC970824,0
PC970835,0
PC970961,0
PC971053,0
PC971201,0
PC971406,0
PC971407,0
PC971467,1
PC971545,0
PC971564,0
PC971719,0
PC971792,0
PC971966,0
PC972518,0
PC972543,0
PC972921,0
PC973026,0
PC973036,0
PC973130,1
PC973196,0
PC973600,0
PC973811,0
PC974038,0
PC974064,0
PC974244,0
PC974250,0
PC974264,0
PC974286,0
PC974295,0
PC974347,0
PC974656,0
PC974731,0
PC974771,0
PC974785,0
PC974890,0
PC974903,0
PC974997,0
PC975002,0
PC975200,1
PC975210,1
PC975402,0
PC975443,0
PC975447,0
PC975488,0
PC975619,0
PC975998,1
PC976001,0
PC976032,1
PC976092,0
PC976101,0
PC976164,0
PC976258,0
PC976358,0
PC976638,0
PC976786,1
PC977062,0
PC977085,0
PC977173,0
PC977217,0
PC977344,0
PC977624,0
PC977668,0
PC977787,0
PC977791,0
PC977845,0
PC977895,0
PC977966,0
PC977983,0
PC978020,1
PC978074,0
PC978377,0
PC978596,0
PC978729,0
PC978855,0
PC978875,0
PC978955,0
PC978978,0
PC979145,0
PC979155,0
PC979182,0
PC979334,1
PC979552,0
PC979624,0
PC979699,0
PC979734,0
PC979842,0
PC979936,0
PC980016,0
PC980096,0
PC980215,1
PC980308,0
PC980354,0
PC980439,0
PC980819,0
PC980986,0
PC981117,0
PC981130,0
PC981137,0
PC981208,0
PC981221,0
PC981554,1
PC981774,0
PC982034,0
PC982113,1
PC982245,0
PC982273,1
PC982298,0
PC982433,0
PC982448,0
PC982529,1
PC982553,0
PC982645,0
PC982780,0
PC982867,0
PC982968,0
PC983121,1
PC983246,0
PC983568,0
PC983795,0
PC983803,0
PC983898,0
PC983920,0
PC983982,0
PC983993,0
PC984157,0
PC984316,0
PC984462,0
PC984768,0
PC984796,0
PC984842,0
PC985223,0
PC985235,0
PC985250,0
PC985295,0
PC985406,0
PC985438,0
PC985483,1
PC985577,0
PC985596,0
PC985727,0
PC985988,0
PC986002,0
PC986043,0
PC986082,0
PC986192,0
PC986441,0
PC986446,0
PC986540,0
PC986827,0
PC986971,1
PC987109,0
PC987119,1
PC987208,0
PC987372,0
PC987450,0
PC987585,0
PC987646,0
PC987673,0
PC987683,0
PC987756,0
PC987794,0
PC987816,0
PC987927,0
PC988032,0
PC988171,0
PC988282,0
PC988400,0
PC988411,0
PC988744,0
PC988750,0
PC988821,0
PC988915,0
PC988919,0
PC989126,0
PC989253,0
PC989390,0
PC989451,0
PC989602,0
PC990205,0
PC990301,0
PC990348,0
PC990408,0
PC990552,0
PC990559,0
PC990723,0
PC990741,0
PC990746,0
PC990849,0
PC990906,0
PC991092,0
PC991185,0
PC991379,0
PC991490,0
PC991577,0
PC991579,0
PC991680,0
PC991768,0
PC991875,0
PC991921,0
PC991964,0
PC992073,0
PC992249,0
PC992278,0
PC992401,0
PC992443,0
PC992647,0
PC992655,0
PC992666,0
PC992704,0
PC992805,0
PC992834,0
PC992850,0
PC992939,0
PC993173,1
PC993251,0
PC993425,0
PC993496,0
PC993574,0
PC993635,0
PC993877,0
PC993896,0
PC993989,0
PC994067,0
PC994129,0
PC994244,0
PC994291,0
PC994338,0
PC994391,0
PC994713,0
PC994797,0
PC994825,0
PC994883,0
PC995188,0
PC995342,0
PC995399,0
PC995551,0
PC995569,0
PC995694,0
PC995760,0
PC995779,0
PC995875,0
PC995900,0
PC995959,0
PC995973,0
PC995997,0
PC996024,0
PC996124,0
PC996187,0
PC996248,0
PC996467,0
PC996521,1
PC996551,1
PC996695,0
PC996709,0
PC996711,0
PC997059,0
PC997067,0
PC997079,0
PC997241,0
PC997331,0
PC997461,0
PC997577,0
PC997705,0
PC997834,0
PC997863,0
PC997866,0
PC997891,0
PC997898,0
PC998019,0
PC998070,0
PC998114,1
PC998314,0
PC998368,0
PC998541,0
PC998675,0
PC998727,0
PC998842,0
PC998920,0
PC998950,0
PC999078,0
PC999121,0
PC999228,1
PC999633,0
PC999668,0
PC999698,0
PC999731,0
PC999858,1
PC999887,0
PC999910,0
PC999992,0
PC1000228,0
PC1000421,1
PC1000432,0
PC1000529,0
PC1000597,0
PC1000600,0
PC1000704,0
PC1000766,0
PC1000774,0
PC1001011,0
PC1001100,0
PC1001201,1
PC1001242,0
PC1001379,0
PC1001425,1
PC1001561,0
PC1001563,0
PC1001799,0
PC1001865,0
PC1002046,0
PC1002093,0
PC1002152,0
PC1002346,0
PC1002438,1
PC1002545,0
PC1002632,0
PC1002734,0
PC1002868,0
PC1002988,0
PC1003044,0
PC1003066,0
PC1003157,0
PC1003206,0
PC1003277,0
PC1003313,0
PC1003418,0
PC1003454,0
PC1003492,0
PC1003590,0
PC1003686,1
PC1003723,0
PC1003825,0
PC1003953,1
PC1004034,0
PC1004124,0
PC1004374,0
PC1004401,0
PC1004522,0
PC1004569,0
PC1004662,0
PC1004823,0
PC1004878,0
PC1004971,0
PC1004977,0
PC1005008,0
PC1005118,0
PC1005167,0
PC1005184,0
PC1005222,0
PC1005331,0
PC1005385,0
PC1005452,0
PC1005479,1
PC1005501,0
PC1005526,0
PC1005571,0
PC1005678,0
PC1005714,0
PC1005820,0
PC1005839,0
PC1005906,0
PC1006113,0
PC1006281,0
PC1006424,0
PC1006577,0
PC1006641,0
PC1006677,0
PC1006685,0
PC1007574,0
PC1007623,0
PC1007628,0
PC1007662,0
PC1007926,0
PC1007965,0
PC1007973,0
PC1007975,0
PC1008241,0
PC1008263,0
PC1008546,0
PC1008600,0
PC1008660,1
PC1008674,0
PC1008865,0
PC1008883,0
PC1008966,0
PC1008970,0
PC1008980,1
PC1009039,0
PC1009088,0
PC1009236,0
PC1009242,0
PC1009250,0
PC1009367,0
PC1009723,0
PC1009817,0
PC1009896,0
PC1009922,0
PC1009925,0
PC1010036,0
PC1010042,0
PC1010106,0
PC1010258,0
PC1010408,0
PC1010524,0
PC1010821,0
PC1010882,0
PC1010945,0
PC1010949,0
PC1011298,0
PC1011304,0
PC1011325,0
PC1011393,0
PC1011506,0
PC1011633,0
PC1011920,0
PC1012123,1
PC1012179,0
PC1012681,0
PC1012747,0
PC1012789,0
PC1012939,0
PC1012992,0
PC1012994,0
PC1013062,1
PC1013129,0
PC1013212,0
PC1013244,0
PC1013275,1
PC1013315,0
PC1013504,0
PC1013552,0
PC1013627,0
PC1013631,0
PC1013643,0
PC1013733,0
PC1013797,0
PC1014152,0
PC1014192,0
PC1014273,0
PC1014740,0
PC1014942,0
PC1015020,0
PC1015101,0
PC1015155,0
PC1015206,0
PC1015232,0
PC1015332,0
PC1015366,0
PC1015423,0
PC1015629,0
PC1015771,0
PC1015858,0
PC1016080,0
PC1016164,0
PC1016173,0
PC1016278,0
PC1016351,0
PC1016368,0
PC1016513,0
PC1016527,0
PC1016574,0
PC1016779,0
PC1016970,0
PC1017226,1
PC1017288,0
PC1017310,0
PC1017324,0
PC1017348,0
PC1017380,0
PC1017407,0
PC1017409,0
PC1017433,0
PC1017449,0
PC1017501,0
PC1017553,0
PC1017574,0
PC1017591,0
PC1017770,0
PC1017811,0
PC1017834,1
PC1017838,0
PC1017870,0
PC1018324,1
PC1018395,1
PC1018425,1
PC1018863,0
PC1018925,0
PC1018929,1
PC1019095,0
PC1019248,0
PC1019269,0
PC1019313,0
PC1019367,0
PC1019591,0
PC1019597,0
PC1019618,0
PC1019669,0
PC1019731,0
PC1019889,0
PC1019927,0
PC1019972,0
PC1019978,0
PC1020023,0
PC1020151,0
PC1020160,0
PC1020211,0
PC1020258,0
PC1020276,0
PC1020427,0
PC1020470,0
PC1020673,0
PC1020712,0
PC1020743,0
PC1020757,0
PC1020760,0
PC1020797,0
PC1020821,0
PC1020847,0
PC1020971,0
PC1021243,0
PC1021408,0
PC1021659,0
PC1021710,0
PC1021744,0
PC1021812,0
PC1021896,0
PC1021985,1
PC1022000,0
PC1022227,0
PC1022259,0
PC1022297,0
PC1022302,0
PC1022515,1
PC1022521,0
PC1022589,0
PC1022617,0
PC1022704,0
PC1022980,0
PC1023016,0
PC1023033,0
PC1023192,0
PC1023223,0
PC1023237,0
PC1023293,0
PC1023438,0
PC1023443,0
PC1023782,0
PC1023815,0
PC1023878,0
PC1024112,1
PC1024539,0
PC1024680,0
PC1024709,0
PC1024926,0
PC1024984,0
PC1025012,0
PC1025097,0
PC1025167,1
PC1025252,0
PC1025380,0
PC1025410,0
PC1025484,0
PC1025598,0
PC1025621,1
PC1025656,0
PC1025695,0
PC1025747,0
PC1025961,0
PC1026040,0
PC1026065,0
PC1026291,0
PC1026294,0
PC1026372,1
PC1026389,0
PC1026545,0
PC1026558,0
PC1026658,0
PC1027004,0
PC1027072,0
PC1027086,0
PC1027121,0
PC1027123,0
PC1027132,0
PC1027256,0
PC1027339,0
PC1027397,0
PC1027661,0
PC1028020,0
PC1028056,0
PC1028071,0
PC1028110,0
PC1028319,0
PC1028362,0
PC1028372,1
PC1028711,0
PC1028744,0
PC1028764,0
PC1029046,0
PC1029197,0
PC1029224,0
PC1029341,0
PC1029352,0
PC1029363,0
PC1029383,0
PC1029394,0
PC1029621,1
PC1029719,0
PC1029796,1
PC1029811,0
PC1029848,0
PC1030044,1
PC1030093,0
PC1030303,0
PC1030451,0
PC1030464,0
PC1030465,0
PC1030635,0
PC1030816,0
PC1030905,1
PC1031012,0
PC1031152,0
PC1031162,0
PC1031401,0
PC1031414,0
PC1031497,0
PC1031651,0
PC1031703,0
PC1031884,0
PC1031897,0
PC1032017,0
PC1032031,0
PC1032112,0
PC1032197,0
PC1032487,0
PC1032674,0
PC1032887,0
PC1032903,0
PC1033043,0
PC1033095,0
PC1033142,0
PC1033156,1
PC1033157,1
PC1033472,0
PC1033539,0
PC1033614,0
PC1033826,0
PC1033865,1
PC1033879,0
PC1034209,0
PC1034249,0
PC1034429,0
PC1034492,0
PC1034592,0
PC1034611,0
PC1034999,0
PC1035140,0
PC1035304,0
PC1035360,0
PC1035491,0
PC1035509,0
PC1035517,0
PC1035577,0
PC1035656,0
PC1035712,1
PC1035811,0
PC1035927,0
PC1035952,0
PC1035980,0
PC1036211,0
PC1036281,0
PC1036356,0
PC1036446,0
PC1037178,0
PC1037331,0
PC1037362,1
PC1037406,0
PC1037620,0
PC1037900,0
PC1038101,0
PC1038216,0
PC1038264,0
PC1038400,0
PC1038417,0
PC1038579,0
PC1038707,0
PC1038779,0
PC1038905,0
PC1038971,1
PC1038975,0
PC1039008,0
PC1039059,0
PC1039213,0
PC1039234,0
PC1039288,0
PC1039352,0
PC1039401,0
PC1039429,0
PC1039529,0
PC1039556,0
PC1039637,0
PC1039642,0
PC1039775,0
PC1039834,0
PC1039937,0
PC1040009,0
PC1040254,1
PC1040385,0
PC1040570,0
PC1040588,0
PC1040680,1
PC1040871,0
PC1041012,0
PC1041124,0
PC1041165,0
PC1041205,0
PC1041219,0
PC1041458,0
PC1041611,0
PC1041802,0
PC1042012,0
PC1042021,0
PC1042092,0
PC1042103,0
PC1042167,0
PC1042202,0
PC1042299,0
PC1042379,0
PC1042392,0
PC1042488,0
PC1042588,0
PC1042675,0
PC1042683,0
PC1042708,0
PC1042891,0
PC1042981,0
PC1042994,0
PC1043020,0
PC1043030,0
PC1043046,0
PC1043050,0
PC1043088,0
PC1043414,0
PC1043418,0
PC1043455,0
PC1043469,0
PC1043571,0
PC1043726,0
PC1043752,0
PC1043834,0
PC1043841,1
PC1044038,0
PC1044052,0
PC1044053,0
PC1044202,0
PC1044218,0
PC1044268,0
PC1044273,0
PC1044343,1
PC1044451,1
PC1044539,0
PC1044595,0
PC1044718,0
PC1044747,0
PC1044770,0
PC1044920,0
PC1044959,0
PC1044964,0
PC1045060,0
PC1045113,0
PC1045161,0
PC1045505,0
PC1045702,0
PC1045804,1
PC1045828,0
PC1045901,0
PC1045995,0
PC1046037,0
PC1046487,0
PC1046539,1
PC1046554,0
PC1046573,0
PC1046588,0
PC1046672,0
PC1046829,0
PC1046875,0
PC1047197,0
PC1047210,0
PC1047277,0
PC1047526,0
PC1047953,0
PC1048105,0
PC1048229,0
PC1048248,0
PC1048680,0
PC1048791,0
PC1048892,1
PC1048908,0
PC1048927,0
PC1049010,0
PC1049046,0
PC1049130,0
PC1049258,0
PC1049308,0
PC1049357,0
PC1049358,0
PC1049453,0
PC1049781,0
PC1049901,0
PC1050099,0
PC1050105,0
PC1050188,0
PC1050191,0
PC1050300,0
PC1050341,0
PC1050458,0
PC1050479,0
PC1050510,0
PC1050603,0
PC1050611,0
PC1050652,0
PC1050664,0
PC1050667,0
PC1050815,0
PC1050835,0
PC1050855,0
PC1050856,0
PC1050873,0
PC1050878,1
PC1050916,0
PC1051330,0
PC1051358,1
PC1051433,0
PC1051440,0
PC1051503,0
PC1051574,0
PC1051633,0
PC1051857,0
PC1051895,1
PC1052111,0
PC1052167,0
PC1052251,0
PC1052375,0
PC1052414,0
PC1052486,0
PC1052526,0
PC1052585,0
PC1052788,0
PC1052801,0
PC1052824,0
PC1052898,0
PC1052914,1
PC1052922,0
PC1052944,1
PC1052958,0
PC1053018,0
PC1053499,0
PC1053505,0
PC1053562,0
PC1053620,0
PC1053754,0
PC1053891,0
PC1053963,0
PC1054017,0
PC1054034,1
PC1054181,0
PC1054206,0
PC1054292,0
PC1054303,0
PC1054305,1
PC1054310,0
PC1054326,0
PC1054456,0
PC1054619,0
PC1054637,0
PC1054656,0
PC1054669,0
PC1054832,0
PC1054852,0
PC1054865,0
PC1054889,0
PC1055399,0
PC1055427,0
PC1055440,0
PC1055443,0
PC1055493,0
PC1055581,0
PC1055647,0
PC1055660,0
PC1056011,0
PC1056439,0
PC1056441,0
PC1056481,1
PC1056567,0
PC1056676,0
PC1056969,1
PC1057018,0
PC1057248,0
PC1057342,0
PC1057457,0
PC1057534,0
PC1057728,0
PC1057729,0
PC1057853,0
PC1058007,0
PC1058195,0
PC1058201,0
PC1058292,0
PC1058654,0
PC1058828,0
PC1058887,0
PC1059081,0
PC1059135,0
PC1059203,1
PC1059252,0
PC1059353,0
PC1059367,0
PC1059437,0
PC1059527,0
PC1059541,0
PC1059897,0
PC1059998,0
PC1060004,1
PC1060026,0
PC1060053,0
PC1060096,0
PC1060112,0
PC1060145,0
PC1060223,0
PC1060265,0
PC1060501,0
PC1060784,0
PC1060794,0
PC1061086,0
PC1061162,0
PC1061383,0
PC1061557,0
PC1061610,0
PC1061835,1
PC1061962,0
PC1062216,0
PC1062219,0
PC1062268,0
PC1062300,0
PC1062308,0
PC1062486,0
PC1062527,0
PC1062730,0
PC1062807,0
PC1062938,0
PC1063037,0
PC1063044,0
PC1063088,0
PC1063236,0
PC1063373,0
PC1063647,0
PC1063943,0
PC1064099,1
PC1064210,0
PC1064454,0
PC1064787,0
PC1064838,1
PC1065204,0
PC1065313,0
PC1065390,0
PC1065402,0
PC1065557,0
PC1065652,0
PC1065662,0
PC1065686,0
PC1065754,0
PC1065984,0
PC1066231,0
PC1066234,1
PC1066356,0
PC1066455,0
PC1066531,0
PC1066604,0
PC1066831,0
PC1066897,0
PC1067300,0
PC1067316,0
PC1067376,0
PC1067513,0
PC1067618,0
PC1067635,0
PC1067698,0
PC1067741,0
PC1068058,0
PC1068124,0
PC1068166,0
PC1068229,0
PC1068394,0
PC1068488,0
PC1068559,0
PC1068576,0
PC1068634,0
PC1068675,0
PC1068693,0
PC1068726,0
PC1068929,0
PC1069000,0
PC1069046,0
PC1069099,0
PC1069281,0
PC1069404,0
PC1069517,0
PC1069522,0
PC1069621,0
PC1069671,1
PC1069792,0
PC1069876,0
PC1069930,0
PC1069990,0
PC1070016,0
PC1070042,0
PC1070048,0
PC1070055,0
PC1070086,0
PC1070158,0
PC1070344,0
PC1070782,0
PC1070976,0
PC1071015,0
PC1071202,0
PC1071221,0
PC1071240,1
PC1071265,0
PC1071391,0
PC1071459,0
PC1071490,0
PC1071549,0
PC1071616,0
PC1071617,0
PC1071724,0
PC1071825,0
PC1071826,0
PC1071853,0
PC1072021,0
PC1072146,1
PC1072330,0
PC1072391,0
PC1072443,1
PC1072493,0
PC1072546,0
PC1072613,0
PC1072668,0
PC1072723,0
PC1072901,0
PC1072952,0
PC1073125,0
PC1073232,0
PC1073283,1
PC1073297,0
PC1073301,0
PC1073322,0
PC1073383,0
PC1073429,0
PC1073444,0
PC1073557,0
PC1073632,0
PC1073686,1
PC1073767,0
PC1073863,0
PC1073959,1
PC1074044,0
PC1074214,0
PC1074244,0
PC1074494,0
PC1074518,1
PC1074744,0
PC1074762,0
PC1074815,0
PC1074824,0
PC1074998,0
PC1075197,0
PC1075338,0
PC1075433,0
PC1075489,1
PC1075498,1
PC1075508,0
PC1075798,0
PC1075820,0
PC1075829,0
PC1075870,0
PC1076114,0
PC1076254,0
PC1076298,0
PC1076392,1
PC1076443,0
PC1076878,0
PC1077022,0
PC1077053,0
PC1077065,1
PC1077079,1
PC1077202,0
PC1077260,0
PC1077295,0
PC1077427,0
PC1077434,0
PC1077512,0
PC1077660,0
PC1077698,0
PC1077798,0
PC1077897,1
PC1078099,0
PC1078100,0
PC1078241,0
PC1078288,0
PC1078318,0
PC1078396,0
PC1078443,0
PC1078772,0
PC1078855,0
PC1078879,0
PC1079034,0
PC1079072,1
PC1079073,0
PC1079212,0
PC1079266,0
PC1079312,0
PC1079446,1
PC1079486,0
PC1079545,0
PC1079555,0
PC1079579,0
PC1079644,0
PC1079740,0
PC1079752,0
PC1079897,0
PC1079930,0
PC1079942,0
PC1079974,0
PC1080171,0
PC1080208,0
PC1080216,0
PC1080324,0
PC1080328,0
PC1080600,1
PC1080876,0
PC1080988,0
PC1081158,0
PC1081202,0
PC1081322,0
PC1081448,0
PC1081479,0
PC1081665,0
PC1081734,0
PC1081753,0
PC1081772,0
PC1081898,0
PC1082327,0
PC1082356,0
PC1082408,0
PC1082528,0
PC1082558,0
PC1082569,0
PC1082619,0
PC1082649,0
PC1082658,0
PC1082767,0
PC1082788,0
PC1082937,0
PC1083100,0
PC1083299,0
PC1083388,0
PC1083401,0
PC1083405,1
PC1083434,0
PC1083709,0
PC1083744,0
PC1083753,0
PC1083770,0
PC1083788,0
PC1083908,0
PC1083939,0
PC1083992,0
PC1084151,0
PC1084248,0
PC1084359,0
PC1084399,0
PC1084408,0
PC1084468,0
PC1084642,0
PC1084663,0
PC1084759,0
PC1084832,0
PC1085016,0
PC1085087,0
PC1085227,1
PC1085361,0
PC1085388,0
PC1085414,0
PC1085459,0
PC1085539,0
PC1085761,0
PC1085964,0
PC1085985,0
PC1086084,0
PC1086087,0
PC1086104,0
PC1086137,0
PC1086301,0
PC1086304,0
PC1086507,0
PC1086561,0
PC1086581,0
PC1086606,0
PC1087033,0
PC1087209,0
PC1087260,0
PC1087313,0
PC1087387,0
PC1087452,1
PC1087771,0
PC1087778,0
PC1087797,0
PC1087954,0
PC1088036,0
PC1088045,0
PC1088046,0
PC1088052,0
PC1088156,0
PC1088176,0
PC1088194,0
PC1088250,1
PC1088263,0
PC1088441,0
PC1088485,0
PC1088553,0
PC1088625,1
PC1088715,0
PC1088935,0
PC1089081,0
PC1089132,0
PC1089139,0
PC1089171,0
PC1089358,0
PC1089543,1
PC1089626,0
PC1089665,0
PC1089727,0
PC1089786,0
PC1089789,0
PC1089913,0
PC1089993,0
PC1090123,0
PC1090281,0
PC1090430,0
PC1090472,0
PC1090580,0
PC1090585,0
PC1090589,0
PC1090612,0
PC1090649,0
PC1090679,0
PC1090734,0
PC1090754,1
PC1090769,1
PC1090858,0
PC1090865,0
PC1090970,0
PC1091113,0
PC1091147,1
PC1091166,0
PC1091275,0
PC1091348,0
PC1091408,0
PC1091480,0
PC1091518,0
PC1091540,0
PC1091546,0
PC1091582,0
PC1091752,0
PC1091765,0
PC1091934,1
PC1092165,1
PC1092401,0
PC1092411,0
PC1092445,0
PC1092680,0
PC1092715,0
PC1092744,0
PC1093037,1
PC1093111,1
PC1093165,0
PC1093227,0
PC1093308,0
PC1093392,0
PC1093666,0
PC1093707,0
PC1093736,0
PC1093846,0
PC1093865,0
PC1093884,0
PC1093938,0
PC1094268,0
PC1094325,0
PC1094366,1
PC1094445,0
PC1094720,0
PC1094793,0
PC1094863,0
PC1094980,0
PC1095058,0
PC1095122,0
PC1095178,0
PC1095374,0
PC1095440,0
PC1095489,0
PC1095501,0
PC1095513,0
PC1095583,0
PC1095657,0
PC1095977,0
PC1096022,0
PC1096064,1
PC1096069,0
PC1096099,0
PC1096172,0
PC1096293,0
PC1096434,0
PC1096459,0
PC1096533,0
PC1096911,0
PC1097409,0
PC1097488,0
PC1097616,0
PC1097709,0
PC1097784,0
PC1097993,0
PC1098077,0
PC1098102,0
PC1098131,0
PC1098138,0
PC1098226,0
PC1098285,0
PC1098311,0
PC1098336,0
PC1098383,0
PC1098486,0
PC1098547,0
PC1098771,0
PC1098819,0
PC1098828,0
PC1098901,0
PC1098971,0
PC1099055,0
PC1099064,0
PC1099128,0
PC1099148,0
PC1099170,0
PC1099220,0
PC1099230,0
PC1099529,0
PC1099552,0
PC1099568,0
PC1099614,0
PC1099779,0
PC1099885,0
PC1099918,1
PC1099943,0
PC1099956,0
PC1100035,0
PC1100087,0
PC1100126,0
PC1100256,0
PC1100305,1
PC1100332,0
PC1100366,0
PC1100470,0
PC1100483,0
PC1100517,0
PC1100559,1
PC1100566,0
PC1100655,1
PC1100880,0
PC1100979,0
PC1101032,0
PC1101040,0
PC1101099,0
PC1101149,0
PC1101195,0
PC1101214,0
PC1101224,0
PC1101244,0
PC1101376,0
PC1101405,0
PC1101410,0
PC1101453,0
PC1101503,0
PC1101520,0
PC1101646,0
PC1102152,0
PC1102304,1
PC1102336,1
PC1102484,0
PC1102496,0
PC1102593,0
PC1102786,0
PC1102792,1
PC1102888,0
PC1102890,0
PC1103003,0
PC1103298,0
PC1103414,0
PC1103467,0
PC1103611,0
PC1103698,1
PC1103820,1
PC1103822,0
PC1103854,0
PC1103870,0
PC1103923,0
PC1104139,0
PC1104208,0
PC1104451,0
PC1104478,0
PC1104526,0
PC1104556,0
PC1104605,0
PC1104803,0
PC1104875,0
PC1105029,1
PC1105034,1
PC1105187,0
PC1105238,0
PC1105365,0
PC1105451,0
PC1105599,0
PC1105621,0
PC1105953,0
PC1105973,0
PC1106036,0
PC1106067,0
PC1106138,0
PC1106272,0
PC1106398,0
PC1106433,0
PC1106516,0
PC1106820,0
PC1106839,0
PC1106923,0
PC1107022,0
PC1107067,1
PC1107121,0
PC1107265,0
PC1107275,0
PC1107303,0
PC1107328,0
PC1107351,0
PC1107445,0
PC1107794,0
PC1107934,0
PC1108233,0
PC1108292,1
PC1108295,0
PC1108356,0
PC1108409,0
PC1108718,1
PC1108896,0
PC1108967,0
PC1108981,0
PC1109048,0
PC1109359,0
PC1109429,0
PC1109440,0
PC1109517,0
PC1109520,0
PC1109527,0
PC1109682,0
PC1110035,0
PC1110122,0
PC1110176,1
PC1110224,0
PC1110349,0
PC1110367,0
PC1110434,1
PC1110562,0
PC1110786,0
PC1110836,0
PC1110887,0
PC1111106,0
PC1111149,0
PC1111384,0
PC1111450,0
PC1111833,0
PC1111861,0
PC1111982,0
PC1112035,0
PC1112072,0
PC1112257,0
PC1112265,0
PC1112392,1
PC1112419,0
PC1112443,0
PC1112540,0
PC1112551,0
PC1112689,1
PC1112751,1
PC1112781,0
PC1112817,0
PC1112856,0
PC1112896,0
PC1113132,0
PC1113151,0
PC1113455,0
PC1113498,0
PC1113562,0
PC1113634,0
PC1113689,0
PC1113756,0
PC1113827,0
PC1113857,0
PC1113941,0
PC1114178,0
PC1114244,1
PC1114459,0
PC1114624,0
PC1114893,0
PC1115326,0
PC1115331,0
PC1115423,0
PC1115433,0
PC1115529,0
PC1115592,0
PC1115605,0
PC1115607,0
PC1115622,0
PC1115929,0
PC1116050,0
PC1116298,0
PC1116464,0
PC1116741,0
PC1116744,0
PC1116747,0
PC1116784,0
PC1116866,0
PC1116870,0
PC1116908,0
PC1116968,0
PC1117036,0
PC1117164,0
PC1117278,0
PC1117280,0
PC1117363,0
PC1117455,0
PC1117476,0
PC1117577,0
PC1117635,0
PC1117640,0
PC1117671,0
PC1117701,0
PC1117804,0
PC1117871,0
PC1117992,0
PC1118234,0
PC1118244,0
PC1118252,0
PC1118364,0
PC1118500,0
PC1118722,0
PC1118723,0
PC1118726,1
PC1118855,0
PC1118893,0
PC1119007,0
PC1119070,0
PC1119129,0
PC1119158,0
PC1119278,0
PC1119381,0
PC1119428,0
PC1119451,0
PC1119507,0
PC1119622,0
PC1119761,0
PC1120005,1
PC1120085,0
PC1120154,0
PC1120379,0
PC1120419,0
PC1120551,0
PC1120680,0
PC1120816,0
PC1120957,0
PC1120980,0
PC1121010,0
PC1121050,0
PC1121073,0
PC1121128,0
PC1121134,0
PC1121245,0
PC1121585,0
PC1121656,0
PC1121756,0
PC1121805,0
PC1121888,1
PC1121988,0
PC1122074,0
PC1122082,0
PC1122187,0
PC1122306,0
PC1122314,0
PC1122326,0
PC1122433,0
PC1122468,0
PC1122478,0
PC1122582,0
PC1122682,0
PC1122807,0
PC1122885,0
PC1122888,0
PC1122904,0
PC1122917,0
PC1123124,0
PC1123140,0
PC1123236,0
PC1123305,1
PC1123321,0
PC1123323,0
PC1123403,0
PC1123422,0
PC1123521,0
PC1123662,0
PC1123938,0
PC1123957,0
PC1123992,0
PC1124278,0
PC1124381,0
PC1124451,0
PC1124461,0
PC1124507,1
PC1124613,0
PC1124633,0
PC1124687,0
PC1124842,0
PC1124854,0
PC1124876,0
PC1124910,0
PC1125037,0
PC1125281,0
PC1125404,0
PC1125510,1
PC1125625,0
PC1125754,1
PC1125822,0
PC1126109,0
PC1126125,0
PC1126226,0
PC1126234,1
PC1126464,0
PC1126481,0
PC1126521,0
PC1126562,0
PC1126721,0
PC1126771,0
PC1126793,0
PC1127062,0
PC1127081,0
PC1127258,0
PC1127313,0
PC1127394,0
PC1127416,0
PC1127463,1
PC1127534,0
PC1127692,0
PC1127760,0
PC1127798,0
PC1127943,1
PC1127972,1
PC1127991,0
PC1128093,0
PC1128129,0
PC1128176,0
PC1128271,0
PC1128380,0
PC1128445,0
PC1128463,0
PC1128521,0
PC1128544,1
PC1128821,0
PC1128828,1
PC1128956,0
PC1128993,0
PC1129251,0
PC1129312,0
PC1129590,0
PC1129756,0
PC1129768,0
PC1129960,1
PC1130043,0
PC1130107,0
PC1130144,0
PC1130206,0
PC1130294,0
PC1130346,1
PC1130407,0
PC1130416,0
PC1130508,0
PC1130745,0
PC1130787,1
PC1130857,0
PC1130942,0
PC1131092,0
PC1131126,0
PC1131150,0
PC1131161,0
PC1131267,0
PC1131310,0
PC1131452,0
PC1131464,0
PC1131475,0
PC1131502,0
PC1131580,0
PC1131620,0
PC1131674,1
PC1131709,0
PC1131832,0
PC1131895,0
PC1132033,0
PC1132454,1
PC1132465,0
PC1132553,0
PC1132680,0
PC1133266,0
PC1133283,0
PC1133386,0
PC1133456,0
PC1133579,0
PC1133742,0
PC1133959,0
PC1134093,0
PC1134236,0
PC1134269,0
PC1134308,0
PC1134312,0
PC1134327,0
PC1134634,0
PC1134646,0
PC1134701,0
PC1134719,0
PC1134843,0
PC1134844,0
PC1135133,1
PC1135194,0
PC1135456,0
PC1135496,0
PC1135621,1
PC1135660,1
PC1135668,0
PC1135866,0
PC1135884,0
PC1136093,0
PC1136169,0
PC1136177,0
PC1136241,0
PC1136278,0
PC1136539,1
PC1136599,0
PC1136628,0
PC1136673,0
PC1136867,0
PC1137230,0
PC1137276,0
PC1137366,0
PC1137472,0
PC1137550,0
PC1137558,0
PC1137590,0
PC1137608,0
PC1137629,0
PC1137718,0
PC1137757,0
PC1137771,0
PC1137807,0
PC1137860,0
PC1138017,0
PC1138049,0
PC1138067,0
PC1138080,0
PC1138299,0
PC1138376,0
PC1138450,1
PC1138571,0
PC1138816,0
PC1138847,0
PC1138889,0
PC1139188,0
PC1139210,0
PC1139269,0
PC1139309,0
PC1139442,1
PC1139457,0
PC1139564,0
PC1139654,0
PC1139794,0
PC1139886,0
PC1140190,0
PC1140223,0
PC1140226,0
PC1140260,0
PC1140350,0
PC1140512,1
PC1140558,0
PC1140750,0
PC1140789,0
PC1140852,0
PC1140881,1
PC1141191,0
PC1141238,0
PC1141407,0
PC1141538,0
PC1141605,0
PC1141719,0
PC1141817,0
PC1141871,0
PC1141888,0
PC1141928,0
PC1142077,0
PC1142259,0
PC1142301,0
PC1142326,0
PC1142538,0
PC1142671,0
PC1142674,0
PC1142911,1
PC1143220,0
PC1143247,0
PC1143361,0
PC1143426,0
PC1143512,0
PC1143528,0
PC1143537,0
PC1143606,0
PC1143748,0
PC1143776,0
PC1143811,0
PC1143901,0
PC1143904,0
PC1143972,0
PC1144026,0
PC1144037,0
PC1144070,0
PC1144160,0
PC1144232,0
PC1144268,0
PC1144297,0
PC1144340,0
PC1144407,0
PC1144509,0
PC1144698,0
PC1144700,0
PC1144744,1
PC1144830,0
PC1144902,0
PC1144931,0
PC1144991,0
PC1145299,0
PC1145691,0
PC1145743,0
PC1146035,0
PC1146095,0
PC1146301,0
PC1146426,0
PC1146429,0
PC1146495,0
PC1146686,0
PC1146785,0
PC1147133,0
PC1147452,0
PC1147545,0
PC1147638,0
PC1147899,0
PC1147978,0
PC1147986,0
PC1148494,0
PC1148519,0
PC1148624,0
PC1148681,0
PC1148701,0
PC1148745,0
PC1149060,0
PC1149095,0
PC1149455,1
PC1149552,0
PC1149584,0
PC1149779,0
PC1149789,0
PC1149791,0
PC1149811,0
PC1150236,0
PC1150250,0
PC1150291,0
PC1150374,0
PC1150480,0
PC1150550,0
PC1150614,1
PC1151085,0
PC1151194,0
PC1151230,0
PC1151308,0
PC1151420,0
PC1151520,0
PC1151609,0
PC1151694,0
PC1151851,0
PC1152054,1
PC1152079,0
PC1152109,0
PC1152286,0
PC1152365,1
PC1152464,0
PC1152550,0
PC1152815,0
PC1152865,0
PC1152910,0
PC1152933,1
PC1153103,1
PC1153104,0
PC1153229,0
PC1153296,0
PC1153411,1
PC1153632,0
PC1153672,0
PC1153749,0
PC1153993,1
PC1154029,0
PC1154083,0
PC1154401,0
PC1154422,0
PC1154489,1
PC1154510,0
PC1154521,0
PC1154525,0
PC1154528,0
PC1154534,0
PC1154542,0
PC1154577,0
PC1154636,0
PC1154662,1
PC1154969,0
PC1155145,0
PC1155185,0
PC1155305,1
PC1155364,1
PC1155399,0
PC1155484,0
PC1155849,0
PC1155971,0
PC1155984,0
PC1156107,0
PC1156317,0
PC1156460,0
PC1156591,0
PC1156624,0
PC1156688,0
PC1156699,0
PC1156708,0
PC1156735,0
PC1156841,1
PC1156849,0
PC1156895,0
PC1156911,0
PC1156931,0
PC1157109,0
PC1157461,0
PC1157566,0
PC1157585,0
PC1157591,0
PC1157672,0
PC1157729,1
PC1157875,0
PC1157938,0
PC1158012,0
PC1158075,0
PC1158127,1
PC1158261,0
PC1158473,0
PC1158557,0
PC1158634,0
PC1158769,0
PC1158947,0
PC1158993,0
PC1159147,0
PC1159194,1
PC1159208,1
PC1159240,0
PC1159290,0
PC1159353,0
PC1159373,0
PC1159413,0
PC1159630,0
PC1159728,0
PC1159883,0
PC1159903,0
PC1159912,0
PC1159964,0
PC1160035,0
PC1160110,0
PC1160213,0
PC1160246,0
PC1160289,0
PC1160389,1
PC1160429,0
PC1160482,0
PC1160569,0
PC1160629,0
PC1160645,0
PC1160724,0
PC1160889,0
PC1160897,0
PC1160957,1
PC1161310,0
PC1161315,0
PC1161567,0
PC1161628,0
PC1161632,0
PC1161648,0
PC1161662,0
PC1161674,0
PC1161708,0
PC1161773,0
PC1161834,0
PC1161865,0
PC1161913,0
PC1161981,0
PC1162074,1
PC1162078,0
PC1162238,0
PC1162315,0
PC1162321,0
PC1162568,1
PC1162570,0
PC1162807,0
PC1162904,0
PC1163246,0
PC1163266,0
PC1163303,0
PC1163403,0
PC1163520,0
PC1163524,0
PC1163710,0
PC1163761,0
PC1163797,0
PC1163879,1
PC1163909,0
PC1163928,0
PC1163956,0
PC1164042,0
PC1164119,0
PC1164203,0
PC1164208,0
PC1164577,0
PC1164764,0
PC1164828,0
PC1164837,0
PC1164866,0
PC1164930,1
PC1165156,0
PC1165607,1
PC1165622,0
PC1165867,0
PC1165955,0
PC1165961,0
PC1166173,0
PC1166195,0
PC1166292,0
PC1166386,1
PC1166397,0
PC1166563,0
PC1166641,0
PC1166704,0
PC1166765,0
PC1166950,0
PC1167085,0
PC1167201,0
PC1167216,0
PC1167343,0
PC1167452,1
PC1167537,0
PC1167598,0
PC1167726,0
PC1167813,0
PC1167986,0
PC1167988,0
PC1168073,0
PC1168115,0
PC1168234,0
PC1168248,0
PC1168258,0
PC1168324,0
PC1168374,0
PC1168406,0
PC1168417,0
PC1168554,0
PC1168609,0
PC1168754,0
PC1168893,0
PC1168963,0
PC1169022,0
PC1169385,0
PC1169534,0
PC1169582,0
PC1169603,0
PC1169693,0
PC1169704,0
PC1169843,0
PC1169863,0
PC1169914,1
PC1170082,0
PC1170206,0
PC1170333,0
PC1170381,0
PC1170394,0
PC1170396,0
PC1170550,1
PC1170567,0
PC1170707,0
PC1170771,0
PC1170953,0
PC1171085,0
PC1171249,0
PC1171385,0
PC1171414,0
PC1171464,0
PC1171469,0
PC1171507,1
PC1171511,0
PC1171527,0
PC1171563,0
PC1171567,0
PC1171627,0
PC1171688,0
PC1171798,0
PC1171860,0
PC1171867,0
PC1171958,0
PC1172140,0
PC1172157,0
PC1172175,0
PC1172212,0
PC1172220,0
PC1172224,0
PC1172418,0
PC1172434,0
PC1172466,0
PC1172468,0
PC1172617,0
PC1172712,0
PC1172951,0
PC1173372,0
PC1173530,0
PC1173612,0
PC1173640,1
PC1173686,0
PC1173729,0
PC1173811,0
PC1173849,0
PC1173888,0
PC1173989,0
PC1174356,0
PC1174377,0
PC1174667,0
PC1174685,1
PC1174927,0
PC1174967,0
PC1175102,0
PC1175142,0
PC1175151,0
PC1175171,0
PC1175208,0
PC1175286,0
PC1175365,0
PC1175438,0
PC1175674,0
PC1175709,0
PC1175741,0
PC1175892,0
PC1176070,0
PC1176128,0
PC1176132,0
PC1176235,0
PC1176531,0
PC1176578,0
PC1176588,0
PC1176878,0
PC1176949,0
PC1176983,0
PC1177217,0
PC1177307,0
PC1177339,0
PC1177393,1
PC1177423,0
PC1177438,0
PC1177442,0
PC1177496,0
PC1177716,0
PC1177823,0
PC1177934,1
PC1178010,0
PC1178087,0
PC1178110,0
PC1178410,0
PC1178494,0
PC1178503,0
PC1178577,1
PC1178623,0
PC1178720,0
PC1178825,0
PC1178832,0
PC1178878,0
PC1178925,0
PC1178948,0
PC1179245,0
PC1179286,0
PC1179298,1
PC1179416,0
PC1179441,0
PC1179473,0
PC1179478,0
PC1179618,0
PC1179646,0
PC1179783,0
PC1179848,0
PC1179914,0
PC1180038,0
PC1180074,0
PC1180115,0
PC1180142,0
PC1180162,1
PC1180168,0
PC1180368,0
PC1180532,0
PC1180690,0
PC1180868,0
PC1180965,0
PC1181040,0
PC1181215,0
PC1181409,0
PC1181444,0
PC1181595,0
PC1181628,0
PC1181762,0
PC1181914,0
PC1181980,0
PC1182064,0
PC1182068,0
PC1182186,0
PC1182316,0
PC1182380,1
PC1182430,0
PC1182502,0
PC1182573,0
PC1182615,0
PC1182616,0
PC1182657,0
PC1182714,0
PC1182901,0
PC1182902,1
PC1182924,0
PC1182930,0
PC1182938,0
PC1183122,0
PC1183169,0
PC1183187,0
PC1183331,1
PC1183352,0
PC1183507,0
PC1183581,0
PC1183597,0
PC1183746,0
PC1183858,0
PC1184252,0
PC1184347,0
PC1184370,0
PC1184455,0
PC1184456,0
PC1184609,0
PC1184672,0
PC1184706,0
PC1184816,1
PC1184832,0
PC1184893,0
PC1184923,0
PC1185019,0
PC1185231,0
PC1185233,0
PC1185357,0
PC1185390,0
PC1185432,0
PC1185490,0
PC1185510,0
PC1185582,0
PC1185625,0
PC1185754,0
PC1185811,1
PC1185875,1
PC1186113,0
PC1186115,0
PC1186153,1
PC1186224,0
PC1186252,0
PC1186314,0
PC1186467,0
PC1186517,0
PC1186718,0
PC1186875,0
PC1187038,1
PC1187282,0
PC1187294,1
PC1187362,0
PC1187749,0
PC1187862,0
PC1187920,0
PC1188179,0
PC1188250,1
PC1188366,1
PC1188463,0
PC1188490,0
PC1188538,0
PC1188865,0
PC1188878,0
PC1188947,0
PC1189041,0
PC1189300,0
PC1189506,0
PC1189665,0
PC1189730,0
PC1189744,0
PC1189803,0
PC1189856,0
PC1190062,0
PC1190075,0
PC1190324,0
PC1190346,0
PC1190396,0
PC1190471,0
PC1190540,0
PC1190653,0
PC1190941,0
PC1190944,0
PC1190955,0
PC1191133,0
PC1191280,0
PC1191292,0
PC1191326,0
PC1191333,0
PC1191441,0
PC1191496,0
PC1191532,0
PC1191729,0
PC1191763,0
PC1191783,0
PC1191887,0
PC1191918,0
PC1192255,0
PC1192374,0
PC1192392,0
PC1192547,0
PC1192616,0
PC1192636,0
PC1192678,0
PC1192788,0
PC1192795,0
PC1192864,1
PC1193066,0
PC1193097,0
PC1193105,0
PC1193118,0
PC1193286,1
PC1193319,0
PC1193333,0
PC1193417,1
PC1193445,0
PC1193582,0
PC1193583,0
PC1193645,0
PC1193707,0
PC1193760,1
PC1193824,0
PC1193839,0
PC1193957,0
PC1194127,0
PC1194275,0
PC1194321,0
PC1194396,0
PC1194533,0
PC1194618,0
PC1194623,0
PC1194688,0
PC1194737,1
PC1194813,1
PC1194904,0
PC1194976,0
PC1194985,0
PC1195047,0
PC1195132,1
PC1195155,0
PC1195186,0
PC1195223,0
PC1195408,0
PC1195451,0
PC1195473,0
PC1195555,0
PC1195561,0
PC1195564,0
PC1195710,0
PC1195845,0
PC1196025,0
PC1196596,0
PC1196749,0
PC1196754,1
PC1196785,0
PC1196934,0
PC1196949,0
PC1196952,0
PC1196981,0
PC1197028,0
PC1197080,0
PC1197139,0
PC1197201,0
PC1197284,0
PC1197306,0
PC1197433,0
PC1197499,1
PC1197628,0
PC1197790,0
PC1197913,0
PC1198011,0
PC1198162,0
PC1198213,0
PC1198279,0
PC1198392,1
PC1198401,0
PC1198418,0
PC1198451,0
PC1198515,0
PC1198581,0
PC1198884,0
PC1198885,0
PC1198886,0
PC1199075,0
PC1199089,0
PC1199289,0
PC1199315,0
PC1199343,0
PC1199536,0
PC1199586,0
PC1199596,0
PC1199606,0
PC1199654,0
PC1199771,1
PC1199816,0
PC1199982,0
PC1200012,0
PC1200109,0
PC1200167,0
PC1200179,0
PC1200226,0
PC1200343,0
PC1200383,0
PC1200474,0
PC1200481,1
PC1200649,0
PC1200714,0
PC1200831,0
PC1200836,0
PC1200897,0
PC1200900,0
PC1201001,0
PC1201042,0
PC1201103,0
PC1201135,0
PC1201356,0
PC1201431,0
PC1201588,0
PC1201639,0
PC1201692,0
PC1201729,0
PC1201739,0
PC1201782,0
PC1201958,0
PC1201982,0
PC1201987,0
PC1202145,1
PC1202272,0
PC1202544,0
PC1202787,0
PC1203017,0
PC1203084,0
PC1203114,0
PC1203164,0
PC1203219,0
PC1203250,1
PC1203259,0
PC1203560,1
PC1203649,0
PC1203673,0
PC1203812,1
PC1203984,0
PC1204026,0
PC1204117,0
PC1204212,0
PC1204468,0
PC1204616,0
PC1204623,0
PC1204639,0
PC1204816,0
PC1205243,0
PC1205313,0
PC1205372,0
PC1205393,0
PC1205602,0
PC1205669,0
PC1205805,0
PC1205997,0
PC1206263,0
PC1206392,0
PC1206640,0
PC1206714,0
PC1206753,0
PC1206808,0
PC1207161,0
PC1207181,1
PC1207185,0
PC1207560,0
PC1207568,0
PC1207593,0
PC1207622,0
PC1207689,0
PC1207690,0
PC1207762,0
PC1208077,0
PC1208094,0
PC1208105,0
PC1208289,0
PC1208520,0
PC1208681,0
PC1208903,0
PC1208922,0
PC1208960,0
PC1209078,0
PC1209176,0
PC1209217,0
PC1209299,0
PC1209334,0
PC1209341,0
PC1209354,0
PC1209445,0
PC1209473,0
PC1209527,0
PC1209638,0
PC1209899,1
PC1209988,0
PC1210228,0
PC1210243,0
PC1210249,0
PC1210255,0
PC1210290,0
PC1210477,0
PC1210507,0
PC1210657,0
PC1210719,0
PC1210747,0
PC1210995,0
PC1211078,0
PC1211385,0
PC1211451,0
PC1211675,0
PC1211763,0
PC1211820,0
PC1211824,0
PC1211860,0
PC1211931,0
PC1212289,0
PC1212370,0
PC1212500,0
PC1212528,0
PC1212536,0
PC1212599,0
PC1212621,0
PC1212770,0
PC1212773,0
PC1212780,0
PC1212850,0
PC1212868,0
PC1213055,1
PC1213184,0
PC1213300,0
PC1213327,0
PC1213411,0
PC1213476,0
PC1213486,0
PC1213610,0
PC1213656,0
PC1213765,0
PC1214076,0
PC1214197,0
PC1214268,0
PC1214422,0
PC1214624,0
PC1214716,0
PC1214783,0
PC1214807,0
PC1214831,0
PC1214929,0
PC1215305,0
PC1215737,0
PC1215949,0
PC1216110,0
PC1216170,0
PC1216224,0
PC1216480,0
PC1216591,0
PC1216601,0
PC1216649,0
PC1216811,0
PC1216891,1
PC1217048,0
PC1217086,0
PC1217117,0
PC1217250,0
PC1217353,1
PC1217521,0
PC1217661,0
PC1218082,0
PC1218190,0
PC1218247,0
PC1218311,0
PC1218494,0
PC1218549,0
PC1218658,0
PC1218826,0
PC1218852,0
PC1218928,0
PC1219061,1
PC1219117,0
PC1219148,0
PC1219419,0
PC1219535,0
PC1219723,0
PC1219982,0
PC1220110,0
PC1220269,0
PC1220345,0
PC1220580,0
PC1220665,0
PC1220758,0
PC1220774,0
PC1220783,0
PC1221077,0
PC1221111,0
PC1221183,0
PC1221222,0
PC1221341,0
PC1221369,0
PC1221396,0
PC1221449,0
PC1221542,0
PC1221561,0
PC1221661,1
PC1221699,1
PC1221790,0
PC1221806,0
PC1221810,0
PC1221986,0
PC1222005,0
PC1222246,0
PC1222250,1
PC1222338,0
PC1222428,0
PC1222506,0
PC1222634,0
PC1222842,0
PC1222929,0
PC1223548,0
PC1223666,1
PC1223898,0
PC1223917,0
PC1223989,1
PC1224161,0
PC1224304,0
PC1224314,1
PC1224327,0
PC1224380,0
PC1224427,0
PC1224469,0
PC1224534,0
PC1224599,0
PC1224835,0
PC1224871,0
PC1225023,0
PC1225047,0
PC1225148,0
PC1225464,0
PC1225748,0
PC1225820,0
PC1226101,0
PC1226165,0
PC1226182,0
PC1226239,1
PC1226357,0
PC1226412,0
PC1226514,0
PC1226915,0
PC1226918,0
PC1226998,0
PC1227000,0
PC1227144,0
PC1227157,0
PC1227248,0
PC1227367,0
PC1227465,0
PC1227544,0
PC1227675,0
PC1227700,0
PC1227729,0
PC1227858,0
PC1227887,0
PC1228025,0
PC1228051,0
PC1228311,0
PC1228344,1
PC1228501,0
PC1228633,0
PC1228845,0
PC1229010,0
PC1229205,0
PC1229288,0
PC1229289,0
PC1229364,0
PC1229471,0
PC1229515,0
PC1229521,0
PC1229605,0
PC1229690,1
PC1229801,0
PC1229912,0
PC1230020,0
PC1230066,0
PC1230156,0
PC1230166,1
PC1230346,0
PC1230377,0
PC1230508,0
PC1230541,0
PC1230710,0
PC1230748,0
PC1230794,0
PC1230960,0
PC1231182,0
PC1231396,1
PC1231594,0
PC1231785,0
PC1231795,0
PC1231851,0
PC1232219,0
PC1232231,0
PC1232257,0
PC1232518,0
PC1232540,0
PC1232553,0
PC1232636,0
PC1232666,0
PC1232987,1
PC1233004,0
PC1233073,0
PC1233107,0
PC1233245,0
PC1233323,0
PC1233481,0
PC1233537,0
PC1233608,0
PC1233719,0
PC1233890,0
PC1233960,0
PC1234050,0
PC1234067,0
PC1234129,1
PC1234227,0
PC1234344,0
PC1234380,0
PC1234467,0
PC1234528,0
PC1234553,0
PC1234777,0
PC1234782,0
PC1235149,0
PC1235180,0
PC1235203,0
PC1235263,0
PC1235342,0
PC1235395,0
PC1235521,0
PC1235612,0
PC1235629,0
PC1235758,0
PC1235803,0
PC1235847,0
PC1235889,0
PC1235918,0
PC1236235,0
PC1236343,0
PC1236405,0
PC1236427,0
PC1236762,1
PC1236798,0
PC1236954,0
PC1237180,0
PC1237260,0
PC1237302,0
PC1237366,0
PC1237642,0
PC1237767,0
PC1237790,0
PC1237821,0
PC1237875,0
PC1238052,0
PC1238060,0
PC1238173,0
PC1238192,0
PC1238259,0
PC1238321,0
PC1238340,0
PC1238481,0
PC1238564,0
PC1238576,0
PC1238596,0
PC1238606,0
PC1238698,0
PC1238769,0
PC1238819,0
PC1238839,0
PC1238916,0
PC1238990,0
PC1239235,0
PC1239299,0
PC1239479,0
PC1239491,0
PC1239631,0
PC1239829,0
PC1239962,0
PC1239964,0
PC1240047,0
PC1240167,0
PC1240196,0
PC1240331,0
PC1240511,0
PC1240546,0
PC1240598,0
PC1240707,1
PC1240900,0
PC1240926,0
PC1241009,0
PC1241147,0
PC1241446,1
PC1241455,0
PC1241463,0
PC1241552,0
PC1241559,0
PC1241589,0
PC1241819,0
PC1241958,0
PC1242038,0
PC1242081,0
PC1242309,0
PC1242397,0
PC1242438,0
PC1242571,1
PC1242670,0
PC1242916,0
PC1242939,0
PC1243008,0
PC1243024,0
PC1243152,1
PC1243226,0
PC1243246,0
PC1243423,0
PC1243500,1
PC1243618,0
PC1243712,0
PC1243734,0
PC1244046,0
PC1244192,0
PC1244201,0
PC1244205,0
PC1244209,0
PC1244250,0
PC1244327,1
PC1244381,0
PC1244444,0
PC1244511,0
PC1244652,0
PC1244748,0
PC1244782,0
PC1245065,0
PC1245156,0
PC1245325,0
PC1245348,0
PC1245419,0
PC1245429,0
PC1245449,0
PC1245459,0
PC1245463,0
PC1245506,0
PC1245644,0
PC1245663,0
PC1245682,0
PC1245695,0
PC1245794,0
PC1245825,1
PC1245940,0
PC1245988,0
PC1246067,0
PC1246080,0
PC1246213,0
PC1246280,0
PC1246406,0
PC1246542,0
PC1246559,0
PC1247034,0
PC1247125,0
PC1247266,0
PC1247334,0
PC1247402,0
PC1247429,0
PC1247618,0
PC1247850,0
PC1247891,0
PC1247958,0
PC1248029,1
PC1248054,0
PC1248388,0
PC1248783,0
PC1248827,0
PC1248912,1
PC1249063,1
PC1249148,0
PC1249205,0
PC1249422,0
PC1249455,0
PC1249499,0
PC1249627,0
PC1249670,0
PC1249690,0
PC1249745,0
PC1249758,1
PC1249774,0
PC1250095,0
PC1250259,1
PC1250401,0
PC1250451,0
PC1250462,0
PC1250581,0
PC1250749,0
PC1250817,0
PC1250824,0
PC1251256,0
PC1251270,0
PC1251353,0
PC1251359,0
PC1251447,0
PC1251474,0
PC1251663,0
PC1251769,0
PC1251796,0
PC1251857,0
PC1251960,0
PC1251967,0
PC1251970,0
PC1251999,0
PC1252001,0
PC1252076,0
PC1252113,0
PC1252122,0
PC1252211,0
PC1252424,0
PC1252441,0
PC1252674,0
PC1252764,0
PC1252780,0
PC1252826,0
PC1252862,0
PC1253118,0
PC1253230,0
PC1253267,0
PC1253310,0
PC1253438,0
PC1253450,1
PC1253478,0
PC1253542,0
PC1253687,0
PC1253761,0
PC1253775,0
PC1253829,0
PC1253879,0
PC1253924,0
PC1254139,0
PC1254405,0
PC1254417,0
PC1254421,0
PC1254535,0
PC1254638,0
PC1254959,0
PC1255162,0
PC1255275,0
PC1255342,0
PC1255426,0
PC1255498,1
PC1255523,0
PC1255544,0
PC1255699,0
PC1255705,0
PC1255756,0
PC1255899,0
PC1256020,0
PC1256283,0
PC1256315,0
PC1256547,0
PC1256872,0
PC1256971,0
PC1257015,0
PC1257085,0
PC1257200,0
PC1257224,0
PC1257309,0
PC1257332,0
PC1257455,0
PC1257538,1
PC1257601,0
PC1257783,0
PC1258042,0
PC1258136,0
PC1258190,1
PC1258202,0
PC1258397,0
PC1258454,1
PC1258460,0
PC1258518,0
PC1258521,0
PC1258575,0
PC1258600,0
PC1258657,0
PC1258853,0
PC1258865,0
PC1258924,0
PC1258939,0
PC1258999,0
PC1259074,0
PC1259154,0
PC1259273,0
PC1259322,0
PC1259371,0
PC1259428,0
PC1259446,0
PC1259467,0
PC1259493,0
PC1259579,0
PC1259607,0
PC1259886,0
PC1260212,0
PC1260222,0
PC1260332,0
PC1260344,0
PC1260345,0
PC1260391,0
PC1260405,1
PC1260444,1
PC1260598,0
PC1260680,0
PC1260685,0
PC1260688,0
PC1260717,0
PC1260795,0
PC1261006,0
PC1261053,0
PC1261117,0
PC1261131,0
PC1261332,0
PC1261426,1
PC1261470,0
PC1261500,0
PC1261740,0
PC1261938,0
PC1262034,0
PC1262214,0
PC1262284,0
PC1262361,0
PC1262421,0
PC1262623,0
PC1262942,0
PC1262946,0
PC1262959,0
PC1262983,0
PC1262997,0
PC1263000,0
PC1263141,0
PC1263328,0
PC1263405,0
PC1263448,0
PC1263540,0
PC1263636,1
PC1263662,0
PC1263825,0
PC1264027,0
PC1264108,0
PC1264437,0
PC1264573,0
PC1264589,0
PC1264630,0
PC1264709,0
PC1264812,0
PC1264844,0
PC1265029,0
PC1265369,0
PC1265698,0
PC1265770,0
PC1266032,0
PC1266138,0
PC1266315,0
PC1266430,0
PC1266474,0
PC1266695,0
PC1266709,0
PC1266721,0
PC1266814,0
PC1266829,0
PC1267054,0
PC1267279,0
PC1267386,0
PC1267388,0
PC1267550,0
PC1268031,0
PC1268035,0
PC1268084,0
PC1268253,0
PC1268483,0
PC1268526,0
PC1268578,0
PC1268603,0
PC1268627,0
PC1268712,0
PC1268829,0
PC1269001,0
PC1269023,0
PC1269092,1
PC1269109,1
PC1269198,0
PC1269249,0
PC1269452,0
PC1269842,0
PC1269865,0
PC1269885,0
PC1269899,0
PC1270011,0
PC1270039,0
PC1270136,0
PC1270191,0
PC1270418,0
PC1270482,0
PC1270759,0
PC1270797,0
PC1270865,0
PC1270932,0
PC1271118,0
PC1271191,0
PC1271370,0
PC1271448,0
PC1271735,0
PC1271915,1
PC1272117,0
PC1272390,0
PC1272394,0
PC1272521,0
PC1272812,0
PC1272893,0
PC1273007,0
PC1273096,0
PC1273213,0
PC1273421,0
PC1273443,0
PC1273541,0
PC1273631,0
PC1273798,1
PC1273861,0
PC1273899,0
PC1273958,0
PC1273960,1
PC1274130,0
PC1274243,0
PC1274289,1
PC1274450,0
PC1274460,0
PC1274511,0
PC1274518,0
PC1274530,0
PC1274709,0
PC1274713,0
PC1274931,1
PC1275045,0
PC1275048,0
PC1275205,0
PC1275238,0
PC1275332,0
PC1275476,1
PC1275482,1
PC1275496,1
PC1275547,0
PC1275553,0
PC1275691,0
PC1275803,0
PC1275873,0
PC1275989,0
PC1275997,0
PC1276096,0
PC1276184,0
PC1276337,0
PC1276456,0
PC1276637,0
PC1276686,0
PC1276724,0
PC1276745,0
PC1276834,0
PC1276898,0
PC1276908,0
PC1276947,0
PC1277005,0
PC1277163,0
PC1277248,0
PC1277253,0
PC1277259,0
PC1277334,0
PC1277556,0
PC1277600,0
PC1277980,0
PC1277986,0
PC1278104,0
PC1278145,0
PC1278177,0
PC1278202,0
PC1278208,0
PC1278291,0
PC1278320,0
PC1278339,0
PC1278349,1
PC1278415,0
PC1278531,0
PC1278547,0
PC1278822,0
PC1278906,0
PC1279038,0
PC1279047,0
PC1279201,0
PC1279396,0
PC1279535,0
PC1279567,0
PC1279632,0
PC1279645,1
PC1279658,0
PC1279766,0
PC1279902,0
PC1279926,0
PC1280082,0
PC1280261,1
PC1280268,0
PC1280429,0
PC1280452,0
PC1280534,0
PC1280563,0
PC1280639,0
PC1280641,0
PC1280728,0
PC1280833,0
PC1280896,0
PC1280931,0
PC1280981,0
PC1281044,0
PC1281133,0
PC1281253,0
PC1281260,0
PC1281366,1
PC1281400,0
PC1281436,0
PC1281441,1
PC1281775,0
PC1281951,0
PC1281954,0
PC1282023,0
PC1282029,0
PC1282087,0
PC1282198,1
PC1282318,0
PC1282409,0
PC1282437,0
PC1282455,0
PC1282597,0
PC1282761,0
PC1282825,0
PC1282826,0
PC1283001,0
PC1283171,0
PC1283337,1
PC1283478,0
PC1283531,0
PC1283541,0
PC1283643,0
PC1283858,0
PC1283893,0
PC1284101,0
PC1284189,0
PC1284491,0
PC1284556,0
PC1284563,0
PC1284630,0
PC1284772,0
PC1284942,0
PC1285112,0
PC1285151,0
PC1285211,0
PC1285350,0
PC1285390,0
PC1285453,1
PC1285455,0
PC1285562,0
PC1285878,0
PC1285880,0
PC1285922,0
PC1285924,0
PC1286286,0
PC1286385,0
PC1286598,0
PC1286797,0
PC1286891,0
PC1287020,0
PC1287261,0
PC1287434,0
PC1287496,1
PC1287901,0
PC1287942,0
PC1287946,0
PC1287970,0
PC1288005,0
PC1288074,0
PC1288128,0
PC1288199,0
PC1288269,0
PC1288512,0
PC1288551,0
PC1288638,0
PC1288646,0
PC1288770,0
PC1288846,0
PC1288981,0
PC1289144,1
PC1289338,0
PC1289349,0
PC1289367,0
PC1289396,0
PC1289522,0
PC1289555,0
PC1289714,0
PC1289737,0
PC1289989,1
PC1290126,0
PC1290162,0
PC1290341,0
PC1290383,0
PC1290591,0
PC1290624,0
PC1290658,0
PC1290664,0
PC1290841,1
PC1290966,1
PC1290995,0
PC1291001,0
PC1291030,0
PC1291583,0
PC1291669,0
PC1291679,0
PC1291683,0
PC1291718,0
PC1291846,0
PC1292170,0
PC1292197,0
PC1292201,0
PC1292212,1
PC1292391,0
PC1292395,0
PC1292435,0
PC1292540,0
PC1292616,0
PC1292894,0
PC1293213,0
PC1293398,0
PC1293435,0
PC1293447,0
PC1293484,0
PC1293657,0
PC1293694,0
PC1293747,0
PC1293754,0
PC1293867,0
PC1293969,0
PC1294128,0
PC1294178,0
PC1294230,0
PC1294257,0
PC1294347,0
PC1294476,0
PC1294547,0
PC1294551,1
PC1294613,0
PC1294645,0
PC1294826,0
PC1295014,0
PC1295046,0
PC1295076,1
PC1295090,0
PC1295176,1
PC1295197,0
PC1295248,0
PC1295311,0
PC1295328,0
PC1295506,0
PC1295608,0
PC1295662,0
PC1295824,0
PC1295883,1
PC1296074,1
PC1296079,0
PC1296100,0
PC1296154,0
PC1296238,0
PC1296314,0
PC1296789,0
PC1296808,0
PC1296853,0
PC1296877,0
PC1296894,0
PC1296917,0
PC1296952,0
PC1296973,0
PC1297295,0
PC1297326,0
PC1297336,0
PC1297366,0
PC1297547,0
PC1297591,0
PC1297609,1
PC1297692,0
PC1297761,0
PC1297772,1
PC1297814,0
PC1297924,0
PC1297983,0
PC1298013,0
PC1298045,0
PC1298201,0
PC1298412,0
PC1298529,0
PC1298542,0
PC1298644,1
PC1298696,0
PC1298770,0
PC1298877,0
PC1299229,0
PC1299242,1
PC1299273,0
PC1299293,0
PC1299297,0
PC1299368,0
PC1299530,0
PC1299592,0
PC1299606,0
PC1299722,0
PC1299970,0
PC1300226,0
PC1300268,0
PC1300578,0
PC1300692,1
PC1300710,0
PC1300728,0
PC1300750,1
PC1300775,0
PC1300783,0
PC1300892,0
PC1300920,0
PC1300987,1
PC1301194,0
PC1301275,0
PC1301329,1
PC1301492,0
PC1301543,0
PC1301713,0
PC1302026,0
PC1302075,0
PC1302090,0
PC1302207,0
PC1302361,0
PC1302493,0
PC1302786,0
PC1302893,0
PC1303040,0
PC1303085,0
PC1303211,0
PC1303220,0
PC1303232,1
PC1303258,0
PC1303296,0
PC1303386,0
PC1303470,0
PC1303588,0
PC1303853,0
PC1303860,0
PC1303862,0
PC1304110,0
PC1304162,0
PC1304287,1
PC1304372,0
PC1304559,0
PC1304580,0
PC1304593,0
PC1304691,0
PC1304702,0
PC1304703,0
PC1304939,0
PC1304986,0
PC1305039,1
PC1305048,0
PC1305172,0
PC1305174,0
PC1305250,0
PC1305253,0
PC1305264,0
PC1305365,0
PC1305534,0
PC1305548,0
PC1305718,0
PC1305734,0
PC1305751,0
PC1305774,0
PC1306110,0
PC1306112,0
PC1306274,0
PC1306457,0
PC1306797,0
PC1306829,0
PC1306922,0
PC1306965,0
PC1306979,0
PC1307047,0
PC1307074,0
PC1307196,0
PC1307352,0
PC1307354,0
PC1307467,0
PC1307559,0
PC1307607,0
PC1307637,0
PC1307661,0
PC1307670,0
PC1307695,0
PC1307702,1
PC1307737,0
PC1307781,0
PC1307818,0
PC1307839,0
PC1307847,0
PC1307857,0
PC1307904,0
PC1307911,0
PC1307954,0
PC1307967,0
PC1308048,0
PC1308168,0
PC1308268,0
PC1308839,0
PC1308866,0
PC1308904,0
PC1308973,0
PC1309029,0
PC1309039,0
PC1309063,0
PC1309215,1
PC1309265,0
PC1309336,0
PC1309589,0
PC1309599,0
PC1309616,0
PC1309685,0
PC1309722,0
PC1309900,0
PC1309934,0
PC1310011,0
PC1310226,0
PC1310240,0
PC1310392,0
PC1310438,0
PC1310993,0
PC1311087,0
PC1311111,0
PC1311244,1
PC1311254,0
PC1311280,0
PC1311414,0
PC1311425,0
PC1311459,0
PC1311616,0
PC1311620,0
PC1311768,0
PC1311775,0
PC1311779,0
PC1311800,0
PC1312042,0
PC1312099,0
PC1312134,0
PC1312147,0
PC1312150,0
PC1312291,0
PC1312395,0
PC1312505,0
PC1312567,1
PC1312615,0
PC1312626,0
PC1312648,0
PC1312812,0
PC1312834,0
PC1312863,0
PC1312953,0
PC1312990,0
PC1313138,1
PC1313139,0
PC1313171,0
PC1313192,0
PC1313363,0
PC1313423,0
PC1313546,0
PC1313576,0
PC1313694,0
PC1313795,0
PC1313870,0
PC1313980,0
PC1314018,0
PC1314064,0
PC1314103,0
PC1314502,0
PC1314540,0
PC1314680,0
PC1314802,0
PC1314845,0
PC1314946,0
PC1315148,1
PC1315296,0
PC1315340,0
PC1315394,0
PC1315430,1
PC1315556,0
PC1315584,0
PC1315959,0
PC1316047,0
PC1316124,0
PC1316312,0
PC1316371,0
PC1316399,1
PC1316438,0
PC1316490,0
PC1316603,0
PC1316746,0
PC1316850,0
PC1316946,0
PC1317061,0
PC1317157,1
PC1317305,0
PC1317325,0
PC1317498,0
PC1317508,0
PC1317526,0
PC1317587,0
PC1317599,0
PC1317675,0
PC1317759,0
PC1317775,0
PC1317928,0
PC1317973,1
PC1317985,0
PC1318064,0
PC1318080,0
PC1318095,0
PC1318132,0
PC1318252,0
PC1318272,0
PC1318275,0
PC1318380,0
PC1318552,0
PC1318650,0
PC1318760,0
PC1318993,0
PC1319008,0
PC1319062,0
PC1319096,0
PC1319139,0
PC1319184,0
PC1319356,0
PC1319360,0
PC1319446,0
PC1319555,0
PC1319653,0
PC1319716,0
PC1320062,0
PC1320158,0
PC1320168,1
PC1320207,1
PC1320244,0
PC1320298,0
PC1320474,0
PC1320577,0
PC1320689,0
PC1320751,0
PC1320861,0
PC1321107,0
PC1321123,0
PC1321150,1
PC1321460,1
PC1321766,0
PC1321880,0
PC1321885,0
PC1321976,0
PC1322031,0
PC1322128,0
PC1322159,0
PC1322245,0
PC1322279,0
PC1322360,0
PC1322606,0
PC1322672,0
PC1322761,0
PC1322764,0
PC1322807,0
PC1323067,0
PC1323311,1
PC1323366,0
PC1323665,0
PC1324058,0
PC1324081,0
PC1324204,0
PC1324220,0
PC1324257,1
PC1324415,0
PC1324517,0
PC1324520,0
PC1324768,0
PC1324819,0
PC1324896,0
PC1324907,0
PC1325007,0
PC1325013,0
PC1325032,0
PC1325216,0
PC1325364,0
PC1325427,0
PC1325536,0
PC1325788,0
PC1325966,0
PC1326037,0
PC1326234,0
PC1326242,0
PC1326368,0
PC1326431,0
PC1326435,0
PC1326495,0
PC1326667,0
PC1326783,0
PC1326798,0
PC1326962,0
PC1327114,0
PC1327187,0
PC1327498,0
PC1327598,0
PC1327871,0
PC1328050,0
PC1328197,0
PC1328272,0
PC1328366,1
PC1328451,0
PC1328493,0
PC1328529,0
PC1328637,0
PC1328640,0
PC1328687,0
PC1328848,0
PC1328858,0
PC1328860,0
PC1328944,0
PC1328955,0
PC1329078,0
PC1329084,0
PC1329194,0
PC1329237,0
PC1329247,0
PC1329322,1
PC1329337,1
PC1329386,0
PC1329423,0
PC1329432,0
PC1329442,0
PC1329454,0
PC1329606,0
PC1329674,0
PC1329792,0
PC1329998,1
PC1330077,0
PC1330144,1
PC1330148,0
PC1330254,0
PC1330306,0
PC1330392,0
PC1330405,0
PC1330420,0
PC1330563,0
PC1330607,0
PC1330624,0
PC1330736,0
PC1330740,0
PC1330850,0
PC1330869,0
PC1331014,0
PC1331044,0
PC1331468,0
PC1331502,0
PC1331570,1
PC1331667,0
PC1331787,0
PC1331847,0
PC1331850,0
PC1332027,0
PC1332060,0
PC1332071,0
PC1332102,0
PC1332127,0
PC1332151,0
PC1332175,0
PC1332201,0
PC1332296,0
PC1332329,1
PC1332450,0
PC1332552,0
PC1332582,0
PC1332610,1
PC1332612,1
PC1332775,0
PC1332852,0
PC1332993,0
PC1333003,0
PC1333011,0
PC1333032,0
PC1333160,0
PC1333167,0
PC1333171,0
PC1333223,0
PC1333303,0
PC1333309,0
PC1333419,1
PC1333661,0
PC1333729,0
PC1333775,0
PC1333777,0
PC1334009,0
PC1334020,0
PC1334169,1
PC1334183,0
PC1334314,0
PC1334337,0
PC1334499,0
PC1334596,0
PC1334674,0
PC1334772,0
PC1334947,0
PC1335097,0
PC1335117,0
PC1335205,0
PC1335262,0
PC1335326,0
PC1335362,0
PC1335417,1
PC1335438,0
PC1335712,0
PC1335995,0
PC1336046,0
PC1336134,0
PC1336508,0
PC1336588,0
PC1336806,0
PC1336885,0
PC1337185,0
PC1337404,0
PC1337529,0
PC1337604,0
PC1337692,0
PC1337787,0
PC1338106,0
PC1338140,0
PC1338602,0
PC1338645,0
PC1338725,0
PC1339069,0
PC1339224,0
PC1339230,0
PC1339252,0
PC1339440,0
PC1339563,0
PC1339601,0
PC1339629,0
PC1339649,0
PC1339682,0
PC1339780,0
PC1339892,0
PC1339925,0
PC1340087,0
PC1340112,0
PC1340212,0
PC1340215,0
PC1340221,0
PC1340317,0
PC1340343,0
PC1340564,0
PC1340636,0
PC1340767,0
PC1341132,0
PC1341175,0
PC1341195,0
PC1341224,0
PC1341350,0
PC1341716,0
PC1341763,0
PC1341840,0
PC1342076,0
PC1342231,0
PC1342240,0
PC1342432,0
PC1342447,0
PC1342477,0
PC1342502,0
PC1342593,0
PC1342807,0
PC1342818,0
PC1342924,0
PC1343217,0
PC1343232,0
PC1343432,0
PC1343546,0
PC1343645,0
PC1343696,0
PC1343776,0
PC1343864,0
PC1344056,0
PC1344359,0
PC1344481,0
PC1344512,0
PC1344581,0
PC1344589,0
PC1344642,0
PC1344702,0
PC1344788,0
PC1344967,1
PC1344992,0
PC1345021,1
PC1345211,0
PC1345275,0
PC1345471,0
PC1345512,0
PC1345547,0
PC1345554,0
PC1345573,0
PC1345685,0
PC1345708,1
PC1346070,0
PC1346094,0
PC1346193,0
PC1346247,0
PC1346352,0
PC1346383,0
PC1346487,0
PC1346504,0
PC1346525,1
PC1346529,0
PC1346571,0
PC1346579,0
PC1346627,0
PC1346648,0
PC1346769,0
PC1346900,0
PC1346965,0
PC1347128,0
PC1347139,0
PC1347295,1
PC1347380,1
PC1347681,0
PC1347697,0
PC1347793,0
PC1347910,1
PC1348159,1
PC1348221,0
PC1348240,0
PC1348311,1
PC1348463,0
PC1348584,1
PC1348627,0
PC1348838,0
PC1348876,0
PC1348928,0
PC1348943,0
PC1348967,0
PC1349015,0
PC1349150,0
PC1349182,0
PC1349288,1
PC1349489,0
PC1349718,0
PC1349767,0
PC1349942,0
PC1349966,0
PC1349978,0
PC1349997,1
PC1350039,0
PC1350086,0
PC1350090,0
PC1350122,0
PC1350163,0
PC1350172,0
PC1350196,1
PC1350218,0
PC1350587,0
PC1350667,1
PC1350738,0
PC1350742,0
PC1350870,0
PC1350908,0
PC1351224,0
PC1351245,0
PC1351275,0
PC1351326,0
PC1351516,0
PC1351600,0
PC1351634,0
PC1351960,0
PC1352107,0
PC1352131,0
PC1352295,0
PC1352401,0
PC1352452,0
PC1352942,0
PC1352997,0
PC1353188,0
PC1353214,0
PC1353300,0
PC1353316,0
PC1353341,0
PC1353414,0
PC1353532,0
PC1353581,0
PC1353587,0
PC1353622,0
PC1353711,0
PC1353986,0
PC1353995,0
PC1354168,0
PC1354200,0
PC1354560,0
PC1354593,0
PC1354734,0
PC1354935,0
PC1354952,0
PC1355089,0
PC1355309,0
PC1355332,0
PC1355607,0
PC1355725,0
PC1355741,0
PC1355745,0
PC1355878,0
PC1355939,0
PC1356306,0
PC1356394,0
PC1356399,1
PC1356515,0
PC1356616,0
PC1356720,0
PC1356822,0
PC1356834,0
PC1357398,0
PC1357424,0
PC1357430,0
PC1357509,0
PC1357607,0
PC1357655,0
PC1357792,1
PC1357851,0
PC1358122,0
PC1358125,1
PC1358196,0
PC1358289,0
PC1358580,0
PC1358627,0
PC1358907,0
PC1359039,1
PC1359067,0
PC1359068,0
PC1359151,0
PC1359152,0
PC1359235,0
PC1359236,0
PC1359300,0
PC1359404,0
PC1359443,1
PC1359492,0
PC1359496,0
PC1359911,0
PC1359933,0
PC1360175,0
PC1360314,0
PC1360315,0
PC1360490,0
PC1360599,0
PC1360606,0
PC1360634,0
PC1361037,0
PC1361119,0
PC1361143,0
PC1361144,1
PC1361186,0
PC1361318,0
PC1361483,1
PC1361869,0
PC1362174,0
PC1362345,0
PC1362431,0
PC1362523,0
PC1362555,0
PC1362591,0
PC1362750,0
PC1362778,0
PC1362880,0
PC1363008,0
PC1363059,0
PC1363286,0
PC1363346,1
PC1363499,0
PC1363511,0
PC1363545,1
PC1363677,0
PC1363810,0
PC1363861,0
PC1364028,0
PC1364279,1
PC1364300,0
PC1364531,0
PC1364562,1
PC1364580,0
PC1364623,0
PC1364738,0
PC1364816,0
PC1364865,0
PC1364874,0
PC1364962,0
PC1364971,0
PC1365108,0
PC1365114,0
PC1365178,0
PC1365221,0
PC1365239,0
PC1365284,0
PC1365359,0
PC1365416,0
PC1365446,1
PC1365454,0
PC1365508,1
PC1365885,1
PC1365935,0
PC1366013,0
PC1366213,0
PC1366232,0
PC1366402,0
PC1366781,0
PC1366900,0
PC1366991,0
PC1367006,1
PC1367149,0
PC1367159,0
PC1367218,0
PC1367234,0
PC1367315,0
PC1367400,1
PC1367527,0
PC1367545,0
PC1367595,0
PC1367600,0
PC1367684,1
PC1367738,0
PC1367879,0
PC1367909,0
PC1368063,0
PC1368144,0
PC1368220,0
PC1368313,0
PC1368323,0
PC1368371,0
PC1368474,0
PC1368635,0
PC1368780,0
PC1368791,0
PC1368792,0
PC1368899,0
PC1368915,0
PC1368980,0
PC1368984,0
PC1369134,0
PC1369171,0
PC1369235,0
PC1369279,0
PC1369397,0
PC1369602,0
PC1369715,0
PC1369745,0
PC1369774,0
PC1369796,0
PC1369980,0
PC1370159,0
PC1370236,0
PC1370325,1
PC1370461,0
PC1370472,0
PC1370527,0
PC1370596,0
PC1370876,0
PC1370901,0
PC1370964,0
PC1371034,0
PC1371058,0
PC1371109,0
PC1371374,0
PC1371499,0
PC1371539,0
PC1371581,0
PC1371604,0
PC1371652,0
PC1371822,0
PC1371884,0
PC1371898,0
PC1372060,0
PC1372074,0
PC1372081,0
PC1372195,0
PC1372227,0
PC1372298,0
PC1372552,0
PC1372613,0
PC1372661,0
PC1373373,0
PC1373374,0
PC1373694,1
PC1373828,0
PC1373913,0
PC1373957,0
PC1374117,0
PC1374136,0
PC1374218,0
PC1374253,1
PC1374717,1
PC1374776,0
PC1374912,0
PC1374934,0
PC1375079,0
PC1375175,0
PC1375316,0
PC1375443,0
PC1375764,0
PC1375780,0
PC1375828,0
PC1376131,0
PC1376284,0
PC1376517,0
PC1376575,0
PC1376599,1
PC1376669,0
PC1376759,0
PC1376811,0
PC1376950,0
PC1377056,0
PC1377543,0
PC1377580,0
PC1377840,0
PC1377966,0
PC1378526,0
PC1378528,0
PC1378603,0
PC1378764,0
PC1378782,0
PC1378902,0
PC1378952,0
PC1379030,0
PC1379057,0
PC1379132,0
PC1379207,0
PC1379289,0
PC1379373,0
PC1379450,0
PC1379454,0
PC1379515,0
PC1379560,0
PC1379620,0
PC1379736,0
PC1379911,1
PC1379914,0
PC1379992,0
PC1380095,0
PC1380101,0
PC1380175,0
PC1380293,0
PC1380347,0
PC1380362,0
PC1380390,0
PC1380548,0
PC1380774,0
PC1380927,0
PC1380991,0
PC1381041,0
PC1381269,1
PC1381344,0
PC1381360,0
PC1381674,1
PC1381810,0
PC1381828,0
PC1381887,0
PC1382051,0
PC1382454,0
PC1382541,0
PC1382605,0
PC1382620,0
PC1383100,0
PC1383327,0
PC1383419,0
PC1383437,0
PC1383614,0
PC1383652,0
PC1383785,0
PC1383888,0
PC1384131,0
PC1384199,0
PC1384228,0
PC1384253,0
PC1384287,1
PC1384426,0
PC1384457,0
PC1384525,0
PC1384618,0
PC1384626,0
PC1384825,0
PC1384835,0
PC1384851,0
PC1384993,0
PC1384994,0
PC1385021,0
PC1385112,1
PC1385139,0
PC1385549,0
PC1385616,0
PC1385766,0
PC1385827,0
PC1385829,0
PC1385889,0
PC1386031,0
PC1386221,0
PC1386223,0
PC1386295,0
PC1386453,0
PC1386520,0
PC1386616,0
PC1386619,0
PC1386704,0
PC1386820,0
PC1386843,0
PC1387012,0
PC1387043,0
PC1387079,0
PC1387164,0
PC1387292,0
PC1387407,0
PC1387409,0
PC1387564,0
PC1387580,0
PC1387677,0
PC1387755,0
PC1387860,0
PC1387885,0
PC1388106,0
PC1388504,0
PC1388912,1
PC1388932,0
PC1388950,0
PC1389074,0
PC1389176,0
PC1389210,0
PC1389258,0
PC1389517,0
PC1389923,1
PC1390020,1
PC1390051,0
PC1390152,0
PC1390197,1
PC1390258,0
PC1390318,0
PC1390326,0
PC1390413,0
PC1390614,1
PC1390648,0
PC1390812,0
PC1390935,0
PC1390947,0
PC1391037,0
PC1391051,0
PC1391228,0
PC1391304,0
PC1391401,0
PC1391561,0
PC1391605,0
PC1391693,0
PC1391808,0
PC1391812,0
PC1391837,0
PC1391848,0
PC1392135,0
PC1392140,0
PC1392184,0
PC1392248,0
PC1392313,0
PC1392403,0
PC1392530,0
PC1392565,0
PC1392717,0
PC1393198,0
PC1393283,0
PC1393312,1
PC1393380,0
PC1393732,0
PC1393937,0
PC1393969,0
PC1393976,0
PC1393998,0
PC1394151,1
PC1394205,0
PC1394218,0
PC1394245,0
PC1394269,0
PC1394284,0
PC1394354,0
PC1394511,0
PC1394607,0
PC1394803,0
PC1395153,0
PC1395194,0
PC1395282,0
PC1395325,0
PC1395469,0
PC1395498,0
PC1395635,0
PC1395691,0
PC1395701,0
PC1395722,0
PC1395757,0
PC1395767,0
PC1395791,0
PC1395920,0
PC1396248,0
PC1396439,0
PC1396447,0
PC1396618,0
PC1396681,0
PC1396800,0
PC1396842,0
PC1397003,0
PC1397085,0
PC1397137,0
PC1397208,0
PC1397338,0
PC1397447,0
PC1397634,0
PC1397810,0
PC1398097,0
PC1398294,0
PC1398424,0
PC1398429,0
PC1398530,0
PC1398544,1
PC1398563,0
PC1398663,0
PC1398833,0
PC1398842,0
PC1398938,0
PC1398978,0
PC1399021,0
PC1399189,0
PC1399252,0
PC1399336,0
PC1399469,0
PC1399480,0
PC1399486,0
PC1399549,0
PC1399623,0
PC1399689,0
PC1399695,0
PC1399742,0
PC1399745,0
PC1399867,0
PC1399873,0
PC1400040,0
PC1400059,0
PC1400064,0
PC1400187,0
PC1400309,0
PC1400363,1
PC1400388,0
PC1400617,0
PC1400684,0
PC1400693,0
PC1400985,0
PC1401062,0
PC1401067,0
PC1401224,0
PC1401293,0
PC1401309,0
PC1401403,0
PC1401592,0
PC1401650,0
PC1401679,0
PC1401794,0
PC1401795,0
PC1401957,1
PC1402052,0
PC1402063,1
PC1402222,0
PC1402248,0
PC1402285,0
PC1402320,0
PC1402349,0
PC1402484,1
PC1402506,0
PC1402515,0
PC1402533,1
PC1402596,1
PC1402692,0
PC1402846,0
PC1402857,0
PC1402869,0
PC1402943,0
PC1403146,0
PC1403277,0
PC1403740,0
PC1403789,1
PC1403827,0
PC1403891,0
PC1403936,0
PC1404006,0
PC1404017,0
PC1404039,0
PC1404181,0
PC1404212,0
PC1404339,0
PC1404354,0
PC1404364,0
PC1404454,0
PC1404574,0
PC1404610,0
PC1404759,0
PC1404899,0
PC1405024,0
PC1405049,0
PC1405215,0
PC1405329,0
PC1405369,0
PC1405615,0
PC1405688,0
PC1405760,0
PC1405978,0
PC1406013,0
PC1406161,0
PC1406220,0
PC1406239,0
PC1406270,1
PC1406319,0
PC1406347,0
PC1406362,0
PC1406500,1
PC1406625,0
PC1406691,0
PC1406820,0
PC1406924,1
PC1407032,0
PC1407218,1
PC1407287,0
PC1407436,0
PC1407520,0
PC1407760,0
PC1407949,0
PC1408244,0
PC1408279,0
PC1408291,0
PC1408369,0
PC1408399,0
PC1408540,0
PC1408803,0
PC1408887,0
PC1408930,0
PC1408981,0
PC1409235,0
PC1409379,0
PC1409413,0
PC1409446,0
PC1409621,0
PC1409812,0
PC1410014,0
PC1410137,0
PC1410532,0
PC1410607,0
PC1410892,0
PC1410986,0
PC1411052,0
PC1411450,0
PC1411472,0
PC1411626,0
PC1411662,0
PC1411797,0
PC1411803,0
PC1411867,0
PC1411876,0
PC1411920,0
PC1411970,0
PC1412253,0
PC1412430,0
PC1412443,0
PC1412506,0
PC1412578,0
PC1412581,0
PC1412630,0
PC1412905,0
PC1412927,0
PC1413155,0
PC1413178,0
PC1413251,0
PC1413279,0
PC1413304,0
PC1413556,0
PC1413561,0
PC1413586,0
PC1413746,0
PC1413801,0
PC1413860,0
PC1413989,1
PC1414027,0
PC1414043,0
PC1414164,1
PC1414250,0
PC1414251,0
PC1414320,0
PC1414426,1
PC1414551,0
PC1414685,0
PC1414692,0
PC1414698,0
PC1414742,0
PC1414746,0
PC1414783,0
PC1414786,0
PC1414814,0
PC1414928,0
PC1414981,0
PC1415038,0
PC1415083,0
PC1415158,0
PC1415161,0
PC1415301,0
PC1415476,0
PC1415706,0
PC1415959,0
PC1415985,0
PC1416031,0
PC1416090,0
PC1416112,0
PC1416402,0
PC1416420,0
PC1416602,0
PC1416676,0
PC1416752,0
PC1417022,0
PC1417245,0
PC1417733,0
PC1417761,0
PC1417845,0
PC1418203,0
PC1418287,0
PC1418326,0
PC1418507,0
PC1418581,0
PC1418592,0
PC1418636,0
PC1418678,0
PC1418892,0
PC1419019,0
PC1419082,0
PC1419149,0
PC1419164,0
PC1419263,0
PC1419378,0
PC1419385,0
PC1419413,0
PC1419445,0
PC1419700,0
PC1419924,0
PC1420038,0
PC1420122,0
PC1420208,0
PC1420257,0
PC1420361,0
PC1420462,0
PC1420715,0
PC1420818,1
PC1420835,0
PC1420879,0
PC1420926,0
PC1420930,0
PC1420967,0
PC1420970,1
PC1421053,0
PC1421142,0
PC1421261,0
PC1421270,0
PC1421347,0
PC1421563,0
PC1421651,0
PC1421743,0
PC1421761,0
PC1421762,0
PC1421816,0
PC1421882,1
PC1421974,0
PC1422219,0
PC1422368,0
PC1422759,0
PC1422871,0
PC1422907,0
PC1423016,1
PC1423102,1
PC1423104,0
PC1423115,0
PC1423118,0
PC1423466,0
PC1423674,0
PC1423783,0
PC1423818,0
PC1423865,0
PC1423981,0
PC1424045,0
PC1424166,0
PC1424200,0
PC1424201,0
PC1424237,1
PC1424308,0
PC1424454,0
PC1424492,0
PC1424703,1
PC1424755,0
PC1424781,0
PC1424967,0
PC1425087,0
PC1425089,0
PC1425286,0
PC1425588,0
PC1425898,1
PC1425942,0
PC1426006,0
PC1426012,0
PC1426022,0
PC1426085,0
PC1426141,0
PC1426277,0
PC1426291,0
PC1426401,0
PC1426557,0
PC1426813,0
PC1426829,0
PC1426863,0
PC1427156,0
PC1427260,0
PC1427295,0
PC1427438,0
PC1427527,0
PC1427589,0
PC1427630,0
PC1427698,0
PC1427823,0
PC1427974,0
PC1428023,0
PC1428174,0
PC1428481,0
PC1428625,0
PC1428664,0
PC1428921,0
PC1429114,0
PC1429185,0
PC1429240,0
PC1429300,0
PC1429486,0
PC1429501,0
PC1429642,0
PC1429797,0
PC1429821,0
PC1429884,0
PC1430197,0
PC1430241,0
PC1430356,0
PC1430377,0
PC1430494,1
PC1430525,0
PC1430534,0
PC1430640,1
PC1430697,0
PC1430737,1
PC1430763,0
PC1430839,0
PC1430912,0
PC1431047,0
PC1431052,0
PC1431233,0
PC1431270,0
PC1431283,1
PC1431313,0
PC1431412,0
PC1431531,0
PC1431627,0
PC1431723,1
PC1431788,0
PC1431930,0
PC1431955,0
PC1432005,1
PC1432235,1
PC1432236,0
PC1432240,0
PC1432756,0
PC1432903,0
PC1432969,0
PC1433043,0
PC1433047,0
PC1433138,0
PC1433257,0
PC1433297,0
PC1433333,0
PC1433446,0
PC1433464,0
PC1433476,0
PC1433632,0
PC1433678,0
PC1433760,0
PC1433766,0
PC1434031,0
PC1434223,0
PC1434390,0
PC1434509,0
PC1434576,0
PC1434577,0
PC1434626,0
PC1434631,0
PC1434707,0
PC1434713,0
PC1434768,0
PC1434796,0
PC1434808,0
PC1434997,0
PC1435034,0
PC1435160,0
PC1435187,0
PC1435244,0
PC1435481,0
PC1435506,1
PC1435539,0
PC1435696,0
PC1435741,1
PC1435752,0
PC1435754,1
PC1435928,1
PC1436103,0
PC1436111,1
PC1436280,0
PC1436332,0
PC1436356,0
PC1436440,1
PC1436444,0
PC1436478,1
PC1436612,0
PC1436621,0
PC1436695,0
PC1436733,0
PC1436880,0
PC1436967,0
PC1436977,0
PC1437178,0
PC1437189,0
PC1437410,0
PC1437421,0
PC1437553,0
PC1437581,0
PC1437607,0
PC1437613,0
PC1437777,0
PC1437820,0
PC1437878,0
PC1437910,0
PC1438022,0
PC1438199,0
PC1438207,0
PC1438292,0
PC1438315,1
PC1438403,0
PC1438417,0
PC1438419,1
PC1439064,0
PC1439101,0
PC1439162,0
PC1439211,0
PC1439272,0
PC1439286,1
PC1439328,0
PC1439591,0
PC1439704,0
PC1439828,0
PC1439854,1
PC1439912,0
PC1439946,0
PC1440019,0
PC1440081,0
PC1440155,0
PC1440198,0
PC1440326,0
PC1440327,0
PC1440347,0
PC1440684,0
PC1440790,0
PC1441132,1
PC1441216,0
PC1441250,0
PC1441451,0
PC1441515,0
PC1441540,1
PC1441571,0
PC1441644,0
PC1441679,0
PC1441964,0
PC1442010,0
PC1442103,0
PC1442282,0
PC1442310,0
PC1442422,0
PC1442592,0
PC1442699,0
PC1442746,0
PC1442793,0
PC1442821,0
PC1442844,0
PC1443100,0
PC1443137,0
PC1443271,0
PC1443351,0
PC1443370,0
PC1443428,0
PC1443820,0
PC1443868,0
PC1444154,0
PC1444168,0
PC1444320,0
PC1444372,0
PC1444441,0
PC1444450,0
PC1444490,0
PC1444627,0
PC1444667,0
PC1444768,0
PC1444815,0
PC1444893,0
PC1444978,0
PC1445058,0
PC1445060,0
PC1445210,1
PC1445254,0
PC1445278,0
PC1445316,0
PC1445336,0
PC1445517,0
PC1445543,1
PC1445865,0
PC1446181,0
PC1446362,0
PC1446447,0
PC1446528,0
PC1446548,0
PC1446650,0
PC1446792,0
PC1446898,0
PC1446918,0
PC1447068,0
PC1447153,0
PC1447176,0
PC1447267,0
PC1447323,0
PC1447403,0
PC1447543,0
PC1447572,0
PC1447593,0
PC1447596,0
PC1447674,0
PC1448014,0
PC1448045,0
PC1448112,0
PC1448173,1
PC1448181,0
PC1448253,0
PC1448312,0
PC1448314,0
PC1448360,0
PC1448448,0
PC1448468,0
PC1448486,0
PC1449040,0
PC1449071,0
PC1449079,1
PC1449163,0
PC1449225,0
PC1449248,0
PC1449297,0
PC1449422,0
PC1449620,0
PC1449658,0
PC1449710,0
PC1449750,0
PC1449859,0
PC1449872,0
PC1449974,0
PC1450138,0
PC1450208,0
PC1450227,0
PC1450403,0
PC1450593,1
PC1450700,1
PC1451302,0
PC1451324,0
PC1451361,0
PC1451384,0
PC1451430,0
PC1451481,0
PC1451484,0
PC1451577,0
PC1451579,0
PC1451748,0
PC1451930,0
PC1452178,0
PC1452190,0
PC1452495,1
PC1452730,0
PC1452924,0
PC1453047,0
PC1453088,0
PC1453126,0
PC1453262,0
PC1453266,0
PC1453280,1
PC1453299,0
PC1453311,0
PC1453801,0
PC1453888,0
PC1453916,0
PC1453931,0
PC1453952,0
PC1454038,0
PC1454146,0
PC1454149,1
PC1454173,0
PC1454348,0
PC1454482,0
PC1454510,0
PC1454720,0
PC1454758,0
PC1454922,0
PC1454924,0
PC1454984,0
PC1455015,0
PC1455165,0
PC1455654,0
PC1455767,0
PC1455882,0
PC1455947,0
PC1456012,0
PC1456040,0
PC1456167,0
PC1456256,0
PC1456502,0
PC1456845,1
PC1456926,0
PC1456930,0
PC1457059,0
PC1457105,1
PC1457180,0
PC1457570,0
PC1457603,0
PC1457793,1
PC1457969,0
PC1458272,0
PC1458317,1
PC1458334,0
PC1458415,0
PC1458702,0
PC1458721,1
PC1459077,1
PC1459116,0
PC1459173,0
PC1459441,0
PC1459464,0
PC1459482,0
PC1459660,0
PC1459712,0
PC1459780,0
PC1459847,0
PC1460029,0
PC1460136,0
PC1460171,0
PC1460398,0
PC1460438,0
PC1460678,0
PC1460760,1
PC1460846,0
PC1460942,0
PC1461202,0
PC1461213,0
PC1461241,1
PC1461242,0
PC1461326,0
PC1461473,0
PC1461539,0
PC1461547,0
PC1461712,0
PC1461869,0
PC1461890,0
PC1461993,0
PC1462170,0
PC1462282,0
PC1462311,0
PC1462421,0
PC1462517,0
PC1462930,0
PC1462952,0
PC1463004,0
PC1463086,0
PC1463178,0
PC1463253,0
PC1463268,0
PC1463274,1
PC1463335,0
PC1463417,0
PC1463535,0
PC1463592,0
PC1463825,0
PC1463894,0
PC1463958,0
PC1464030,0
PC1464036,0
PC1464148,0
PC1464277,0
PC1464305,0
PC1464321,0
PC1464584,0
PC1464755,0
PC1464858,0
PC1464935,0
PC1464983,0
PC1465344,0
PC1465467,0
PC1465562,0
PC1465677,0
PC1465722,0
PC1465837,0
PC1465967,0
PC1466073,0
PC1466302,0
PC1466350,0
PC1466409,0
PC1466501,0
PC1466503,1
PC1466592,0
PC1466706,0
PC1466739,1
PC1466763,0
PC1466776,0
PC1466789,0
PC1467017,0
PC1467134,0
PC1467161,1
PC1467192,0
PC1467237,0
PC1467312,0
PC1467340,0
PC1467377,0
PC1467380,0
PC1467421,0
PC1467422,0
PC1467467,1
PC1467520,0
PC1467737,1
PC1467774,0
PC1467861,0
PC1467941,0
PC1468035,1
PC1468042,0
PC1468197,0
PC1468261,1
PC1468304,0
PC1468375,0
PC1468397,0
PC1468450,1
PC1468499,0
PC1468506,1
PC1468533,0
PC1468631,0
PC1468646,0
PC1468725,1
PC1468767,0
PC1468871,0
PC1468972,0
PC1468979,0
PC1469000,0
PC1469053,0
PC1469175,0
PC1469193,0
PC1469236,0
PC1469296,0
PC1469310,0
PC1469493,0
PC1469518,1
PC1469719,0
PC1469826,1
PC1469871,0
PC1469886,0
PC1470348,0
PC1470460,0
PC1470680,0
PC1470688,0
PC1470783,0
PC1470828,0
PC1471179,0
PC1471217,0
PC1471310,0
PC1471354,0
PC1471391,0
PC1471393,0
PC1471427,0
PC1471448,0
PC1471449,0
PC1471461,0
PC1471501,0
PC1471578,0
PC1471604,0
PC1471666,0
PC1471918,0
PC1471978,0
PC1471980,0
PC1472070,0
PC1472290,0
PC1472358,0
PC1472366,0
PC1472449,0
PC1472500,0
PC1472642,0
PC1472730,0
PC1472767,0
PC1472865,0
PC1472884,0
PC1472998,0
PC1473046,0
PC1473076,0
PC1473079,0
PC1473095,0
PC1473191,0
PC1473237,0
PC1473371,0
PC1473374,0
PC1473505,0
PC1473545,0
PC1473650,0
PC1473659,0
PC1473677,0
PC1473700,0
PC1473720,0
PC1473955,0
PC1474090,1
PC1474099,0
PC1474129,0
PC1474318,0
PC1474355,0
PC1474480,0
PC1474690,0
PC1474692,0
PC1474738,0
PC1474901,0
PC1475109,0
PC1475199,0
PC1475287,0
PC1475355,0
PC1475511,0
PC1475546,0
PC1475656,0
PC1476102,0
PC1476256,0
PC1476368,0
PC1476477,0
PC1476665,0
PC1476670,0
PC1476713,0
PC1477036,0
PC1477092,0
PC1477121,0
PC1477231,0
PC1477426,0
PC1477504,0
PC1477734,0
PC1477782,0
PC1477873,0
PC1477922,0
PC1478005,0
PC1478115,0
PC1478346,0
PC1478484,0
PC1478559,1
PC1478600,0
PC1478652,0
PC1478700,0
PC1478755,0
PC1478963,0
PC1478966,0
PC1479099,0
PC1479216,0
PC1479225,0
PC1479293,0
PC1479329,0
PC1479339,0
PC1479364,0
PC1479587,0
PC1479697,0
PC1479753,0
PC1479778,0
PC1479937,0
PC1480269,0
PC1480372,0
PC1480425,0
PC1480738,0
PC1480864,0
PC1480870,0
PC1480927,0
PC1480950,0
PC1480996,0
PC1481221,0
PC1481450,1
PC1481455,0
PC1481536,0
PC1481668,0
PC1481672,0
PC1481673,0
PC1481996,0
PC1482091,0
PC1482250,0
PC1482293,0
PC1482409,0
PC1482468,0
PC1482475,0
PC1482502,0
PC1482565,0
PC1482772,0
PC1482789,0
PC1482919,0
PC1483005,0
PC1483058,0
PC1483125,0
PC1483159,0
PC1483174,0
PC1483402,0
PC1483473,0
PC1483639,1
PC1483695,0
PC1483723,0
PC1483819,0
PC1483863,0
PC1483931,0
PC1484022,0
PC1484166,0
PC1484201,0
PC1484386,0
PC1484724,0
PC1484819,0
PC1484837,0
PC1484853,0
PC1485001,0
PC1485048,0
PC1485159,0
PC1485332,1
PC1485443,0
PC1485518,1
PC1485849,0
PC1485957,1
PC1486114,1
PC1486120,0
PC1486159,0
PC1486228,0
PC1486402,0
PC1486783,0
PC1486785,0
PC1486892,0
PC1487161,1
PC1487285,1
PC1487297,0
PC1487310,0
PC1487486,0
PC1487635,1
PC1487653,0
PC1487999,0
PC1488155,0
PC1488428,0
PC1488501,0
PC1488769,0
PC1488936,0
PC1488962,0
PC1488975,0
PC1489037,0
PC1489213,0
PC1489232,0
PC1489339,0
PC1489405,0
PC1489523,0
PC1489558,0
PC1489911,0
PC1490023,0
PC1490156,0
PC1490272,0
PC1490299,0
PC1490329,1
PC1490483,1
PC1490628,0
PC1490697,0
PC1490717,0
PC1490782,0
PC1490817,0
PC1490863,0
PC1490886,0
PC1491051,0
PC1491124,0
PC1491294,0
PC1491580,0
PC1491622,0
PC1491633,0
PC1491701,0
PC1491731,1
PC1491785,0
PC1491858,0
PC1491903,0
PC1491963,0
PC1491976,0
PC1492107,0
PC1492129,0
PC1492240,0
PC1492265,0
PC1492458,0
PC1492483,0
PC1492492,0
PC1492648,0
PC1492661,0
PC1492666,0
PC1492800,0
PC1492814,0
PC1492847,0
PC1493006,0
PC1493021,0
PC1493080,0
PC1493091,0
PC1493134,1
PC1493139,0
PC1493317,1
PC1493353,1
PC1493376,0
PC1493470,0
PC1493476,0
PC1493501,0
PC1493535,0
PC1493589,0
PC1493606,0
PC1493673,0
PC1493892,0
PC1493944,0
PC1494020,0
PC1494106,0
PC1494107,0
PC1494302,0
PC1494605,0
PC1494713,0
PC1494751,0
PC1494837,0
PC1494892,0
PC1494954,0
PC1495003,0
PC1495099,0
PC1495238,0
PC1495296,0
PC1495414,0
PC1495504,0
PC1495558,0
PC1495928,0
PC1495935,0
PC1495998,0
PC1496096,0
PC1496358,0
PC1496622,0
PC1496633,1
PC1496772,0
PC1496855,0
PC1497018,0
PC1497203,0
PC1497250,0
PC1497373,0
PC1497415,0
PC1497478,0
PC1497497,0
PC1497504,0
PC1497527,0
PC1497547,1
PC1497594,1
PC1497691,0
PC1497694,0
PC1497723,0
PC1497811,0
PC1497824,0
PC1497873,0
PC1498023,0
PC1498078,0
PC1498182,1
PC1498266,0
PC1498276,0
PC1498419,0
PC1498423,0
PC1498554,0
PC1498754,0
PC1498822,0
PC1498991,0
PC1499204,0
PC1499223,0
PC1499230,0
PC1499252,0
PC1499269,0
PC1499332,0
PC1499369,1
PC1499387,0
PC1499412,0
PC1499420,0
PC1499594,0
PC1499612,0
PC1499861,0
PC1499901,0
PC1499981,0
PC1500150,0
PC1500173,0
PC1500214,1
PC1500270,1
PC1500312,0
PC1500441,1
PC1500693,0
PC1500756,0
PC1500928,0
PC1502356,0
PC1502492,0
PC1502523,0
PC1502561,0
PC1502724,0
PC1502810,0
PC1503012,1
PC1503013,0
PC1503179,0
PC1503200,0
PC1503337,0
PC1503415,0
PC1503462,0
PC1503710,0
PC1503713,0
PC1503933,1
PC1504132,0
PC1504138,0
PC1504141,0
PC1504285,0
PC1504297,0
PC1504382,0
PC1504486,0
PC1504506,1
PC1504729,0
PC1504863,1
PC1504933,0
PC1504984,0
PC1505038,0
PC1505226,0
PC1505290,0
PC1505304,0
PC1505332,0
PC1505339,0
PC1505570,0
PC1505620,0
PC1505910,0
PC1505927,0
PC1506050,1
PC1506165,0
PC1506256,0
PC1506388,0
PC1506454,0
PC1506604,0
PC1506634,0
PC1506834,1
PC1506912,0
PC1507342,0
PC1507387,0
PC1507445,0
PC1507557,0
PC1507567,0
PC1507981,0
PC1508113,0
PC1508191,0
PC1508340,0
PC1508432,0
PC1508516,1
PC1508753,0
PC1508828,1
PC1508918,0
PC1509030,0
PC1509136,0
PC1509142,0
PC1509221,0
PC1509299,0
PC1509390,0
PC1509396,0
PC1509581,0
PC1509626,0
PC1509710,0
PC1509789,0
PC1509849,1
PC1510003,0
PC1510105,0
PC1510162,0
PC1510384,0
PC1510667,1
PC1510718,0
PC1510738,0
PC1510750,0
PC1510776,0
PC1511005,0
PC1511068,0
PC1511136,0
PC1511365,1
PC1511442,0
PC1511634,0
PC1511725,0
PC1511750,0
PC1511850,0
PC1512039,0
PC1512176,0
PC1512286,0
PC1512307,0
PC1512338,1
PC1512534,0
PC1512668,0
PC1512974,0
PC1513065,0
PC1513276,0
PC1513312,0
PC1513331,0
PC1513405,0
PC1513445,0
PC1513490,0
PC1513551,0
PC1513552,0
PC1513630,0
PC1513637,0
PC1513793,0
PC1513849,0
PC1514061,0
PC1514071,0
PC1514081,0
PC1514144,1
PC1514223,0
PC1514266,0
PC1514379,0
PC1514652,0
PC1514776,0
PC1514814,0
PC1514907,0
PC1514910,0
PC1514911,0
PC1514920,0
PC1515192,1
PC1515344,0
PC1515383,0
PC1515387,0
PC1515520,0
PC1515586,0
PC1515634,0
PC1516411,0
PC1516492,0
PC1516609,0
PC1516684,0
PC1516735,0
PC1516845,0
PC1516916,0
PC1516959,0
PC1517176,0
PC1517393,0
PC1517432,0
PC1517450,0
PC1517451,0
PC1517489,0
PC1517640,0
PC1517662,0
PC1517717,0
PC1517995,0
PC1518266,0
PC1518318,1
PC1518340,0
PC1518349,0
PC1518554,0
PC1518700,0
PC1518992,0
PC1519011,0
PC1519093,0
PC1519320,0
PC1519440,0
PC1519531,0
PC1519556,0
PC1519764,0
PC1519829,0
PC1519834,0
PC1520220,0
PC1520459,1
PC1520522,1
PC1520772,0
PC1520936,0
PC1520947,0
PC1521112,1
PC1521210,1
PC1521296,0
PC1521576,0
PC1521649,0
PC1521855,0
PC1522169,0
PC1522236,0
PC1522245,0
PC1522262,0
PC1522285,0
PC1522305,0
PC1522321,0
PC1522406,1
PC1522412,0
PC1522535,0
PC1522570,0
PC1522654,0
PC1522710,0
PC1522783,0
PC1522947,0
PC1522998,0
PC1523163,0
PC1523184,1
PC1523269,0
PC1523343,0
PC1523362,1
PC1523414,0
PC1523553,0
PC1523561,0
PC1523639,0
PC1523681,0
PC1523702,0
PC1523835,0
PC1523878,0
PC1523904,1
PC1524011,0
PC1524076,0
PC1524157,0
PC1524185,0
PC1524369,0
PC1524576,0
PC1524662,0
PC1524693,0
PC1524741,0
PC1524804,0
PC1524851,0
PC1524890,0
PC1524973,0
PC1524995,0
PC1525097,0
PC1525172,0
PC1525246,0
PC1525274,0
PC1525293,0
PC1525320,0
PC1525323,1
PC1525442,0
PC1525477,0
PC1525547,0
PC1525569,0
PC1525576,0
PC1525662,0
PC1525688,0
PC1525703,0
PC1525785,0
PC1525838,0
PC1525919,0
PC1525926,0
PC1525934,0
PC1526063,0
PC1526267,0
PC1526333,1
PC1526386,0
PC1526587,0
PC1526642,0
PC1526704,0
PC1526811,0
PC1527075,0
PC1527202,0
PC1527417,1
PC1527512,0
PC1527591,0
PC1527600,0
PC1527629,0
PC1527712,0
PC1527954,0
PC1528003,0
PC1528020,0
PC1528184,0
PC1528247,0
PC1528255,0
PC1528289,0
PC1528290,0
PC1528328,0
PC1528470,0
PC1528471,0
PC1528614,0
PC1528672,0
PC1528715,0
PC1528750,0
PC1528852,0
PC1528972,0
PC1529115,1
PC1529352,0
PC1529397,0
PC1529418,0
PC1529423,0
PC1529496,0
PC1529527,0
PC1529564,0
PC1529667,0
PC1529762,0
PC1529765,0
PC1529975,0
PC1530038,0
PC1530193,0
PC1530378,0
PC1530515,0
PC1530533,0
PC1530607,0
PC1530629,0
PC1530650,0
PC1530702,0
PC1530724,0
PC1530770,0
PC1530788,0
PC1530861,0
PC1530974,0
PC1530975,0
PC1531124,0
PC1531310,0
PC1531376,0
PC1531411,1
PC1531523,1
PC1531529,0
PC1531908,1
PC1531939,0
PC1531943,0
PC1531982,1
PC1532072,0
PC1532217,0
PC1532239,0
PC1532266,0
PC1532441,0
PC1532474,1
PC1532565,0
PC1532574,0
PC1532750,0
PC1532933,0
PC1532998,0
PC1533004,0
PC1533020,0
PC1533208,0
PC1533225,0
PC1533234,0
PC1533312,1
PC1533379,0
PC1533559,0
PC1533626,0
PC1533699,0
PC1533757,1
PC1533849,0
PC1533852,0
PC1534003,0
PC1534121,1
PC1534190,0
PC1534211,0
PC1534290,0
PC1534331,0
PC1534467,0
PC1534483,0
PC1534994,0
PC1535065,0
PC1535211,0
PC1535259,0
PC1535317,0
PC1535407,0
PC1535501,0
PC1535605,0
PC1535652,0
PC1535682,0
PC1535696,0
PC1535862,0
PC1535903,1
PC1535963,0
PC1536303,0
PC1536464,1
PC1536563,0
PC1536578,0
PC1536775,0
PC1536804,0
PC1536822,0
PC1537188,1
PC1537201,0
PC1537235,0
PC1537425,0
PC1537528,1
PC1537579,0
PC1537842,0
PC1537852,0
PC1537870,0
PC1537873,0
PC1537903,0
PC1538012,0
PC1538153,0
PC1538246,0
PC1538249,0
PC1538347,0
PC1538365,0
PC1538386,0
PC1538433,0
PC1538506,0
PC1538651,1
PC1538737,0
PC1538783,0
PC1539297,0
PC1539355,0
PC1539359,0
PC1539395,0
PC1539466,0
PC1539523,0
PC1539633,0
PC1539719,0
PC1539751,0
PC1539830,0
PC1539839,0
PC1539916,0
PC1539953,1
PC1540013,0
PC1540033,0
PC1540059,0
PC1540069,0
PC1540115,0
PC1540201,0
PC1540350,0
PC1540689,0
PC1540863,1
PC1540948,0
PC1541000,0
PC1541412,1
PC1541696,0
PC1541801,0
PC1541985,1
PC1542326,1
PC1542355,0
PC1542360,0
PC1542449,0
PC1542510,0
PC1542603,0
PC1542682,0
PC1542724,0
PC1542730,0
PC1543165,0
PC1543229,0
PC1543329,0
PC1543356,0
PC1544446,0
PC1544636,0
PC1544647,0
PC1544696,0
PC1544831,0
PC1544842,0
PC1544851,0
PC1544914,0
PC1544958,0
PC1545096,0
PC1545115,1
PC1545177,0
PC1545217,0
PC1545233,0
PC1545321,0
PC1545358,0
PC1545426,0
PC1545560,0
PC1545575,0
PC1545606,0
PC1545659,0
PC1545698,0
PC1546081,0
PC1546137,0
PC1546192,0
PC1546228,0
PC1546250,0
PC1546323,0
PC1546389,0
PC1546396,0
PC1546433,0
PC1546468,0
PC1546762,0
PC1547256,0
PC1547413,0
PC1547640,0
PC1547684,1
PC1547709,0
PC1547785,0
PC1547895,0
PC1547953,0
PC1547973,0
PC1548088,1
PC1548131,0
PC1548221,0
PC1548412,0
PC1548576,0
PC1548662,0
PC1548819,0
PC1548871,0
PC1548953,0
PC1548998,0
PC1549132,0
PC1549367,0
PC1549562,0
PC1549602,0
PC1550267,0
PC1550323,0
PC1550355,0
PC1550364,0
PC1550380,1
PC1550483,0
PC1550609,1
PC1550775,0
PC1550807,0
PC1550817,0
PC1550908,0
PC1550917,0
PC1550952,0
PC1551061,0
PC1551196,0
PC1551327,0
PC1551399,1
PC1551412,0
PC1551430,0
PC1551466,0
PC1551631,0
PC1551894,0
PC1551961,0
PC1552078,0
PC1552081,0
PC1552161,0
PC1552181,1
PC1552226,0
PC1552234,0
PC1552281,0
PC1552306,0
PC1552571,0
PC1552610,0
PC1552616,0
PC1552641,0
PC1552745,0
PC1552916,0
PC1553005,0
PC1553232,0
PC1553537,0
PC1553554,0
PC1553807,0
PC1553934,0
PC1554028,0
PC1554037,0
PC1554068,0
PC1554261,0
PC1554291,0
PC1554301,0
PC1554453,0
PC1554657,0
PC1554665,0
PC1555110,0
PC1555174,0
PC1555349,0
PC1555392,0
PC1555420,0
PC1555467,0
PC1555470,0
PC1555521,0
PC1555591,1
PC1555695,1
PC1555776,0
PC1555862,0
PC1555943,0
PC1555973,0
PC1555979,0
PC1556044,0
PC1556084,0
PC1556146,0
PC1556427,0
PC1556465,1
PC1556663,0
PC1556741,0
PC1556754,0
PC1556887,0
PC1556968,1
PC1557090,0
PC1557168,1
PC1557196,0
PC1557221,0
PC1557426,1
PC1557546,0
PC1557635,0
PC1557980,0
PC1557998,0
PC1558054,0
PC1558119,0
PC1558184,0
PC1558245,0
PC1558298,0
PC1558384,0
PC1558479,1
PC1558512,0
PC1558598,0
PC1558756,0
PC1558810,0
PC1558845,0
PC1558869,0
PC1559030,0
PC1559035,0
PC1559107,1
PC1559181,0
PC1559344,0
PC1559485,0
PC1559513,0
PC1559597,0
PC1559661,0
PC1559673,0
PC1559815,0
PC1560103,0
PC1560254,0
PC1560271,0
PC1560404,0
PC1560445,0
PC1560498,0
PC1560653,0
PC1560737,0
PC1560801,0
PC1560807,0
PC1560937,0
PC1560986,0
PC1561157,0
PC1561449,0
PC1561642,0
PC1561654,0
PC1561773,0
PC1561855,0
PC1561927,0
PC1561961,0
PC1562240,0
PC1562377,0
PC1562407,0
PC1562845,0
PC1562963,0
PC1563053,1
PC1563092,0
PC1563128,0
PC1563404,0
PC1563544,0
PC1563671,0
PC1563684,0
PC1563779,0
PC1563836,0
PC1563847,0
PC1563864,1
PC1564205,0
PC1564291,0
PC1564345,0
PC1564532,0
PC1564575,1
PC1564582,0
PC1564781,0
PC1564832,1
PC1564893,0
PC1564975,1
PC1564994,1
PC1565055,0
PC1565086,0
PC1565145,0
PC1565197,0
PC1565236,0
PC1565317,0
PC1565371,0
PC1566032,0
PC1566513,0
PC1566621,1
PC1566627,0
PC1566679,0
PC1567006,0
PC1567109,0
PC1567233,0
PC1567255,0
PC1567344,0
PC1567493,0
PC1567548,0
PC1567626,0
PC1567851,0
PC1567933,0
PC1567974,0
PC1568073,0
PC1568076,0
PC1568135,0
PC1568167,0
PC1568510,0
PC1568580,0
PC1568697,0
PC1568747,0
PC1568970,0
PC1569048,1
PC1569051,0
PC1569110,0
PC1569116,0
PC1569297,0
PC1569373,1
PC1569534,1
PC1569603,0
PC1569620,0
PC1569684,0
PC1569759,0
PC1569865,0
PC1570519,0
PC1570751,0
PC1570784,0
PC1570788,0
PC1570838,0
PC1570871,0
PC1570903,0
PC1570927,0
PC1571022,0
PC1571026,0
PC1571029,0
PC1571046,0
PC1571079,0
PC1571354,0
PC1571536,0
PC1571625,0
PC1571630,0
PC1571701,0
PC1571955,0
PC1572126,0
PC1572193,0
PC1572491,0
PC1572526,0
PC1572529,0
PC1572730,0
PC1572780,0
PC1572841,0
PC1572876,0
PC1573031,0
PC1573276,0
PC1573281,0
PC1573454,0
PC1573486,0
PC1573806,0
PC1573895,1
PC1573979,1
PC1574010,0
PC1574105,0
PC1574124,0
PC1574180,0
PC1574280,0
PC1574296,0
PC1574370,0
PC1574394,0
PC1574515,0
PC1574546,0
PC1574558,1
PC1574572,1
PC1574678,0
PC1574711,0
PC1575008,1
PC1575015,0
PC1575147,0
PC1575200,0
PC1575306,0
PC1575496,0
PC1575700,0
PC1575711,0
PC1575754,0
PC1575970,0
PC1576064,0
PC1576089,0
PC1576186,0
PC1576289,0
PC1576317,0
PC1576460,0
PC1576781,0
PC1576999,0
PC1577088,0
PC1577146,0
PC1577213,1
PC1577339,0
PC1577380,0
PC1577414,0
PC1577549,0
PC1577707,0
PC1577768,0
PC1577823,0
PC1577858,0
PC1578075,0
PC1578160,0
PC1578360,0
PC1578611,0
PC1578812,0
PC1578819,0
PC1578840,1
PC1578883,0
PC1578965,1
PC1578967,1
PC1578975,0
PC1579025,0
PC1579038,0
PC1579112,1
PC1579142,0
PC1579152,0
PC1579158,0
PC1579276,0
PC1579644,0
PC1579874,0
PC1580009,0
PC1580056,1
PC1580091,0
PC1580110,0
PC1580199,0
PC1580202,0
PC1580205,0
PC1580246,1
PC1580348,0
PC1580535,0
PC1580580,0
PC1580700,0
PC1580736,0
PC1580929,1
PC1580996,0
PC1581018,0
PC1581038,0
PC1581134,1
PC1581236,0
PC1581326,0
PC1581519,0
PC1581692,0
PC1581761,0
PC1581765,1
PC1581834,0
PC1581851,0
PC1581964,0
PC1582119,0
PC1582352,0
PC1582519,0
PC1582586,0
PC1582620,0
PC1582692,0
PC1582693,0
PC1582912,0
PC1582928,0
PC1583022,0
PC1583037,0
PC1583117,0
PC1583184,0
PC1583222,0
PC1583277,0
PC1583387,0
PC1583496,0
PC1583518,0
PC1583521,0
PC1583650,0
PC1583666,0
