contig,predict_score,label,predict_label
PC202,0.83806672174807,1,1
PC205,0.177368510692571,1,0
PC300,0.0184528717899141,0,0
PC341,0.316008725262189,0,0
PC422,0.0372099024374445,0,0
PC668,0.0249107257249817,0,0
PC688,0.923360347747803,0,1
PC823,0.0712860226631165,0,0
PC861,0.32751114083784,0,0
PC971,0.24190588581641,0,0
PC1011,0.0182823960666149,0,0
PC1029,0.330031391290518,0,0
PC1232,0.675145456990398,1,1
PC1244,0.0149356052279472,0,0
PC1319,0.0338593864477433,0,0
PC1344,0.0156008919020074,0,0
PC1367,0.422870910829216,0,0
PC1434,0.173062419298136,0,0
PC1483,0.0058254174430427,0,0
PC1558,0.0169417516655375,0,0
PC1667,0.0459326794643175,0,0
PC1811,0.0133512710841994,0,0
PC1838,0.11830507503929,0,0
PC1849,0.0055215816274367,0,0
PC1854,0.131137932348673,0,0
PC1909,0.0039117156419351,0,0
PC2055,0.0426659621298313,0,0
PC2112,0.002253949875012,0,0
PC2288,0.01465994525768,0,0
PC2405,0.28166750424715,0,0
PC2549,0.263778795079408,1,0
PC2553,0.151066469272083,0,0
PC2638,0.0179373333949437,0,0
PC2668,0.0805005509635432,0,0
PC2734,0.0222082308918467,0,0
PC3004,0.0132488256498967,0,0
PC3012,0.089904900264163,0,0
PC3065,0.0132236152958183,0,0
PC3198,0.0244458690285683,0,0
PC3242,0.0147900421401025,0,0
PC3292,0.413405667679804,0,0
PC3502,0.0898910148715833,0,0
PC3549,0.0027891401276473,0,0
PC3783,0.0705514579277019,0,0
PC3784,0.0659802008845942,0,0
PC3949,0.0566857401281596,0,0
PC4114,0.22145288136001,0,0
PC4171,0.342127245206099,1,0
PC4252,0.0179217480509478,0,0
PC4382,0.563702167796304,0,1
PC4474,0.0906953133826799,0,0
PC4488,0.994906985921787,1,1
PC4725,0.032865467467126,0,0
PC4973,0.0048162480904324,0,0
PC5012,0.0475885061757586,0,0
PC5063,6.35110525990575e-05,0,0
PC5178,0.0029389697135197,0,0
PC5242,0.0448716774670402,0,0
PC5618,0.0054948034107597,0,0
PC5659,0.0016108733643183,0,0
PC5683,0.018128936913662,0,0
PC5902,0.0524233789063799,0,0
PC5940,0.293577827198405,0,0
PC5991,0.806832527413088,1,1
PC6063,0.0013980352086946,0,0
PC6065,0.0087675925752303,0,0
PC6067,0.24666690826416,0,0
PC6228,0.597449660301208,0,1
PC6297,0.0795646429299408,0,0
PC6305,0.436221210703854,0,0
PC6350,0.0053606625816488,0,0
PC6416,0.792411990618357,0,1
PC6480,0.0255611687898636,0,0
PC6613,0.0676016182005923,1,0
PC6772,0.582578718662262,0,1
PC6858,0.184195845516983,1,0
PC7009,0.924709618091583,0,1
PC7224,0.0002637311408761,0,0
PC7724,0.820001699136189,1,1
PC8190,0.999931216239929,1,1
PC8255,0.0045658550225198,0,0
PC8340,0.0214399756268743,0,0
PC8417,0.107921071350574,0,0
PC8471,0.705405703327,0,1
PC8524,0.005653406959027,0,0
PC8651,0.0010258398754048,0,0
PC8726,0.010237098894618,0,0
PC8780,0.0699901005074238,0,0
PC9026,0.0449746433470026,0,0
PC9160,0.748891102373691,1,1
PC9326,0.405885331332684,0,0
PC9708,0.635165329748831,0,1
PC9755,0.02933328754406,0,0
PC9771,0.0370539738392065,0,0
PC9909,0.108563100117977,0,0
PC9956,0.0444994941353798,0,0
PC10162,0.0401716340756965,0,0
PC10298,3.64328602544322e-05,0,0
PC10329,0.639088065483991,0,1
PC10456,0.0474619570987604,0,0
PC10481,0.135250819700519,0,0
PC10665,0.171540847258356,0,0
PC10680,0.0110220985960877,0,0
PC10700,0.0664915964007378,0,0
PC10780,0.0189567916095257,0,0
PC10807,0.0595207009366542,0,0
PC10926,0.0123131866981782,0,0
PC10959,0.18696168894376,0,0
PC10966,0.397921283051227,1,0
PC11050,0.174570260909352,0,0
PC11329,0.0621242099909077,0,0
PC11373,0.936934731597524,1,1
PC11472,0.0062642391548118,0,0
PC11521,0.0009375662721848,0,0
PC11567,0.0062721907163027,0,0
PC11606,0.0117345191538334,0,0
PC11748,0.017078381519864,0,0
PC11759,0.0634644376417042,0,0
PC11786,0.159203365445137,0,0
PC11909,0.126698672771454,0,0
PC11925,0.407688988296034,0,0
PC11934,0.350249356279771,0,0
PC12192,0.741618430851024,1,1
PC12228,0.00012378270416,0,0
PC12339,0.184278173424373,0,0
PC12405,0.125464188765544,0,0
PC12426,0.562913268673603,0,1
PC12503,0.0248140196287265,0,0
PC12578,0.0176968869033586,0,0
PC12598,0.0143260764923409,0,0
PC12672,0.389339196388086,1,0
PC12836,0.0008519608527421,0,0
PC12900,0.0005835253434066,0,0
PC12968,0.982834705814683,1,1
PC13082,0.17953995367435,0,0
PC13094,0.0544765283649054,0,0
PC13165,0.0156274838452665,0,0
PC13339,0.0038165150407028,0,0
PC13524,0.995326987314835,0,1
PC13640,0.0657868045619157,0,0
PC13642,0.0805094883278692,0,0
PC13749,0.001816414296627,0,0
PC13774,0.132805293831681,0,0
PC13808,1.55741236085305e-05,0,0
PC13821,0.139305379603429,1,0
PC13841,0.0195188129480747,0,0
PC13919,0.0873615814238566,0,0
PC14172,0.204455344354216,0,0
PC14191,0.0619999226471095,0,0
PC14227,0.0639479979872704,0,0
PC14236,0.0258719115456202,0,0
PC14398,0.0167613168302919,0,0
PC14522,0.0189460747695464,0,0
PC14546,0.0033203866332769,0,0
PC14656,0.178537876233249,0,0
PC14658,0.002457362063852,0,0
PC14733,0.109056895729143,0,0
PC14842,0.201727177771197,0,0
PC14849,0.0611203175282252,0,0
PC14891,0.0253314003348351,0,0
PC14925,0.144037387643148,0,0
PC14965,0.0416242640508526,0,0
PC15115,0.914349377155304,0,1
PC15342,0.0544153995661628,0,0
PC15351,0.0024578379354373,0,0
PC15360,0.0004270218778401,0,0
PC15783,0.251483323949698,0,0
PC15818,0.100412332797677,0,0
PC15822,0.0376754365861416,0,0
PC15848,0.0798590967552901,0,0
PC15861,0.0173614238042784,0,0
PC15928,0.407332857086523,1,0
PC16071,0.0651362456034782,0,0
PC16125,0.0878968932398701,0,0
PC16135,0.0424520265292621,0,0
PC16228,0.0001856998054348,0,0
PC16414,0.0063787631266666,0,0
PC16496,0.0892318180368279,0,0
PC16610,0.0975378427175012,0,0
PC16642,0.0132811143994331,0,0
PC16668,0.106690056424431,0,0
PC16690,0.252167211817991,0,0
PC16813,0.0062980712391436,0,0
PC16833,0.215699324201755,0,0
PC16842,0.193888308643137,1,0
PC16855,0.127097302515592,0,0
PC16987,0.0787483177186811,0,0
PC17178,0.0045986544609296,0,0
PC17405,0.696222948125634,1,1
PC17459,0.0831108535125804,0,0
PC17508,0.635564128514602,0,1
PC17541,0.0208956341176659,0,0
PC17680,0.297351129703708,0,0
PC17779,0.0658693518677999,0,0
PC17797,0.118710088580536,0,0
PC17900,0.613969504833221,0,1
PC18002,0.125338242442188,0,0
PC18034,0.0690667809366597,0,0
PC18180,0.218654447700828,0,0
PC18265,0.471944674579859,0,0
PC18305,0.0208343211561441,0,0
PC18357,0.105680527157602,0,0
PC18371,0.265622794628143,0,0
PC18397,0.0006529946695081,0,0
PC18479,0.0020761417690664,0,0
PC18668,0.0490969580315727,0,0
PC18811,0.0139102779225243,0,0
PC18874,0.898357606280285,1,1
PC18889,0.011354297267801,0,0
PC18949,0.117662889597439,0,0
PC19078,0.0004833954897719,0,0
PC19082,0.495995605549805,0,0
PC19233,0.263224817264125,0,0
PC19254,0.0041318851007158,0,0
PC19293,0.0312335768027399,0,0
PC19330,0.137318415491425,0,0
PC19352,0.0401772502809762,0,0
PC19417,0.202628862158862,0,0
PC19481,0.0678430782123045,0,0
PC19492,0.0447057324634882,0,0
PC19525,0.0036489123672366,0,0
PC19532,6.67412198560122e-05,0,0
PC19649,0.0559352212574654,0,0
PC19686,0.0032743008948434,0,0
PC19993,0.0078889215365052,0,0
PC20000,0.0003340603006502,0,0
PC20126,0.0016886408399765,0,0
PC20173,0.581902664725798,0,1
PC20214,0.0303995825504282,0,0
PC20261,0.226136437851899,0,0
PC20286,0.0567524544894695,0,0
PC20333,0.697920860198166,1,1
PC20528,0.0014992147772278,0,0
PC20618,0.0018424236914143,0,0
PC20708,0.0583841943471171,0,0
PC20832,0.0123544144167748,0,0
PC20859,0.0041394503787159,0,0
PC20871,0.282709176577881,0,0
PC20905,0.0342405362819127,0,0
PC21032,0.0328422449529171,0,0
PC21048,0.0205248805962629,0,0
PC21072,0.115068271756172,0,0
PC21119,0.363414222933489,1,0
PC21164,0.0172710189547706,0,0
PC21166,0.190209796307523,0,0
PC21254,0.159307204257337,0,0
PC21255,0.0566466950990859,0,0
PC21490,0.0168404312697565,0,0
PC21515,0.0145472465083003,0,0
PC21655,0.0201683109880943,0,0
PC21685,0.115840586470693,1,0
PC21807,0.168881624423224,0,0
PC21850,0.350375175476074,0,0
PC22268,0.064159982044649,0,0
PC22293,0.0067411394321175,0,0
PC22378,0.0622100596757311,0,0
PC22534,0.000251298159128,0,0
PC22636,0.281806383027564,0,0
PC22658,0.52314937710762,1,1
PC22750,0.0080494795589596,0,0
PC22754,2.73757577815559e-05,0,0
PC22832,0.0030273211031678,0,0
PC22938,0.276911285867348,0,0
PC22950,0.0104523524641991,0,0
PC23017,0.0236800548398888,0,0
PC23118,0.0446025612604222,0,0
PC23285,0.0165241956710815,0,0
PC23562,0.101338049194899,0,0
PC23776,0.0500528268364505,0,0
PC23855,0.431387832426643,0,0
PC23901,0.106281580919602,0,0
PC23982,0.0152879311045419,0,0
PC24006,0.0730949788686469,0,0
PC24117,0.0100204176973338,0,0
PC24171,0.163585082905395,0,0
PC24173,0.0067663998766378,0,0
PC24200,0.0391950572610959,0,0
PC24224,0.0046087762515031,0,0
PC24229,0.0206885477104263,0,0
PC24252,0.185817060597809,0,0
PC24306,0.0508561575617318,0,0
PC24656,0.0211065143487847,0,0
PC24755,0.101955500588758,1,0
PC25049,0.329542759892553,0,0
PC25345,0.0110007883418423,0,0
PC25353,0.0484334985034154,0,0
PC25451,0.400353179823968,1,0
PC25471,0.185950344147747,0,0
PC25537,0.0291092577349164,0,0
PC25553,0.230173719941445,0,0
PC25637,0.578431248664856,0,1
PC25686,0.545256829609367,0,1
PC25729,0.909859146390643,1,1
PC25754,0.174878461794419,0,0
PC25798,4.12974950450007e-05,0,0
PC25912,0.431731059579584,0,0
PC26017,0.0133416065946221,0,0
PC26061,0.0742059627881469,0,0
PC26279,0.0425139441077567,0,0
PC26362,0.004748017527163,0,0
PC26408,0.0095124309882521,0,0
PC26424,0.105841599404812,0,0
PC26637,0.0003705393600914,0,0
PC26649,0.0193207695764104,0,0
PC26725,0.014652802572241,0,0
PC26812,0.1601597401973,0,0
PC26840,0.0002202067116741,0,0
PC27005,0.478695663538846,0,0
PC27101,0.0135834814789104,0,0
PC27586,0.0612091154996109,0,0
PC27628,0.0067783365957438,0,0
PC27648,0.709862037312895,1,1
PC27730,0.0002363753204183,0,0
PC27796,0.911631696305033,0,1
PC27806,0.0395463978562235,0,0
PC27831,0.186331190109726,0,0
PC27896,0.232780722302322,0,0
PC27984,0.0745724587005163,0,0
PC28108,0.674262785494606,1,1
PC28126,0.0014476156793534,0,0
PC28253,0.0130660009002877,0,0
PC28311,0.0010999419027939,0,0
PC28369,0.0788094743993328,0,0
PC28383,0.0091761058004938,0,0
PC28426,0.0034389884676784,0,0
PC28586,0.131593213564791,0,0
PC28655,0.152730466635226,0,0
PC28699,0.021401780117562,0,0
PC28715,0.225709438323975,0,0
PC28792,0.157672993346024,0,0
PC28958,0.201414893050676,0,0
PC28965,0.0674521401524544,0,0
PC29039,0.0651445247887772,0,0
PC29040,0.103627929562016,0,0
PC29110,0.0378905628952258,0,0
PC29122,0.126200338114681,0,0
PC29140,0.277548885604297,0,0
PC29149,0.146030557636496,0,0
PC29224,0.0102315423173014,0,0
PC29237,0.000362023274647,0,0
PC29266,0.0021788202456419,0,0
PC29283,0.248138723215477,0,0
PC29458,0.11724229253335,0,0
PC29561,0.423545668575478,0,0
PC29721,0.125315497490739,1,0
PC29925,0.0001868258841568,0,0
PC29987,0.121391056979396,0,0
PC30061,0.0210366386333851,0,0
PC30086,0.114376730200229,0,0
PC30454,0.0086598265775985,0,0
PC30469,0.001825987945761,0,0
PC30556,0.0136739354771288,0,0
PC30562,0.739403558073577,1,1
PC30588,0.0005513277422775,0,0
PC30629,0.10266737639904,0,0
PC30668,0.214768342585128,0,0
PC30917,0.0063383434899151,0,0
PC30952,0.664633579526441,0,1
PC30974,0.0404638837035091,0,0
PC30992,0.0069160371195092,0,0
PC31195,0.0578211408227271,0,0
PC31209,0.103491803975186,0,0
PC31290,0.036768784856095,0,0
PC31298,7.85549147845439e-06,0,0
PC31401,0.301445827796281,0,0
PC31478,0.0276886452411682,0,0
PC31483,0.12785258662781,1,0
PC31515,0.620706468670811,0,1
PC31660,0.355532313701695,0,0
PC31857,0.138119056954014,0,0
PC31890,0.112613089445142,0,0
PC32082,0.0041833405008402,0,0
PC32230,0.0160856973107135,0,0
PC32363,0.152067290619016,1,0
PC32543,0.032513504782364,0,0
PC32575,0.0544894226991305,0,0
PC32768,0.0014719595201313,0,0
PC32812,0.822485417825556,1,1
PC32845,0.0028359088675836,0,0
PC32967,0.115743830695119,0,0
PC33030,0.113485095896671,0,0
PC33059,0.138813339935093,0,0
PC33060,0.0261297591170391,0,0
PC33092,0.0117443327950911,0,0
PC33107,0.0290517593165497,0,0
PC33163,0.0002001523594976,0,0
PC33211,0.367822275605312,0,0
PC33309,0.323773533403874,0,0
PC33313,0.0047710161983317,0,0
PC33586,0.603944510221481,1,1
PC33622,0.347299920559286,0,0
PC33648,0.320490559201711,0,0
PC33664,0.0144137014763618,0,0
PC33677,0.0024043352150553,0,0
PC33733,0.110658746641569,0,0
PC33808,0.030565183609724,0,0
PC33868,1.23537174225757e-06,0,0
PC33926,0.0682005771457504,0,0
PC34065,0.0045942870371619,0,0
PC34199,0.0154886692104375,0,0
PC34223,0.128117812714063,1,0
PC34290,0.131878048181534,0,0
PC34351,0.0041259164657518,0,0
PC34404,0.130215665700843,1,0
PC34530,0.107888345719833,0,0
PC34536,0.0122235156595707,0,0
PC34542,0.0017989113455669,0,0
PC34624,0.0387447052913536,0,0
PC34625,0.873586177825928,1,1
PC34754,0.11551976300055,0,0
PC34791,0.127363525273668,0,0
PC34873,4.56022943488791e-05,0,0
PC34985,0.0017566151199318,0,0
PC35104,0.0005227903225591,0,0
PC35256,0.027737511280442,0,0
PC35355,0.0141961368928791,0,0
PC35359,0.0183405486776146,0,0
PC35540,0.150761812925339,0,0
PC36055,0.699656546115875,0,1
PC36249,0.42406783078046,0,0
PC36293,0.92126053571701,0,1
PC36352,0.0738905924288897,0,0
PC36407,0.00038679127465,0,0
PC36440,0.0464122504313128,0,0
PC36535,0.102361525936468,0,0
PC36557,0.0300837057195897,0,0
PC36727,0.0910949088289578,0,0
PC36778,0.0037459684623721,0,0
PC37180,0.0061742862919101,0,0
PC37299,0.149867485761464,0,0
PC37376,0.473683582955003,0,0
PC37399,0.825454342872538,1,1
PC37438,0.227701080621922,0,0
PC37440,0.0902388857235532,0,0
PC37497,0.000502667557174,0,0
PC37537,0.0305023480649918,0,0
PC37563,0.0275068443276992,0,0
PC37808,0.0011310250362982,0,0
PC37871,0.182292749641221,0,0
PC37915,0.594972206526492,1,1
PC37963,0.298021032781658,0,0
PC38053,0.0003521939797792,0,0
PC38226,0.405117236247669,0,0
PC38291,0.0225997322372028,0,0
PC38421,0.218298164041811,0,0
PC38636,0.0163381650549816,0,0
PC38789,0.116166968545689,0,0
PC38861,0.0956967398524284,0,0
PC38946,0.062681497976923,0,0
PC39164,0.001113720354624,0,0
PC39290,0.922850094945388,0,1
PC39415,0.0892862921022522,0,0
PC39619,0.0627438172068394,0,0
PC39737,0.327240401298537,0,0
PC39895,0.109994933009148,0,0
PC39949,0.233161824012021,1,0
PC39958,0.0014711972196809,0,0
PC40021,0.649975052882776,0,1
PC40046,0.0353769338528565,0,0
PC40067,0.0239098716471289,0,0
PC40111,0.136263163529942,0,0
PC40172,0.0623180742488525,0,0
PC40175,0.0098860640304558,0,0
PC40194,0.105191983653409,0,0
PC40362,0.0265794293950464,0,0
PC40446,0.055551459638557,0,0
PC40507,0.0584969583567517,0,0
PC40701,0.0028633344918489,0,0
PC40765,0.334755231227194,0,0
PC40773,0.0590783711254128,0,0
PC40810,0.105429644716165,0,0
PC40840,0.0047792454997923,0,0
PC40847,0.872440993785858,0,1
PC40857,0.0233572718184864,0,0
PC40877,0.0037078529835844,0,0
PC40909,0.0601401329040527,0,0
PC40910,0.0003059994974616,0,0
PC40923,0.0155704622644214,0,0
PC40942,0.12059392552463,1,0
PC40992,0.0171137100735963,0,0
PC41058,0.0109689912719158,0,0
PC41260,0.579263538906449,0,1
PC41350,0.0010402604887615,0,0
PC41486,0.0255514662712812,0,0
PC41521,0.0748321070903231,0,0
PC41674,0.0591212358992121,0,0
PC41708,0.068401075899601,0,0
PC41789,0.223836547927398,0,0
PC41960,0.133485753010457,0,0
PC42020,0.547053344263709,0,1
PC42442,0.116773624711746,0,0
PC42452,0.0403383193096003,0,0
PC42461,0.0035315330664611,0,0
PC42601,0.90472000837326,0,1
PC42710,0.0301799867703885,0,0
PC42715,0.0295565827503143,0,0
PC43000,0.0265411303941685,0,0
PC43034,0.0045027653686702,0,0
PC43098,0.0311527119382568,0,0
PC43121,0.0046919039450585,0,0
PC43230,0.179966378947088,0,0
PC43433,0.0112555958480752,0,0
PC43590,0.0514365689701177,0,0
PC43902,0.351351152326983,0,0
PC44057,0.10776392625136,0,0
PC44268,0.51361763644615,0,1
PC44289,0.0791167469682965,0,0
PC44305,0.0409794868072794,0,0
PC44357,0.026699515155165,0,0
PC44445,0.0168600976710731,0,0
PC44775,0.0096841530862237,0,0
PC44788,0.0098866565698498,0,0
PC44872,0.175167750250972,0,0
PC44997,0.233986055498144,1,0
PC45029,0.039283344870418,0,0
PC45074,0.115488315287509,0,0
PC45201,0.0008677137084305,0,0
PC45286,0.224891521419003,0,0
PC45448,0.0019964584640432,0,0
PC45455,0.074957835728417,0,0
PC45719,0.000483954946276,0,0
PC46133,0.0058440047977403,0,0
PC46204,0.0512805548794621,0,0
PC46266,0.039330434658199,0,0
PC46300,0.00310212491276,0,0
PC46372,0.077899257624363,1,0
PC46431,0.0580955759468709,0,0
PC46454,0.0160052195992074,0,0
PC46491,0.653112522193364,1,1
PC46497,0.0510813742876053,0,0
PC46538,0.0276292408946589,0,0
PC46546,0.198071320343285,0,0
PC46604,0.105910427868366,0,0
PC46728,0.0039928495099053,0,0
PC46755,0.0240234470558028,0,0
PC46789,0.0431649517069789,0,0
PC46914,0.81586617231369,0,1
PC47025,0.485840992993428,0,0
PC47274,0.0038605855264523,0,0
PC47362,0.0209776007573302,0,0
PC47413,0.221097052097321,0,0
PC47537,0.01660515193719,0,0
PC47605,0.0519611574709415,0,0
PC47662,0.179374042321333,0,0
PC47688,0.365792221741147,0,0
PC47892,0.0565777760567727,0,0
PC48131,0.0911839861091877,0,0
PC48164,0.0244607430414499,0,0
PC48296,0.0016355475662179,0,0
PC48470,0.0026806718032351,0,0
PC48616,0.0114309367981,0,0
PC48639,0.0918313757300447,0,0
PC48729,0.0756818463920679,0,0
PC48773,0.159056328974738,0,0
PC48854,0.0127951977774501,0,0
PC48855,0.114596262064944,0,0
PC48900,0.0204350482672453,0,0
PC49013,0.148123827644764,0,0
PC49161,0.0072896413336705,0,0
PC49234,0.635342538356781,0,1
PC49427,0.069879180935475,0,0
PC49607,0.524516341042269,1,1
PC49620,0.0065631068332436,0,0
PC49647,0.0089999715057381,0,0
PC49835,0.265727790354211,0,0
PC49846,0.0166944009013539,0,0
PC50008,0.316017963220737,0,0
PC50218,0.0226733232306879,0,0
PC50242,0.0037111022975295,0,0
PC50428,0.0459446885220246,0,0
PC50453,0.0312313386563992,0,0
PC50488,0.0294034034013748,0,0
PC50547,0.473003363918623,1,0
PC50616,0.0921235507056678,0,0
PC50619,0.000107125742943,0,0
PC51168,0.0992738852512587,0,0
PC51516,0.0059908931978658,0,0
PC51519,0.0786713300331369,0,0
PC51635,0.366732189548984,0,0
PC52016,0.0197904237262233,0,0
PC52120,0.0128391421081998,0,0
PC52187,0.0051012458625408,0,0
PC52511,0.0591312132444537,0,0
PC52699,0.032994894219463,0,0
PC52742,0.0085656540573371,0,0
PC52784,0.0465768240340396,0,0
PC52833,0.0214923841285182,0,0
PC52858,0.441399643019729,0,0
PC53109,0.784939762564073,0,1
PC53133,0.0355313420295715,0,0
PC53158,0.0200527946101841,0,0
PC53165,0.0211354839851456,0,0
PC53251,0.143901330308389,0,0
PC53406,0.0028103240765631,0,0
PC53665,0.49944766170639,0,0
PC53733,0.0201211239744809,0,0
PC53756,0.0101560607389941,0,0
PC53832,0.0640376806259155,0,0
PC54022,0.0248819641011311,0,0
PC54196,3.87965883419383e-05,0,0
PC54229,0.0034851774107664,0,0
PC54230,0.0695493968595321,0,0
PC54397,0.0083594560956224,0,0
PC54422,0.0012012880761176,0,0
PC54431,0.0022585165635652,0,0
PC54584,0.0024912152160114,0,0
PC54664,0.079141020729736,0,0
PC54674,0.229642753053105,0,0
PC54769,0.0382618568837643,0,0
PC54853,0.348127335309982,0,0
PC54936,0.702907025814056,0,1
PC55099,0.0001449747566167,0,0
PC55129,0.167473191266282,0,0
PC55181,0.190468273999065,0,0
PC55221,0.0660897998405469,0,0
PC55436,0.0808965487345093,0,0
PC55473,0.0978033256313179,0,0
PC55481,0.306762424892165,1,0
PC55555,0.261212894150424,1,0
PC55694,0.127555365231177,0,0
PC55716,0.0017252971883863,0,0
PC55824,0.0810359104703521,0,0
PC55847,0.0372686614625624,0,0
PC55980,0.14873318563732,0,0
PC56202,0.203880672138111,0,0
PC56316,0.0201685194199938,0,0
PC56460,0.0453409813344479,0,0
PC56472,0.0295625761720873,1,0
PC56474,0.0891335854657959,0,0
PC56577,0.0843900359853398,0,0
PC56711,0.0263182535987306,0,0
PC56838,0.0011204549809917,0,0
PC57146,0.0012618094915524,0,0
PC57384,0.0234654493134044,0,0
PC57387,0.0061311107057602,0,0
PC57652,0.0093447434930284,0,0
PC57741,5.52425092638583e-05,0,0
PC57839,0.0269191311797416,0,0
PC57844,0.129015086175565,0,0
PC57868,0.0880799520592792,0,0
PC58227,0.0001752275047449,0,0
PC58244,0.377253443002701,0,0
PC58270,0.112375144075887,0,0
PC58423,0.0014244154680224,0,0
PC58572,2.95778366718803e-05,0,0
PC58645,0.230354500153749,0,0
PC58706,0.0981827806722531,0,0
PC58722,0.328858763017089,0,0
PC58970,0.0175195114994512,0,0
PC59072,0.0144613599404693,0,0
PC59101,0.0002932827546378,0,0
PC59179,0.0012527393088959,0,0
PC59240,0.0356063040556153,0,0
PC59308,0.0067152166739106,0,0
PC59555,0.459438592195511,0,0
PC59608,0.88920904813717,0,1
PC59662,2.15115669561783e-05,0,0
PC59666,0.0320401748502779,0,0
PC59885,0.31793937087059,0,0
PC59960,0.0368878790095082,0,0
PC60059,0.128004224197075,0,0
PC60087,0.39769222210208,0,0
PC60254,0.0202831937817021,0,0
PC60264,0.0486212844711884,0,0
PC60297,0.0005062153012044,0,0
PC60311,0.246157662315286,0,0
PC60409,0.0002689744869712,0,0
PC60588,0.0019198697991669,0,0
PC60781,0.133474093888329,0,0
PC60882,0.121775060668028,0,0
PC60898,0.32205194234848,0,0
PC60964,0.134809450300137,0,0
PC60984,0.004761601332575,0,0
PC61073,0.05173770332136,0,0
PC61136,0.300976231154443,1,0
PC61278,0.0128727745604906,0,0
PC61285,0.011603310649405,0,0
PC61299,0.261491262665333,0,0
PC61378,0.0838135108351707,0,0
PC61490,0.0968425337717785,0,0
PC61528,0.164479840237632,0,0
PC61706,0.176296751290682,0,0
PC61786,0.107186045926943,0,0
PC61863,0.0093288304758718,0,0
PC61876,0.187866508677268,0,0
PC61926,0.975688805767134,1,1
PC62017,0.107789348951958,0,0
PC62055,0.0014513926032711,0,0
PC62100,0.0517156602906399,0,0
PC62122,0.977145882514627,1,1
PC62144,0.112171598537239,0,0
PC62386,0.0029895559418946,0,0
PC62423,0.468316867291668,0,0
PC62493,0.10032756015148,0,0
PC62507,0.0052783050180617,0,0
PC62530,0.241834352021406,0,0
PC62641,0.256015425581882,0,0
PC62745,0.069486486142336,0,0
PC62789,0.127144724742068,0,0
PC63024,0.144127713958888,0,0
PC63043,0.895533182611867,1,1
PC63343,0.345210609925145,0,0
PC63418,0.0042987740598619,0,0
PC63455,0.0364336036145687,0,0
PC63490,0.0283186991431823,0,0
PC63558,0.0013275723830002,0,0
PC63564,0.160279041081667,0,0
PC63674,0.010016230866313,0,0
PC63706,0.0741643596362944,0,0
PC63733,0.1327700496627,0,0
PC63904,0.0027185573708266,0,0
PC63928,0.270398277457637,0,0
PC64015,0.0008888841673511,0,0
PC64051,0.0040940999352275,0,0
PC64108,0.0773596239855327,0,0
PC64270,0.0025900838356246,0,0
PC64386,0.056503351777792,0,0
PC64574,0.0476726650072071,0,0
PC64785,0.107292439719583,0,0
PC64861,0.0021203891319961,0,0
PC64934,0.484372124559775,0,0
PC65057,0.0191488564014435,0,0
PC65158,0.152563822011322,0,0
PC65172,0.170724716283522,0,0
PC65383,0.133305814738075,1,0
PC65388,0.0112564993689013,0,0
PC65454,0.0104149148389588,0,0
PC65634,0.795239150524139,0,1
PC65646,0.108812532297283,0,0
PC65771,0.138025220987357,0,0
PC66009,0.0100584819306313,0,0
PC66067,0.508346713925935,1,1
PC66103,0.301558153558477,0,0
PC66231,0.375022369696255,0,0
PC66330,0.0442469866216863,0,0
PC66362,0.0052877234187192,0,0
PC66444,0.0459587162665999,0,0
PC66629,0.0076761962606142,0,0
PC66635,0.320849756557475,0,0
PC66733,0.515985667705536,0,1
PC66899,0.0401439510172394,0,0
PC66904,0.0456861853599548,0,0
PC66995,0.0728566663360383,0,0
PC67083,0.422279506921768,0,0
PC67087,0.0038704276918032,0,0
PC67153,0.0661731837284987,0,0
PC67221,0.299845069646835,0,0
PC67353,0.195971263414088,0,0
PC67866,0.38698387777798,0,0
PC67998,0.596250252534392,1,1
PC68007,0.972443401813507,0,1
PC68097,0.0445104241371155,0,0
PC68156,0.0348331105298079,0,0
PC68264,0.0055163018405437,0,0
PC68283,0.561906064833291,0,1
PC68400,0.0249910687715593,0,0
PC68484,0.0552742253071517,0,0
PC68587,0.128633755153341,0,0
PC68649,0.0021885247022513,0,0
PC68671,0.0003989051519855,0,0
PC68685,0.436081252497477,1,0
PC68806,0.0107771314786353,0,0
PC68862,0.318216486492144,0,0
PC69509,0.378086813118147,1,0
PC69646,0.192896787185732,0,0
PC69651,0.363753738858648,0,0
PC69671,0.257274439729796,0,0
PC69725,0.0073507558962704,0,0
PC69821,0.237590483360848,0,0
PC69822,0.000100588347978,0,0
PC69922,0.0053340992890298,0,0
PC69949,0.0542896836996078,0,0
PC70115,0.0116346702599928,0,0
PC70233,0.611501187413603,0,1
PC70248,0.0483431204027215,0,0
PC70359,0.131586611270905,0,0
PC70489,0.038977120887268,0,0
PC70587,0.60530423072878,0,1
PC70630,0.0182735435388892,0,0
PC70782,0.233081310987473,0,0
PC70863,0.540507733821869,0,1
PC70903,0.0715405075131236,0,0
PC71064,0.0416444977645641,0,0
PC71108,0.224745348036432,0,0
PC71131,0.0995279558300913,0,0
PC71181,0.928341557771528,1,1
PC71248,0.448562845486362,0,0
PC71453,0.0102579981143523,0,0
PC71462,0.0139657125594219,0,0
PC71539,0.112714701441604,0,0
PC71705,0.0415251756492131,0,0
PC71773,0.238568798841767,1,0
PC71858,0.176447916993111,0,0
PC71946,0.0389009341313184,0,0
PC72024,0.0229520357697513,0,0
PC72098,0.744156029335288,1,1
PC72115,0.725881060949919,0,1
PC72272,0.0287270224029858,0,0
PC72287,0.0128385278283071,0,0
PC72310,6.92270631370788e-05,0,0
PC72334,0.0468511110201482,0,0
PC72357,0.228038508879011,0,0
PC72472,0.16181968605461,0,0
PC72555,0.112004073356663,0,0
PC73108,0.0114606610019915,0,0
PC73167,0.72891288526524,1,1
PC73207,0.556874124524033,0,1
PC73417,0.0310712280077204,0,0
PC73449,0.0124561078846455,0,0
PC73487,0.213593646883965,0,0
PC73696,0.459715279313701,0,0
PC73724,0.252960298804359,1,0
PC73772,8.18115368019789e-05,0,0
PC73777,0.294105564636965,1,0
PC74132,0.0806300050656622,0,0
PC74164,0.071584532359723,0,0
PC74202,0.0219486019976398,0,0
PC74382,0.131074215434624,0,0
PC74407,0.196422284853824,0,0
PC74484,0.0670783514054918,0,0
PC74545,0.120506942272186,0,0
PC74577,5.63677076570457e-07,0,0
PC74645,0.0245770146660285,0,0
PC74653,0.0168709550052881,0,0
PC74661,0.0701038613915443,0,0
PC74688,0.0002084263833239,0,0
PC74775,0.0068346757731174,0,0
PC74780,0.0802309941954729,0,0
PC74828,0.0477028766436393,0,0
PC74898,0.0393892710339533,0,0
PC74928,0.0209445860236883,0,0
PC74948,0.939828592689366,1,1
PC75214,0.0362910735169885,0,0
PC75238,0.137429075614627,0,0
PC75299,0.113784256036611,0,0
PC75401,0.858544685955131,0,1
PC75431,0.0046202207374716,0,0
PC75580,0.077483571455127,0,0
PC75608,0.0114327808080735,0,0
PC75681,0.106775053142746,0,0
PC75728,0.133510778061859,0,0
PC75811,0.0104786620019797,0,0
PC75849,0.0911852671510379,0,0
PC76217,0.0030934617388993,0,0
PC76324,0.300416273989596,0,0
PC76405,0.109618536835154,0,0
PC76421,0.0094233462586998,0,0
PC76432,0.635479451461159,0,1
PC76481,0.284473948114422,0,0
PC76601,0.0106461699225593,0,0
PC76748,0.0232744314476809,0,0
PC76892,0.0113551729126674,0,0
PC76893,0.45237341534161,0,0
PC77031,0.0376909504972045,0,0
PC77355,0.0006573314312845,0,0
PC77488,0.219620485233401,1,0
PC77527,0.0384455869590985,0,0
PC77605,0.0401651164454021,0,0
PC77905,0.0337691659907599,0,0
PC78145,0.183915709620462,0,0
PC78337,0.0014592120423913,0,0
PC78474,0.0017828191540671,0,0
PC78621,0.252536104348819,0,0
PC78813,0.000319401509648,0,0
PC78884,0.0211297404021025,0,0
PC78991,0.110261847346482,0,0
PC79077,0.366544705452631,0,0
PC79192,0.300880354039773,0,0
PC79269,0.373711875523172,0,0
PC79312,0.149044411382575,0,0
PC79384,0.765726740067493,0,1
PC79507,0.0512801236215474,0,0
PC79510,0.15624540281005,0,0
PC79517,0.0485740053564688,0,0
PC79520,0.316945718944247,0,0
PC79613,0.564986744234639,1,1
PC79650,0.372645705938339,0,0
PC79654,0.136114154124328,0,0
PC79680,0.308523184940463,1,0
PC79822,0.186832306954153,0,0
PC79842,0.0279275591369784,0,0
PC79880,0.298521754510323,0,0
PC79908,0.161418601605537,0,0
PC80002,0.0217026328833396,0,0
PC80138,0.0980356870151242,0,0
PC80190,0.109815165511294,0,0
PC80326,0.0016329530014717,0,0
PC80379,0.0197083354071383,0,0
PC80407,0.181835509287003,0,0
PC80430,0.0052390878490582,0,0
PC80443,0.0723615843727594,0,0
PC80494,0.0184358172944976,0,0
PC80550,0.055746594906276,0,0
PC80615,0.970889961558826,1,1
PC80699,0.133427513582646,1,0
PC80974,0.501039053508923,1,1
PC80981,0.117562828062406,0,0
PC80989,0.0831809057191039,0,0
PC81148,0.394496484160499,0,0
PC81220,0.0004847553209401,0,0
PC81254,0.195195763051802,0,0
PC81305,0.0615503569487119,0,0
PC81398,0.0771846201041617,0,0
PC81406,0.114359125494957,0,0
PC81446,0.0643283540294283,0,0
PC81509,0.268796924974584,0,0
PC81523,0.943242490291595,0,1
PC81555,0.0998342398280291,0,0
PC81570,0.0017361758499733,0,0
PC81704,0.0217059476109681,0,0
PC81905,0.0548484740809057,0,0
PC81928,0.0425702776563794,0,0
PC81941,0.0005990434894638,0,0
PC82057,0.286819756031036,0,0
PC82303,0.152311126641385,0,0
PC82305,0.342628747282639,1,0
PC82351,0.0427128253544572,0,0
PC82363,0.0358689449787299,0,0
PC82401,0.0789678580674929,0,0
PC82521,0.741137742996216,0,1
PC82840,0.797168614054157,0,1
PC82848,0.0443799526033261,0,0
PC82880,0.0008421123977757,0,0
PC83034,0.0100316541829541,0,0
PC83039,0.112972269069801,0,0
PC83073,0.526489324626643,1,1
PC83172,0.0460029396055795,0,0
PC83369,0.0490000152629633,0,0
PC83430,0.0199760247623746,0,0
PC83573,0.0289228752496379,0,0
PC83574,0.0368689577026041,0,0
PC83584,0.0098465989288008,0,0
PC83591,0.109104244732153,0,0
PC83615,0.0699154660105705,0,0
PC83637,0.0305878983425169,0,0
PC83711,0.0074846157676168,0,0
PC83730,0.0610566348747854,0,0
PC83732,0.0049347517587225,0,0
PC83899,0.0648410149049205,0,0
PC83942,6.41629149256025e-06,0,0
PC84159,0.0795837482521774,0,0
PC84317,0.198721299974286,0,0
PC84328,0.013208173762559,0,0
PC84411,0.264551032106656,1,0
PC84655,0.0043971573410645,0,0
PC84734,0.0369159581680451,0,0
PC84797,0.132091954350471,0,0
PC84938,0.489466301060383,0,0
PC85014,0.0161425718752533,0,0
PC85048,0.14011392413789,0,0
PC85080,0.069581417230474,0,0
PC85108,0.0198766366549906,0,0
PC85131,0.0033170906125664,0,0
PC85133,0.0606728912077923,0,0
PC85141,0.173573702573776,0,0
PC85660,0.246259642111416,1,0
PC85976,0.0766232325061354,0,0
PC86321,0.200914031399193,0,0
PC86516,0.0332757315467892,0,0
PC86678,0.139838355533574,0,0
PC86714,0.408888630607922,0,0
PC86935,0.0548458286240452,0,0
PC86945,0.001237015472725,0,0
PC87089,0.0087431363291994,0,0
PC87253,0.0850743502378464,0,0
PC87338,0.239307818025691,1,0
PC87340,0.0178572295393432,0,0
PC87341,0.0522960791620082,0,0
PC87599,0.401206236619215,0,0
PC87612,0.368179587602451,1,0
PC87740,0.008763101061694,0,0
PC87752,0.0084240585565567,0,0
PC87848,0.874793378605093,1,1
PC87896,0.0052898225404328,0,0
PC87984,0.0280533104258425,0,0
PC88117,0.324558215526746,0,0
PC88159,0.0120884755593647,0,0
PC88264,0.175047824375851,0,0
PC88267,0.0546525633236699,0,0
PC88444,0.590970635414124,0,1
PC88512,0.225188437620903,0,0
PC88996,0.0047989349793311,0,0
PC89125,0.0019921929502445,0,0
PC89127,0.299858593484917,0,0
PC89582,0.154151998113945,0,0
PC89610,0.189510366426883,1,0
PC89612,0.0182597026007873,0,0
PC89635,0.0347827121761092,0,0
PC89645,0.0069535923102383,0,0
PC89742,0.0772014260292053,0,0
PC90066,0.0082774078473448,0,0
PC90071,0.020579454361057,0,0
PC90079,0.354653075466193,0,0
PC90223,0.0226205649261327,0,0
PC90314,0.0666374968892108,0,0
PC90395,0.0003929567277653,0,0
PC90402,0.039340283411037,0,0
PC90432,0.0011635430310369,0,0
PC90469,0.092678027197639,0,0
PC90548,0.0018958518912154,0,0
PC90587,0.00217945598827,0,0
PC90683,0.115848153115358,0,0
PC90703,0.0171802712236336,0,0
PC90797,0.0001712750527076,0,0
PC90818,0.741242408752441,0,1
PC90848,0.0425934276807664,0,0
PC90969,0.176572141182692,0,0
PC90974,0.2258480251545,0,0
PC90985,0.147401201897085,0,0
PC91075,0.0350425060162969,0,0
PC91175,0.126037276477841,0,0
PC91361,0.0020092560024139,0,0
PC91392,0.0501402693599163,0,0
PC91445,0.57938111456894,0,1
PC91478,0.0010311801662595,0,0
PC91636,0.077154841274023,0,0
PC91870,0.29890223466694,0,0
PC91876,0.104828745642313,0,0
PC92203,0.0154190558806693,0,0
PC92205,0.644470421282384,0,1
PC92390,0.524988087239089,0,1
PC92492,0.168984100222588,0,0
PC92498,0.26302537753764,0,0
PC92520,0.0794732243226265,0,0
PC92531,0.0702068088858724,0,0
PC92555,0.0377299599349499,0,0
PC92660,0.023447351395107,0,0
PC92800,0.0327716190456214,0,0
PC92918,0.0053760393300411,0,0
PC92930,0.0002667411648059,0,0
PC92937,0.0538399435496839,0,0
PC93019,0.0575077295243259,0,0
PC93043,0.0205055876538264,0,0
PC93233,0.264698024779887,0,0
PC93292,0.860985469884251,1,1
PC93352,0.0964191125422496,0,0
PC93445,0.0245978158933145,0,0
PC93562,0.174473781393256,0,0
PC93599,0.0022054568908636,0,0
PC93670,5.54418475076091e-05,0,0
PC93707,0.0476797179362573,0,0
PC94025,0.00307964682953,0,0
PC94069,0.0191313300496168,0,0
PC94086,0.023887018038355,0,0
PC94186,0.185098347787482,0,0
PC94204,0.0696761428219516,0,0
PC94214,0.0008457846706733,0,0
PC94291,0.0001126263960031,0,0
PC94324,0.0161365539762392,0,0
PC94458,0.0106486950089998,0,0
PC94614,0.0033514040302191,0,0
PC94627,0.0065186937084786,0,0
PC94633,0.0339896202568933,0,0
PC94654,0.0006683584651909,0,0
PC94692,0.186598598957062,0,0
PC94703,0.0013761084992438,0,0
PC94756,0.119280406375591,0,0
PC94765,0.0584425404667854,0,0
PC94937,0.0963263855107891,0,0
PC95036,0.290014849120735,1,0
PC95079,0.0310976304829757,0,0
PC95255,0.463483932619838,0,0
PC95343,0.0886310815664106,0,0
PC95355,0.0185996908694506,0,0
PC95481,0.715915084062412,0,1
PC95507,0.0491969210301607,0,0
PC95516,0.165366451848637,0,0
PC95572,0.58734196860763,1,1
PC95596,0.0264668592325087,0,0
PC95623,0.0539659391647266,0,0
PC95729,0.0293030220382592,0,0
PC95924,0.613523721694946,0,1
PC95938,0.0307915601504887,0,0
PC96093,0.431209599963561,0,0
PC96140,0.0192148132842991,0,0
PC96256,0.0212811863361124,0,0
PC96314,0.0202336409839533,0,0
PC96496,0.0039055577744605,0,0
PC96567,0.135338500142097,0,0
PC96604,0.0439290187889468,0,0
PC97067,0.154203624382811,0,0
PC97108,0.405568190969563,0,0
PC97630,0.768033182645641,1,1
PC97657,0.0626895894216554,0,0
PC97784,0.0384322937098335,0,0
PC97793,0.0826400564749441,0,0
PC97806,0.0057018496836368,0,0
PC97861,0.503377227508435,1,1
PC97990,0.365655867353125,0,0
PC98122,0.200268963703418,0,0
PC98149,0.112136273239799,0,0
PC98334,0.0146215141093877,0,0
PC98509,0.0009361680713482,0,0
PC98565,0.0398036128691858,0,0
PC98575,0.121289136948542,0,0
PC98779,0.0503102466464043,0,0
PC98789,0.399705226169156,1,0
PC98795,0.372923927030028,0,0
PC98810,0.114879009509924,0,0
PC98890,0.135239995138047,0,0
PC98950,0.0204501040279865,0,0
PC98968,0.0231553965128907,0,0
PC99117,0.0146780768409371,0,0
PC99216,0.187862864528137,0,0
PC99284,0.0484629238954788,0,0
PC99285,0.482260923531978,0,0
PC99319,0.0442154610762592,0,0
PC99365,0.040316158257093,0,0
PC99461,0.122057296820666,0,0
PC99492,0.631424330085157,0,1
PC99502,0.0458251853664237,0,0
PC99579,0.0797010213254165,1,0
PC99595,0.340385629005443,0,0
PC99742,0.0721831143481447,0,0
PC99783,0.472764330055877,0,0
PC99808,0.0543748936661989,0,0
PC99905,0.0364918746054173,0,0
PC99977,0.542608559131622,0,1
PC100028,0.0609318150861843,0,0
PC100137,0.0018375764898726,0,0
PC100152,0.0018693871067096,0,0
PC100155,0.0311244428806128,0,0
PC100494,0.0101192426049211,0,0
PC100731,0.561491083629262,0,1
PC100903,0.125658174765668,0,0
PC101008,0.107524085484904,0,0
PC101041,0.849560260772705,0,1
PC101065,0.129057851614873,0,0
PC101206,0.001781105465014,0,0
PC101600,0.0841083601117134,0,0
PC101728,0.0041868421249091,0,0
PC101785,0.0152718304328706,0,0
PC102618,0.0649147881684373,0,0
PC102655,0.0068692915073236,0,0
PC102716,0.0215014232784514,0,0
PC102739,0.0126377671077755,0,0
PC102912,0.0090624586243284,0,0
PC103049,0.131377642191536,0,0
PC103120,0.0071053520258736,0,0
PC103322,0.0004349801153718,0,0
PC103397,0.146475195884705,0,0
PC103399,0.115550278136323,0,0
PC103456,0.0636495977017482,0,0
PC103507,0.0596478879451752,0,0
PC103515,0.201548738230904,0,0
PC103594,0.507558356917317,0,1
PC103763,0.42774733526358,0,0
PC103794,0.0572230181040856,0,0
PC103800,0.736441637485477,1,1
PC103803,0.0090801482177944,0,0
PC103831,0.0691034128539361,0,0
PC103952,0.0123490712713587,0,0
PC104049,0.288720259547763,0,0
PC104057,0.0702199533528047,0,0
PC104140,0.110249300720663,0,0
PC104233,0.690362452660631,1,1
PC104317,0.323166995610024,0,0
PC104379,0.0975934110143807,0,0
PC104384,0.129942390967461,0,0
PC104390,0.0809731981069444,0,0
PC104414,0.184112085327166,0,0
PC104421,0.023432910172124,1,0
PC104464,0.233765862161113,0,0
PC104549,0.131313854908979,0,0
PC104570,0.0799059220288241,0,0
PC104642,0.0005295142196792,0,0
PC104704,0.524654030799866,0,1
PC104971,0.0174679331115035,0,0
PC105151,0.483987853018505,0,0
PC105262,0.0042969919538353,0,0
PC105281,0.425324907119526,0,0
PC105337,0.0359719593630878,0,0
PC105387,0.454927241489096,0,0
PC105410,0.001168496441096,0,0
PC105415,0.0121708407907957,0,0
PC105437,0.250415114946499,0,0
PC105669,0.0001605282718559,0,0
PC105840,0.0353716554509336,0,0
PC106168,0.0374385165676274,0,0
PC106327,0.0776800709640248,0,0
PC106334,0.0388905873194708,0,0
PC106369,0.209747004600194,0,0
PC106508,0.0270208661608836,0,0
PC106630,0.0126390203601017,0,0
PC106641,0.058130571054422,0,0
PC106656,0.0003283884434495,0,0
PC106859,0.282914062153618,0,0
PC106911,0.0001649624944834,0,0
PC106959,0.373683341457818,0,0
PC107048,0.0735468149885235,0,0
PC107273,0.121601510881248,0,0
PC107309,0.24455143187125,0,0
PC107331,0.0041103041869136,0,0
PC107392,0.059861265696012,0,0
PC107396,0.0794652864078515,0,0
PC107441,0.0030204357259176,0,0
PC107555,0.31975828561672,0,0
PC107606,0.0034654484469088,0,0
PC107674,0.230095058679581,0,0
PC107730,0.254993915557861,0,0
PC108071,0.0137024148402441,0,0
PC108113,0.273656844630589,0,0
PC108361,0.014146881189942,0,0
PC108366,0.478620152453867,0,0
PC108580,0.0477882008909604,0,0
PC108585,0.0140055077999923,0,0
PC108837,0.0131435471163161,0,0
PC108939,0.0734993158959659,0,0
PC108980,0.644450511121741,0,1
PC109310,0.0026983302086591,0,0
PC109316,0.271339744329453,0,0
PC109416,0.0321392448014934,0,0
PC109475,0.0026741386391222,0,0
PC109480,0.0743761466483874,0,0
PC109509,0.0327735372465124,0,0
PC109651,0.0709558725357056,0,0
PC109847,0.47147915196956,1,0
PC109978,0.85799594860885,1,1
PC110040,0.127197401457554,1,0
PC110127,0.0818070169336799,0,0
PC110180,0.151132129932953,0,0
PC110276,0.0004699551925076,0,0
PC110485,0.0107181832672244,0,0
PC110578,8.23531649984943e-07,0,0
PC110656,0.140078333015682,0,0
PC110919,0.0303802714602236,0,0
PC110950,0.0352448756930548,0,0
PC111063,0.119019001722336,0,0
PC111492,0.0088510803013507,0,0
PC111503,0.208870060811363,0,0
PC111778,0.0047083171084523,0,0
PC111859,0.0731414367102694,0,0
PC111903,0.0352057829499245,0,0
PC112012,0.0368297323584557,0,0
PC112058,0.0074490368652661,0,0
PC112144,0.0201201661399641,0,0
PC112493,0.171552553194378,0,0
PC112724,0.0671830624341965,0,0
PC112990,0.0590880457830378,0,0
PC113411,0.0339764218807357,0,0
PC113470,0.900520145893097,0,1
PC113487,0.058582551095764,0,0
PC113489,0.0216152347575605,0,0
PC113535,0.130480473003054,0,0
PC113615,0.0157058479137791,0,0
PC113709,0.0168769788878891,0,0
PC113719,0.0086612950407942,0,0
PC114013,0.0569257312851358,0,0
PC114163,0.939655469574091,1,1
PC114475,1.74497054103995e-05,0,0
PC114504,0.215515598654747,0,0
PC114876,0.0185974276711771,0,0
PC115056,0.0109702302142978,0,0
PC115168,0.0881617298439983,0,0
PC115180,0.0227509515990448,0,0
PC115269,0.192876830202026,0,0
PC115348,0.114586616158486,0,0
PC115621,0.0761341132275658,1,0
PC115753,0.0135897433867132,0,0
PC115755,0.0290907770395279,0,0
PC115756,0.0725285734607303,0,0
PC115792,0.0446103335321317,0,0
PC115821,0.506679613713389,0,1
PC115883,0.0037372799714494,0,0
PC115971,0.0446381734787515,0,0
PC116065,0.0610442204821495,0,0
PC116125,0.0465202106274295,0,0
PC116169,0.0413452599238633,0,0
PC116237,0.070758062871845,0,0
PC116240,0.0427651439072951,0,0
PC116265,0.0655222272790502,0,0
PC116356,0.0039723319932818,0,0
PC116421,0.0379424403706015,0,0
PC116485,0.0001471509299669,0,0
PC116495,0.0588141307234764,0,0
PC116501,0.0279396401593696,0,0
PC116540,0.104368721719458,0,0
PC116633,0.0032193677034229,0,0
PC116828,0.0040949289126308,0,0
PC116982,0.0678529043469169,0,0
PC117084,0.174187870222543,0,0
PC117191,0.138654778300148,0,0
PC117192,0.0255704065575607,0,0
PC117410,0.0032995802589671,0,0
PC117530,0.058355610104924,0,0
PC117687,0.0145737633305653,0,0
PC117692,0.0212001316249371,0,0
PC117729,0.266454506929465,0,0
PC117807,0.108126811683178,0,0
PC117863,0.0441062642856505,0,0
PC118018,0.0011516676570319,0,0
PC118020,0.322888641741477,0,0
PC118082,0.405282773048241,0,0
PC118192,0.0186106568638362,0,0
PC118512,0.0962439364794025,0,0
PC118585,0.0120457772056463,0,0
PC118642,0.0322957248387382,0,0
PC118747,0.0492810520628722,0,0
PC119004,0.196964083855122,0,0
PC119007,0.236881228172885,0,0
PC119039,0.147552140935927,0,0
PC119040,0.0846691145138306,1,0
PC119171,0.139539271593094,0,0
PC119182,0.322424970343626,0,0
PC119203,0.249562783126795,0,0
PC119237,0.0221071776062927,0,0
PC119375,0.0117252713810941,0,0
PC119456,0.108629502356052,0,0
PC119573,0.0027819283119783,0,0
PC119613,0.0007778363069519,0,0
PC119679,0.0463442206382751,0,0
PC119719,0.259440929014373,0,0
PC119779,0.0228413715958595,0,0
PC119806,0.425704270601273,0,0
PC119814,0.096850168045478,1,0
PC120087,2.84679754258832e-05,0,0
PC120090,0.0585897521021841,0,0
PC120216,0.654690535037548,0,1
PC120299,0.0957596749067307,0,0
PC120333,0.0114821776327106,0,0
PC120523,0.029131500692717,0,0
PC120545,0.0060916016809642,0,0
PC120570,0.0249147570128628,0,0
PC120589,0.0291710924357176,0,0
PC120740,0.153913003317644,0,0
PC120791,0.340930784176924,0,0
PC120877,0.0458851270377636,0,0
PC120998,0.130614090246076,0,0
PC121173,0.0093687289309772,0,0
PC121486,0.0506111359220996,0,0
PC121496,0.0300406012684107,0,0
PC121566,0.58309320180021,0,1
PC121689,0.0800789265291568,0,0
PC121770,0.0158344402029249,0,0
PC121826,0.380857417393466,0,0
PC121838,0.162142385417191,0,0
PC122003,0.130430765604417,1,0
PC122249,0.020069473701251,0,0
PC122262,0.0015208266489983,0,0
PC122366,0.131044603853809,0,0
PC122548,0.0120919942855835,0,0
PC122685,0.187452257172135,0,0
PC122770,0.174332954357785,0,0
PC122804,0.572171942617179,1,1
PC122945,0.0187713014620878,0,0
PC123115,0.545360232919883,0,1
PC123274,0.0212884776849474,0,0
PC123316,0.0037072100246933,0,0
PC123435,0.0022153630852699,0,0
PC123446,0.0216342054173981,0,0
PC123548,0.146031927639303,0,0
PC123699,0.0014218559557302,0,0
PC123745,0.183307556838228,1,0
PC123831,0.0022461485049651,0,0
PC123899,0.0301148406596798,0,0
PC123989,0.0208445806600322,0,0
PC124163,0.0014174197033736,0,0
PC124177,0.310548260231801,0,0
PC124345,0.153060308995417,1,0
PC124388,0.308181037982832,0,0
PC124510,0.0814116607337498,0,0
PC124841,0.542831540107727,0,1
PC125035,0.067564800183703,0,0
PC125094,0.0017675743649282,0,0
PC125100,0.0555779763398177,0,0
PC125146,0.0025413617661493,0,0
PC125169,0.0008143953697106,0,0
PC125330,0.0347690060734749,0,0
PC125379,0.662314176559448,1,1
PC125487,0.128085375703831,0,0
PC125539,0.0354213435748889,0,0
PC125628,0.0088891279204159,0,0
PC125630,0.032551080826133,0,0
PC125805,0.0012765745761841,0,0
PC125831,0.0216841616545574,0,0
PC125893,0.0600209526294177,0,0
PC125961,0.0333581926028754,0,0
PC126527,0.760696232318878,0,1
PC126562,0.0001333490869508,0,0
PC126606,0.0307267601904157,0,0
PC126652,0.0402974710002435,0,0
PC126674,0.0413665961380547,0,0
PC127005,0.0804264560618193,0,0
PC127023,0.161236503267083,1,0
PC127083,0.0100823389366269,0,0
PC127098,0.012063659384185,0,0
PC127336,0.0216986539807097,0,0
PC127464,0.550899386405945,0,1
PC127623,0.042254026979208,0,0
PC127733,0.553733686403353,1,1
PC127838,0.0399787209126087,0,0
PC127843,0.0890881006249828,0,0
PC127867,0.0027723463023,0,0
PC127881,0.0176882967579034,0,0
PC128027,0.795515551365797,1,1
PC128147,0.002531758043915,0,0
PC128189,0.255053254953935,0,0
PC128254,0.0351952157829866,0,0
PC128261,0.19928166270256,0,0
PC128520,0.0136133581399918,0,0
PC128527,0.0239940416067839,0,0
PC128551,0.0162260799600916,0,0
PC128638,0.255836486816406,0,0
PC128964,0.0223173748665643,0,0
PC129007,0.0008651762036606,0,0
PC129346,0.0638777404859004,0,0
PC129392,0.174883629739761,0,0
PC129419,0.705696613043994,1,1
PC129452,0.353259507280129,0,0
PC129487,0.0081306839288742,0,0
PC129531,0.145980454317274,0,0
PC129710,0.0002761818727402,0,0
PC129742,0.120540122596585,0,0
PC129811,0.0597820284508043,0,0
PC130023,0.0218522041802283,0,0
PC130126,0.287955671548843,0,0
PC130131,0.0439944831500216,0,0
PC130304,0.001421450397186,0,0
PC130455,0.0021830226463678,0,0
PC130566,0.037819462217854,0,0
PC130654,0.431305170059204,0,0
PC130700,0.0013216779253002,0,0
PC130710,0.0543962202170835,0,0
PC130749,0.0103750488999626,0,0
PC130780,0.0072420825393027,0,0
PC130916,0.0056523913841977,0,0
PC131010,0.051271057610045,0,0
PC131182,0.160905795455116,0,0
PC131231,0.0725788547296397,0,0
PC131328,0.0219073813346899,0,0
PC131983,0.0312268077395856,0,0
PC132115,0.142748578991643,0,0
PC132160,0.0063260262838225,0,0
PC132236,0.98641844410768,1,1
PC132376,0.013206123705086,0,0
PC132542,0.0046290283752984,0,0
PC132809,0.143589436858144,0,0
PC132991,0.23876935606966,0,0
PC133007,0.0522875324485678,0,0
PC133145,0.0041968478392176,0,0
PC133305,0.328437466588848,0,0
PC133341,0.418732082188958,1,0
PC133416,0.35288225497462,0,0
PC133457,0.0210815358814007,0,0
PC133482,0.0543628415783517,0,0
PC133529,0.563433054932007,0,1
PC133557,0.0810863673686981,0,0
PC133783,0.98927867462376,1,1
PC133785,0.0820136333488007,0,0
PC133881,0.0492761626868888,0,0
PC134020,0.121381730000736,0,0
PC134040,0.166569592017031,1,0
PC134116,0.0676833199134316,0,0
PC134418,0.309514190575232,0,0
PC134553,0.110746827394724,0,0
PC134598,0.0561118003384434,0,0
PC134674,0.726395384424032,0,1
PC134738,0.142497257082361,0,0
PC134775,0.0528787643085292,0,0
PC134853,0.456315053777295,1,0
PC134872,0.235031940770205,1,0
PC135025,0.0039307936094701,0,0
PC135097,0.0308153369362549,0,0
PC135224,0.052668172866106,0,0
PC135387,0.351452231407166,0,0
PC135639,0.171841711359351,0,0
PC135791,0.0586726786934971,0,0
PC135846,0.003333000514599,0,0
PC135981,0.0135981115790503,0,0
PC136166,0.0607013939559915,0,0
PC136311,0.287816034677701,0,0
PC136326,0.0230841225170173,0,0
PC136388,0.0379457509873039,0,0
PC136465,0.0008638076685675,0,0
PC136549,0.0295534364745613,0,0
PC136612,0.0286529728179197,0,0
PC136670,0.179392191667884,0,0
PC136727,0.0683691604801943,0,0
PC136835,0.284906929838044,0,0
PC136854,0.0011493527394207,0,0
PC136886,0.348822677244691,1,0
PC136958,0.0003053495774132,0,0
PC136959,0.0147220011861529,0,0
PC137028,0.014840055257082,0,0
PC137200,0.000289419972982,0,0
PC137213,0.713662659691041,1,1
PC137220,0.0515667859534104,0,0
PC137234,0.034159059908804,0,0
PC137307,0.619004358980355,1,1
PC137432,0.109841202221157,0,0
PC137442,0.326460820986517,0,0
PC137558,0.467091873797638,1,0
PC137579,0.0981356335335715,0,0
PC137985,0.250897418682045,0,0
PC138085,0.0009496007114648,0,0
PC138126,0.0045024262514931,0,0
PC138207,0.0912134012148129,0,0
PC138242,0.095096687443639,0,0
PC138250,0.0515529242271377,0,0
PC138344,0.218568339300314,0,0
PC138475,0.0227804734667604,0,0
PC138479,0.0623933371700905,0,0
PC138552,0.352455258369446,0,0
PC138889,0.103562554098525,0,0
PC139025,0.0256865531396629,0,0
PC139041,0.0769511248148984,0,0
PC139080,0.0166635625591488,0,0
PC139089,0.0159560659469101,0,0
PC139109,0.0003454293473623,0,0
PC139129,0.0650443785956927,0,0
PC139145,0.0798388801528236,0,0
PC139199,0.0288728412620834,0,0
PC139245,0.183532401321405,0,0
PC139323,0.0384639203548431,0,0
PC139409,0.0099920039323351,0,0
PC139486,0.595950375548107,0,1
PC139502,0.0291761104017496,0,0
PC139589,0.0192401588391572,0,0
PC139606,0.293312042166204,0,0
PC139635,0.112748956931829,0,0
PC139767,0.0483616329729557,0,0
PC139795,0.0010559600659434,0,0
PC139800,0.0217636903863502,0,0
PC139913,0.0129657716167216,0,0
PC140087,0.262655001163606,0,0
PC140090,0.310332027301041,0,0
PC140125,0.325711221373823,0,0
PC140168,0.0045505358206736,0,0
PC140245,0.0112886549904943,0,0
PC140291,0.16911443716019,0,0
PC140420,0.946779781698293,0,1
PC140451,0.0360113980364614,0,0
PC140530,0.209435828486267,0,0
PC140766,0.293647217258118,0,0
PC140812,0.105124008751685,0,0
PC140819,0.35375306941925,0,0
PC140958,0.162611253813808,0,0
PC141016,0.407682767144552,0,0
PC141118,0.0829330414033463,0,0
PC141365,0.171074351945159,0,0
PC141549,0.313737419922707,0,0
PC141555,0.179384618997574,0,0
PC141613,0.259272381570599,0,0
PC141977,0.0001006383980724,0,0
PC142014,0.0504304485901852,0,0
PC142199,0.0753919625797069,0,0
PC142205,0.0354916304349899,0,0
PC142218,0.504117604515968,1,1
PC142275,0.0352383887603694,0,0
PC142419,0.0033765868910883,0,0
PC142490,0.551409864423066,0,1
PC142609,0.0046989764086902,0,0
PC142841,0.0276020738858409,0,0
PC143050,0.295475565739886,1,0
PC143088,0.0087829675577423,0,0
PC143281,0.0481840617516462,0,0
PC143332,0.486511716183196,0,0
PC143335,0.0407059139427799,0,0
PC143384,0.0006359659390251,0,0
PC143424,0.0054222969338297,0,0
PC143509,0.282350721975759,1,0
PC143588,0.0030349995940923,0,0
PC143652,0.824420975748712,1,1
PC143793,0.112645523042752,0,0
PC143829,0.0114279816133873,0,0
PC143837,0.0463203380887325,0,0
PC143926,0.315668102911567,0,0
PC143944,0.010129961174179,0,0
PC144053,0.0405684069103791,0,0
PC144074,0.0240615547547189,0,0
PC144128,0.0084890435650708,0,0
PC144292,0.0360981671795654,0,0
PC144310,0.38966396098589,0,0
PC144332,0.129270792007446,0,0
PC144376,0.0397770674748736,0,0
PC144421,0.034305698527787,0,0
PC144438,0.165603195090884,0,0
PC144477,0.339107037901415,0,0
PC144525,0.220742142218526,0,0
PC144537,0.0084140529800759,0,0
PC144989,0.0824426487088203,0,0
PC145104,0.0121785998344421,0,0
PC145195,0.0068904803421264,0,0
PC145248,0.0333310220306529,0,0
PC145533,0.0910084562570073,0,0
PC145617,0.0054913022608766,0,0
PC145689,0.0688108578324318,0,0
PC145750,0.0495946388046756,0,0
PC145959,0.0118249931469994,0,0
PC146061,0.220352953289919,0,0
PC146120,0.308179473243847,0,0
PC146145,0.293617904909246,0,0
PC146157,0.491247242961229,0,0
PC146159,0.164573701135643,0,0
PC146308,0.0657249474519101,0,0
PC146401,0.997078843489041,1,1
PC146426,0.0176555430921523,0,0
PC146592,0.0036550224361938,0,0
PC146784,0.0036247326061129,0,0
PC147058,0.0796357598223634,0,0
PC147062,0.498405597711864,0,0
PC147251,0.199452321809818,1,0
PC147266,0.0051229546674079,0,0
PC147599,0.966327428817749,0,1
PC147874,0.2423708622242,0,0
PC147940,0.82212907075882,0,1
PC148051,0.0223539629600489,0,0
PC148214,0.132472383388936,0,0
PC148558,0.0243931983538051,0,0
PC148632,0.624399171764537,1,1
PC148637,0.0337616060437126,0,0
PC148695,0.278797061212601,0,0
PC148811,0.0897484143593705,0,0
PC149081,0.000225689040996,0,0
PC149178,0.886218779194559,0,1
PC149314,0.588740850694506,1,1
PC149553,0.0114997532677474,0,0
PC149715,0.0075296473164878,0,0
PC149731,0.100537971269834,0,0
PC149901,0.0036993851866479,0,0
PC150105,0.0165989252372982,0,0
PC150189,0.0065399612011988,0,0
PC150431,0.813690620109744,0,1
PC150632,0.159928441530845,0,0
PC150828,0.43304446532137,1,0
PC150916,0.159217830900138,0,0
PC150976,0.0853278189897537,0,0
PC151074,0.978991236130526,1,1
PC151422,0.0928623601794243,0,0
PC151728,0.0235784423296539,0,0
PC151743,0.0125896150657081,0,0
PC151748,0.89137020047079,1,1
PC151896,0.0695048030831066,0,0
PC151951,0.214962619680389,0,0
PC152072,0.0117170855596654,0,0
PC152227,0.0697362383578722,0,0
PC152425,0.533962134160176,1,1
PC152450,0.219405406634846,0,0
PC152467,0.0298397185257341,0,0
PC152621,0.0904929125098864,1,0
PC152645,0.153880835494327,0,0
PC152805,0.0156977344304323,0,0
PC152883,0.0012430494145598,0,0
PC152924,0.219473312882816,0,0
PC153015,0.261367713572676,0,0
PC153022,0.0372676991219517,0,0
PC153107,0.0278400425433625,0,0
PC153123,0.21715762764021,1,0
PC153126,0.0067154037943809,0,0
PC153312,0.0010040660470664,0,0
PC153356,0.0707201155903501,0,0
PC153427,0.0511063002484106,0,0
PC153436,0.37890828796731,1,0
PC153666,0.100330796586274,0,0
PC153848,0.000326899200445,0,0
PC153987,0.324143948335148,0,0
PC154104,0.0016878938176559,0,0
PC154196,0.0599933287158354,0,0
PC154416,0.092390921073436,0,0
PC154551,0.0377431895995661,0,0
PC154567,0.923710728323223,0,1
PC154575,0.637090487704092,0,1
PC154709,0.0720574259757996,0,0
PC154733,0.0249566976022176,0,0
PC154953,0.0015283977845683,0,0
PC154994,0.0196892175278286,0,0
PC155120,0.0002505091788472,0,0
PC155150,0.0022934980093128,0,0
PC155245,0.599868485527449,1,1
PC155280,0.0865068277344108,0,0
PC155293,0.18633079251738,0,0
PC155329,0.0621723488086166,0,0
PC155353,0.739913165569305,0,1
PC155445,0.0001277735718758,0,0
PC155496,0.0113402856513858,0,0
PC155571,0.0071074793314042,0,0
PC155975,0.286132693636145,0,0
PC156001,0.316050037871802,1,0
PC156134,0.113199576735497,0,0
PC156643,0.254592917527363,0,0
PC156660,0.0212160086819342,0,0
PC156769,0.405964702367783,0,0
PC156851,0.100776199917649,0,0
PC156899,0.0523021628163936,0,0
PC157067,0.125101857751323,0,0
PC157161,0.270686807909182,0,0
PC157295,0.551789045333862,0,1
PC157352,0.651460061675627,0,1
PC157394,3.75268297270143e-05,0,0
PC157448,0.0290185051529495,0,0
PC157485,0.0003198539779987,0,0
PC157668,0.972783505916595,0,1
PC157762,0.0048930523078662,0,0
PC157918,0.935688436031342,0,1
PC157997,0.0561153077305918,0,0
PC158114,0.0034087901003658,0,0
PC158202,2.56972498391406e-06,0,0
PC158210,0.515687489789729,1,1
PC158239,8.10546502173475e-06,0,0
PC158367,0.0405479222536087,0,0
PC158456,0.116577968960668,0,0
PC158474,0.0763466307615263,0,0
PC158545,0.484176601449104,0,0
PC158606,0.0021267000631569,0,0
PC158681,0.0032501283567398,0,0
PC158731,0.562070373258634,1,1
PC158764,0.174695093781649,0,0
PC158785,0.735757758951813,1,1
PC158817,0.280050816052484,0,0
PC159021,0.0025100945951147,0,0
PC159065,0.0397831562317297,0,0
PC159090,0.0036695285130659,0,0
PC159205,0.129995630582711,0,0
PC159221,0.0513513587853487,0,0
PC159372,0.0860304128039967,0,0
PC159494,0.513364214085723,0,1
PC159592,0.0563725197979114,0,0
PC159809,0.0157388943083584,0,0
PC159851,0.151188641786575,0,0
PC159870,0.124594083649985,0,0
PC159881,0.289221903979216,0,0
PC160041,0.109506241977215,0,0
PC160066,0.0757008174338528,0,0
PC160145,0.057285657911389,0,0
PC160173,0.0001381267245015,0,0
PC160208,0.144378223268917,0,0
PC160527,0.0167631464248354,0,0
PC160612,0.225010901689529,0,0
PC161015,0.0523575900374505,0,0
PC161161,0.120760347736016,0,0
PC161266,0.0611576985657325,0,0
PC161293,0.09755074559811,0,0
PC161313,0.0142497764900327,0,0
PC161562,0.0168733913451433,0,0
PC161736,0.0151298294004464,0,0
PC161738,0.102126805502499,0,0
PC161973,0.118585413745181,0,0
PC162112,0.244345692970492,0,0
PC162168,0.018128371031503,0,0
PC162235,0.776408315755347,0,1
PC162383,0.0143758117762727,0,0
PC162571,0.179587137602185,0,0
PC162690,0.150028480953135,0,0
PC162753,0.272998281631585,0,0
PC162852,0.129866047149024,0,0
PC162864,0.670031917769408,1,1
PC163036,0.0103944776544593,0,0
PC163058,0.0722020026799795,0,0
PC163120,0.0258919218327566,0,0
PC163317,0.702576901601709,0,1
PC163506,0.0021081666233187,0,0
PC163638,0.209278740286881,0,0
PC163846,0.13063067980907,0,0
PC163978,0.269208085440647,0,0
PC164193,0.298650819620757,0,0
PC164253,0.0305380945731151,0,0
PC164304,0.195844014127753,0,0
PC164307,0.267237435151116,0,0
PC164353,0.0526221140704128,0,0
PC164457,0.202231417960511,0,0
PC164831,0.65875111078168,1,1
PC164987,0.045629429889636,0,0
PC165264,0.0276460219406262,1,0
PC165300,0.01641446352005,0,0
PC165343,0.0213533080133953,0,0
PC165552,0.315257980897014,0,0
PC165582,0.271346793112062,0,0
PC165610,0.0476436523729534,0,0
PC165671,0.0422379454013008,0,0
PC165729,0.026394907291908,0,0
PC165876,0.0567034742001275,0,0
PC165880,0.693123461202134,1,1
PC165911,0.0016269598854705,0,0
PC166159,0.0339227949929121,0,0
PC166277,0.950059056282043,0,1
PC166463,0.0011525766458362,0,0
PC166559,0.41361988379532,0,0
PC166792,0.0554320751565748,0,0
PC166805,0.0706582963466644,0,0
PC167225,0.30446520447731,0,0
PC167296,0.215304354271402,1,0
PC167304,0.445800147784827,0,0
PC167336,0.0407041878794733,0,0
PC167409,0.0007378079997851,0,0
PC167508,0.0217113962495013,0,0
PC167514,0.0271230787038803,0,0
PC167649,0.768933290520283,0,1
PC167871,0.0505864524482042,0,0
PC167990,0.0051671429564184,0,0
PC168053,0.0249957740306854,0,0
PC168207,0.0001092438978957,0,0
PC168339,0.104847467004682,0,0
PC168375,0.740421891212463,1,1
PC168419,0.0142749407566504,0,0
PC168596,0.13546585568174,1,0
PC168773,0.0125449588522315,0,0
PC168778,0.0218453626400543,0,0
PC168803,0.0055707502335726,0,0
PC168975,0.0016808048821985,0,0
PC169025,7.0951231464278e-05,0,0
PC169038,0.183270327686671,0,0
PC169152,0.117741811595054,0,0
PC169194,0.0647953035156263,0,0
PC169333,0.012125588953495,0,0
PC169351,0.047489695250988,0,0
PC169579,0.0628997597712951,0,0
PC169874,0.0315042887028161,0,0
PC169978,0.0111516900360584,0,0
PC170143,0.0432940371836213,0,0
PC170294,0.0470173875841633,0,0
PC170364,0.0703713287995656,0,0
PC170420,0.979336712915664,1,1
PC170439,0.219471229392974,0,0
PC170618,0.194325953722,0,0
PC170817,0.115067811156865,0,0
PC170838,0.872889697551727,0,1
PC170998,0.0135321639765072,0,0
PC171017,0.642377471488077,0,1
PC171033,0.391511388257002,0,0
PC171095,0.397682939958795,0,0
PC171118,0.0859047446082129,1,0
PC171167,3.40605765813962e-07,0,0
PC171349,0.13838437597431,0,0
PC171429,0.0339686439576794,0,0
PC171442,0.204765699725948,0,0
PC171452,0.0173094073252978,0,0
PC171607,0.127488167028655,0,0
PC171624,0.85866291538305,0,1
PC171674,0.0335346694871547,0,0
PC171731,0.0101550249405624,0,0
PC171733,0.241787005311922,0,0
PC171735,0.0867798715720281,0,0
PC171832,0.75749680770707,1,1
PC171839,0.538445830345154,0,1
PC171877,0.0067744804546237,0,0
PC171958,0.0072376602329313,0,0
PC172045,0.559410427679946,1,1
PC172091,0.118736896710802,0,0
PC172092,0.310595291239194,0,0
PC172319,0.001174462144263,0,0
PC172347,0.0105310743674636,0,0
PC172375,0.346299782544534,0,0
PC172543,0.195547043462814,1,0
PC172834,0.118800677359104,0,0
PC172859,0.062127555155327,0,0
PC172962,0.0989871390077104,0,0
PC173067,4.58577891856949e-05,0,0
PC173093,0.466257787454203,0,0
PC173247,0.0476241775257204,0,0
PC173320,0.0001786135835573,0,0
PC173375,0.0003202870078796,0,0
PC173507,0.15594072054781,0,0
PC173627,0.0146375975435537,0,0
PC173659,0.116521023213863,0,0
PC173690,0.578720458354293,1,1
PC173790,0.854844033233519,1,1
PC173804,0.0102682199228607,0,0
PC173822,0.0928087036621099,0,0
PC173976,0.190738633275032,0,0
PC173986,0.0862651616334915,0,0
PC174006,0.007385166806582,0,0
PC174030,0.0805586444175973,0,0
PC174059,0.660378186730668,1,1
PC174211,0.175248684038535,0,0
PC174235,0.120052842495267,0,0
PC174241,0.116331696510315,0,0
PC174245,0.460684670663229,1,0
PC174300,0.19148824195653,0,0
PC174406,0.249850071747663,0,0
PC174436,0.496421662462833,1,0
PC174488,0.124476173381765,0,0
PC174583,0.25271238122426,0,0
PC174654,0.0208622198551893,0,0
PC174658,0.0293216458461024,1,0
PC174912,0.0571515970775435,0,0
PC174990,0.123451163986599,0,0
PC175084,0.277763873966401,0,0
PC175132,0.170739461900773,1,0
PC175542,0.026422742754221,0,0
PC175646,0.598158946323951,0,1
PC175730,0.135781331553859,0,0
PC175821,0.377174689597564,0,0
PC176200,0.344240359686039,0,0
PC176337,0.0008666164940223,0,0
PC176415,0.0195014291419688,0,0
PC176474,0.0231470137994499,0,0
PC176556,0.176187429013139,1,0
PC176577,0.0165749384810957,0,0
PC176709,0.148074438746687,0,0
PC176742,0.0023138492833823,0,0
PC177104,0.0078441986949016,0,0
PC177564,2.48548244659565e-05,0,0
PC177567,0.0322995558381081,0,0
PC177646,0.0866492697821076,0,0
PC177834,0.58136628275765,1,1
PC178126,0.072983887002071,0,0
PC178188,0.991262912750244,0,1
PC178225,0.0070297468603748,0,0
PC178227,0.847894539716618,0,1
PC178423,0.0050376109919715,0,0
PC178458,0.67664507157366,0,1
PC178583,0.0156992656242066,0,0
PC178788,3.8997254705464e-06,0,0
PC178889,0.418625580676755,0,0
PC178981,0.0005695318393844,0,0
PC179004,0.041416221644816,0,0
PC179170,0.366936037173638,1,0
PC179197,0.335787641195395,0,0
PC179330,0.0078766034177384,0,0
PC179619,0.250617594784731,0,0
PC179721,0.0082278184005616,0,0
PC179775,0.0228908710319931,0,0
PC179910,0.046184584738231,0,0
PC180082,0.0402198952486676,0,0
PC180302,0.0150747003568082,0,0
PC180394,0.293941708762047,0,0
PC180406,0.0149091538506363,0,0
PC180563,0.0139031762228646,0,0
PC180675,0.0692599238459228,0,0
PC180879,0.0073009525116443,0,0
PC180894,0.0684451853384558,0,0
PC181049,0.968772517135425,1,1
PC181058,0.437547222322581,0,0
PC181065,0.0481455578839907,0,0
PC181109,0.0225763583676025,0,0
PC181134,0.113890163600445,0,0
PC181276,0.0166177516803145,0,0
PC181302,0.0288340916427373,0,0
PC181531,0.0453966172807401,1,0
PC181740,0.175033358406395,0,0
PC181761,0.112476251260516,0,0
PC181777,0.0945343673229218,0,0
PC181800,0.0511571497791404,0,0
PC181957,0.0152261037480241,0,0
PC181961,0.268780676647605,0,0
PC182162,0.056948433559557,0,0
PC182264,0.027250460022268,0,0
PC182603,0.0089704209438338,0,0
PC182723,0.0848386800010208,0,0
PC182773,0.589676537509664,1,1
PC182805,0.100548940714476,0,0
PC182828,0.791566367681016,0,1
PC183095,0.0351104677376128,0,0
PC183193,0.0115532455965877,0,0
PC183318,0.0892882129586572,0,0
PC183344,0.002539726672694,0,0
PC183663,0.0013534057652577,0,0
PC183678,0.406532993149905,0,0
PC183706,0.197331139360959,0,0
PC183717,0.0461719247550235,1,0
PC183773,0.0061007198489645,0,0
PC183823,0.142969247636736,0,0
PC183824,0.0077807464704926,0,0
PC183839,0.0473715894536064,0,0
PC183911,0.0158764274915914,0,0
PC183942,0.030913429344093,1,0
PC184353,0.101668648524452,0,0
PC184500,0.0757923688896479,0,0
PC184510,0.552986632018978,0,1
PC184617,0.020317342054694,0,0
PC184631,0.0024608287601361,0,0
PC184797,0.0925403478418109,0,0
PC184842,0.0112648005183985,0,0
PC184957,0.19932764307089,0,0
PC184974,0.331421022941185,0,0
PC184996,0.199101139517391,0,0
PC185045,0.072192728851471,1,0
PC185279,0.186831295490265,0,0
PC185537,0.671634062305623,0,1
PC185571,0.126244686208559,0,0
PC185584,0.085533366494813,0,0
PC185816,0.0994378114324308,0,0
PC185835,0.101231841686762,0,0
PC185869,0.0014951936900615,0,0
PC185887,0.12250209138616,1,0
PC185899,0.0212446701052332,0,0
PC185927,0.523113142130159,1,1
PC185950,0.295426878084466,0,0
PC186239,0.0651734361061739,0,0
PC186303,0.0072942947462407,0,0
PC186428,0.0297476125172585,0,0
PC186446,0.264117026400901,0,0
PC186698,0.0460327157926781,0,0
PC186791,0.331102683727791,0,0
PC187048,0.212498229361411,0,0
PC187140,0.0278010648806988,0,0
PC187170,0.0180072548806127,0,0
PC187179,0.004923424872992,0,0
PC187207,0.040371410548687,0,0
PC187488,0.409859128771944,1,0
PC187663,0.0012445947661521,0,0
PC187703,0.0157515664583046,0,0
PC187795,0.357923150062561,1,0
PC187870,0.421862185001373,0,0
PC187885,0.183674618590345,1,0
PC187938,0.223947299853104,0,0
PC187953,0.0033325528808562,0,0
PC188153,0.188612486599895,0,0
PC188354,0.224407796776664,0,0
PC188522,4.18268746216199e-06,0,0
PC188645,0.0079626133665442,0,0
PC188672,0.119608346395366,0,0
PC188702,0.0540107563138008,0,0
PC188772,0.0226850053371987,0,0
PC188785,0.0072283143754026,0,0
PC188897,0.0184772604205281,0,0
PC188909,0.0833867536665919,0,0
PC188910,0.204392129816326,1,0
PC188952,0.037935178519951,0,0
PC189237,0.204411244731411,0,0
PC189498,0.022549906495347,0,0
PC189565,0.146290444508354,0,0
PC189567,0.208960250841373,0,0
PC189744,0.374200075864792,0,0
PC189994,0.505334517865173,0,1
PC190010,0.0190271802339552,0,0
PC190025,0.0692568758057187,0,0
PC190032,0.0393286836775899,0,0
PC190047,0.0398338377687292,0,0
PC190153,0.374011355037047,1,0
PC190300,0.176722311455271,0,0
PC190314,0.0165802612900734,0,0
PC190735,0.0967783108353615,0,0
PC190890,0.0929285046404369,0,0
PC191108,0.782033330532792,1,1
PC191417,0.198330707206458,0,0
PC191477,0.563681850385369,0,1
PC191478,0.0036891663488212,0,0
PC191523,0.124348394433735,0,0
PC191526,0.372369674834473,1,0
PC191629,0.0882880063150882,0,0
PC191640,0.0051047589916449,0,0
PC191642,0.0284421351798893,0,0
PC191698,0.130701751230678,0,0
PC191731,0.116539537633231,0,0
PC191824,0.050193328410387,0,0
PC191880,0.0491125937378176,0,0
PC191993,0.0342252314443419,0,0
PC192028,0.0983557305410149,0,0
PC192144,0.0503660793303979,0,0
PC192431,0.230495902411037,0,0
PC192470,0.0623682506267366,0,0
PC192689,0.325338445718755,0,0
PC193056,0.020433644870114,0,0
PC193114,0.0596073865890503,0,0
PC193207,0.0001244881653207,0,0
PC193405,0.354083184246613,0,0
PC193428,0.732501077334691,1,1
PC193439,0.0015624563469554,0,0
PC193449,0.0730902633075364,0,0
PC193522,0.0439355508397426,0,0
PC193754,0.0413341931377509,0,0
PC193774,0.15872379483582,0,0
PC193851,0.0863320969668067,0,0
PC194242,0.0067919353023171,0,0
PC194261,0.285358729272188,0,0
PC194384,0.501353889606421,1,1
PC194422,0.0131190963187266,0,0
PC194475,0.129577891428969,0,0
PC194487,0.0226167893016954,0,0
PC194501,0.706067874214389,0,1
PC194575,0.230686694383621,0,0
PC194703,0.185576082079923,0,0
PC194727,0.202447918184548,0,0
PC194823,0.0233489592697655,0,0
PC195054,0.0069102295208478,0,0
PC195062,0.416798368348914,1,0
PC195165,8.46923557872568e-05,0,0
PC195221,0.193770364537846,0,0
PC195222,8.9669156295713e-06,0,0
PC195293,0.185894314202967,0,0
PC195339,0.0269846729934216,0,0
PC195381,0.431300231812564,1,0
PC195451,0.169462005501254,0,0
PC195492,0.036196405938887,0,0
PC195780,0.0101390049782734,0,0
PC195839,6.93837937433273e-05,0,0
PC196266,0.194005906581879,0,0
PC196274,0.115072749555111,0,0
PC196286,0.902809798717499,0,1
PC196328,0.0217098109424114,0,0
PC196339,3.38218639402003e-05,0,0
PC196375,0.0154754536769304,0,0
PC196382,0.0073765409157572,0,0
PC196413,0.808481287156269,0,1
PC196474,0.28879633031013,0,0
PC196790,0.0088886968269571,0,0
PC197102,0.153600179708959,0,0
PC197114,0.120864150279309,0,0
PC197136,0.0175670672766407,0,0
PC197142,0.0002696728727616,0,0
PC197202,0.338057932899103,0,0
PC197221,0.0893754559979821,0,0
PC197226,0.0316750891519721,0,0
PC197388,0.0475061025652217,0,0
PC197465,0.017074078524621,0,0
PC197676,0.152733357157625,0,0
PC197792,0.0015763328410685,0,0
PC197796,0.712429617580615,1,1
PC197988,0.0465146489441395,0,0
PC198084,0.527792902197129,1,1
PC198425,0.0230710269090439,0,0
PC198559,0.0611079797998616,0,0
PC198653,0.0112041123211384,0,0
PC198683,0.0562538859591262,0,0
PC198707,0.113071754574776,0,0
PC198834,0.0069206142798066,0,0
PC198843,0.0031045743160853,0,0
PC198873,0.653531546222753,1,1
PC198936,0.0425344603750511,0,0
PC198950,0.397942155599594,0,0
PC199006,0.0388149207526496,0,0
PC199305,0.0439900979529032,0,0
PC199346,0.969212640151216,1,1
PC199386,0.552425933312316,1,1
PC199399,0.112041667103767,0,0
PC199442,0.0094451155031524,0,0
PC199571,0.0056898561306297,0,0
PC199679,0.0044331131502986,0,0
PC199864,0.0141094941330711,0,0
PC199866,0.1239677453018,0,0
PC200081,0.459166997159526,1,0
PC200250,0.0001728105271467,0,0
PC200271,0.0430404469370842,0,0
PC200302,0.0333698216279078,0,0
PC200358,0.503829836845398,0,1
PC200505,0.253970703003807,0,0
PC200576,0.0677391593995698,0,0
PC200655,0.170324117904968,0,0
PC200676,0.0227789642910162,0,0
PC200688,0.0008481123607752,0,0
PC200775,0.504377365112305,0,1
PC200833,0.0681493569262408,0,0
PC201035,0.0059533550340631,0,0
PC201168,0.138110673858638,1,0
PC201202,0.0563770309090614,0,0
PC201267,0.0052048093635903,0,0
PC201305,0.0222615583240986,0,0
PC201317,0.0024995318685733,0,0
PC201325,0.29789261376004,1,0
PC201375,0.0129054054698866,0,0
PC201605,0.0119010160220286,0,0
PC201857,0.146624582785147,0,0
PC201942,0.115107242842667,0,0
PC202045,0.0014369947880768,0,0
PC202240,0.0047704055905342,0,0
PC202307,0.0575869200939733,0,0
PC202409,0.220198119896045,0,0
PC202557,0.385256982779135,0,0
PC202603,0.146188590247242,0,0
PC202680,0.0749362260103226,0,0
PC202696,0.0499998675763473,0,0
PC202725,0.266727236134035,1,0
PC202804,0.0255584961586344,0,0
PC202902,0.0173732947091547,0,0
PC203115,0.0029065097592563,0,0
PC203192,0.0646640834483234,0,0
PC203254,0.218659314536203,1,0
PC203362,0.0071247708983719,0,0
PC203387,0.0215335300342585,0,0
PC203763,0.0014481297251504,0,0
PC203845,0.0378936177508859,0,0
PC203864,0.0062779314347252,0,0
PC203906,0.666952591737111,0,1
PC203921,0.0576196827111604,0,0
PC203959,0.0089847519993782,0,0
PC204053,0.960323497286097,1,1
PC204225,0.418923255240121,1,0
PC204332,0.406760559064808,0,0
PC204623,0.200107142329216,0,0
PC204743,0.0954201875052137,0,0
PC204746,0.24934100112194,0,0
PC204870,0.0406607781337598,0,0
PC204882,0.48101155152205,0,0
PC204898,0.509534897166432,0,1
PC204939,0.331601493350765,0,0
PC205124,0.0052376792308515,0,0
PC205190,0.108058700073478,0,0
PC205359,0.338322859998329,1,0
PC205920,0.758028707009213,1,1
PC206313,0.175870914678472,1,0
PC206392,0.0631084138118078,0,0
PC206422,0.0452453590531878,0,0
PC206423,0.0506514944136143,0,0
PC206439,0.0235523012791411,0,0
PC206469,0.0153240536090586,0,0
PC206482,1.0760830093659e-07,0,0
PC206535,0.0654320663428834,0,0
PC206576,0.0139664011076093,0,0
PC206592,0.0467505395268554,0,0
PC206663,0.0920063192562462,0,0
PC206690,0.12347178033322,0,0
PC206779,0.0064888692337417,0,0
PC206854,0.0018229371752602,0,0
PC206967,0.0001054688400472,0,0
PC207089,0.0247663143131108,0,0
PC207302,0.843950970870693,1,1
PC207305,0.624727786896261,0,1
PC207531,0.0213279151255927,0,0
PC207548,0.0321813382926597,0,0
PC207625,0.0112476954236627,0,0
PC207669,0.0071237003430724,0,0
PC207691,0.664567376886095,1,1
PC207895,0.0003067930479466,0,0
PC207992,0.29948889230004,0,0
PC208091,0.509094603784192,0,1
PC208225,0.15195373494411,0,0
PC208266,0.0278165424945004,0,0
PC208412,0.0022608733270317,0,0
PC208558,0.575386822223663,0,1
PC208696,0.0082420608368697,0,0
PC208719,0.0001959766593945,0,0
PC208736,0.238342665135861,0,0
PC208751,0.0126506639644504,0,0
PC208894,0.0376496338488924,0,0
PC208980,0.0110355548357575,0,0
PC208989,0.0643410877264841,0,0
PC209143,0.10706309946927,0,0
PC209295,0.0018217494341681,0,0
PC209327,0.0050235070432606,0,0
PC209603,0.0637991153727061,0,0
PC209607,0.157007289059619,1,0
PC209671,0.932790300881718,1,1
PC209912,0.124559377634209,0,0
PC209962,0.318674743175507,0,0
PC209975,0.469467159017314,0,0
PC210106,0.130561656657738,0,0
PC210154,0.154792798266248,0,0
PC210218,0.006118021918499,0,0
PC210220,0.688779562711716,1,1
PC210293,0.0458666451319837,0,0
PC210406,0.389238760438882,0,0
PC210576,0.019244022667408,0,0
PC210801,0.109187216115481,1,0
PC210887,0.0021842855494469,0,0
PC211077,0.0236312458176672,0,0
PC211148,0.484001581822911,0,0
PC211185,0.0192244521937299,0,0
PC211217,0.194019630551338,0,0
PC211229,0.200781714286753,0,0
PC211350,0.0098430877551436,0,0
PC211514,4.33321583841462e-05,0,0
PC211584,0.156225256481371,0,0
PC211781,0.279774008871434,0,0
PC211814,0.0545180514454842,0,0
PC212142,0.0141302092923817,0,0
PC212146,0.495810315392474,1,0
PC212248,0.0008871007594279,0,0
PC212395,0.0197141798143025,0,0
PC212401,0.0830733186424032,0,0
PC212411,0.663429111650546,0,1
PC212535,0.0496787131054746,0,0
PC212625,0.0310652109860593,0,0
PC212635,0.0494243410306956,0,0
PC212736,0.241401523351669,0,0
PC212771,5.18528486281866e-06,0,0
PC212805,0.335289851374017,0,0
PC212857,0.020147543400526,0,0
PC212965,0.0010186634140753,0,0
PC213055,0.650217132040085,1,1
PC213279,0.0446358064928522,0,0
PC213512,0.0216128745962521,0,0
PC213720,0.021229679864061,0,0
PC213923,0.151574438879316,1,0
PC214092,0.773069673342095,0,1
PC214094,0.0593870225296731,0,0
PC214192,0.0597494991732315,0,0
PC214390,0.0255044773221016,0,0
PC214548,0.0013614986635229,0,0
PC214696,0.0678020985031026,0,0
PC214880,0.379937708180602,0,0
PC214937,0.679589497620235,1,1
PC215098,0.238956156561545,0,0
PC215126,0.0798159191165563,0,0
PC215245,0.0953111984746643,0,0
PC215387,0.0383527514763503,0,0
PC215408,0.0792726102431701,0,0
PC215413,0.0235001761466265,0,0
PC215449,0.13527693133251,0,0
PC215474,0.254186291176459,0,0
PC215485,0.124562207688677,0,0
PC215635,0.0442047908447718,0,0
PC215660,0.183608407612662,0,0
PC215729,0.15141655371017,0,0
PC215805,0.481467475446218,0,0
PC215818,0.0223752737967324,0,0
PC216029,0.0831593451197164,0,0
PC216115,0.178572285198426,0,0
PC216252,0.0065102566394113,0,0
PC216338,0.004209527062333,0,0
PC216703,0.0696462500418319,0,0
PC216981,0.141141604601351,0,0
PC216999,0.200381968490073,0,0
PC217184,0.0706105211939636,0,0
PC217296,0.0093690730302457,0,0
PC217601,0.222067758440971,0,0
PC217624,0.0188901900601312,0,0
PC217741,0.0117138939031395,0,0
PC217833,0.0540558532965893,0,0
PC217883,0.0505891181528568,0,0
PC218020,0.723614755432709,1,1
PC218163,0.0049306562421849,0,0
PC218217,0.234142124652863,0,0
PC218255,0.58591902220533,0,1
PC218266,0.0336190660590545,0,0
PC218377,0.199132435869101,0,0
PC218405,0.0084410931970646,0,0
PC218630,0.0060367622864222,0,0
PC218669,0.0202334335433159,0,0
PC218692,0.175013478379697,1,0
PC218727,0.717419147491455,1,1
PC218825,0.0390615686470398,0,0
PC219210,0.0256452426584856,0,0
PC219230,0.123981116323644,0,0
PC219317,0.0014623744646087,0,0
PC219319,0.351236904772711,0,0
PC219321,0.115526645628532,0,0
PC219429,0.0201651410210782,0,0
PC219464,0.37357293424721,0,0
PC219540,0.135312692143534,0,0
PC219632,0.30260257584322,0,0
PC219696,0.0135780889540911,0,0
PC219976,0.114970537864305,1,0
PC219986,0.127741685513285,0,0
PC220027,0.0111040739825946,0,0
PC220061,0.0141322249360973,0,0
PC220069,0.00183992892741,0,0
PC220159,0.0809181970578429,0,0
PC220211,0.242899969220161,0,0
PC220214,0.0240777153521776,0,0
PC220327,0.251635821559761,0,0
PC220430,0.0911945551633835,0,0
PC220750,0.0318609887061032,0,0
PC220949,0.224505827995201,0,0
PC221361,0.028916022955225,0,0
PC221371,0.0548946220021064,0,0
PC221391,0.092506268324795,0,0
PC221446,0.0197729687466193,0,0
PC221708,0.324708537242525,0,0
PC221783,0.103878885283506,0,0
PC222014,0.0142992624700742,0,0
PC222015,0.0216291274255361,0,0
PC222063,0.0243113357573748,0,0
PC222099,0.0510420182712541,0,0
PC222105,0.0708550095819591,0,0
PC222167,0.0044074621982872,0,0
PC222426,0.251982935612116,0,0
PC222596,0.407478750468882,1,0
PC222779,0.215336731785706,0,0
PC222793,0.0691727033987013,0,0
PC223170,0.810699031921614,0,1
PC223366,0.0009531077252686,0,0
PC223591,0.0610070833018128,0,0
PC223622,0.684034418740239,0,1
PC223810,0.0481885671615601,0,0
PC223984,0.158152007791856,0,0
PC224118,0.0468524284660816,0,0
PC224246,0.0601478405296803,0,0
PC224526,0.0430150457250952,0,0
PC224595,0.103433495857512,0,0
PC224616,0.0076072364629934,0,0
PC224642,0.117432601481832,0,0
PC224746,0.0211798236452536,0,0
PC224843,0.0513128623506933,0,0
PC225044,0.0002239380846731,0,0
PC225072,0.794234866596743,0,1
PC225195,0.151415375078966,0,0
PC225214,0.0124101403830437,0,0
PC225285,0.401918087365492,0,0
PC225294,0.050622746348381,0,0
PC225365,0.388513540783962,1,0
PC225492,0.252882298088553,0,0
PC225537,0.446698762327326,0,0
PC225610,0.145515635609627,0,0
PC225635,0.0070635344916789,0,0
PC225688,0.0291781683885846,0,0
PC225693,0.0010739083758543,0,0
PC225783,3.9261063648155e-05,0,0
PC226085,0.170660507021927,0,0
PC226136,0.223029010179566,0,0
PC226140,0.255413499402144,0,0
PC226178,0.0058932507919333,0,0
PC226219,0.0164528096556043,0,0
PC226425,0.0389268083772699,0,0
PC226459,0.0040130799730866,0,0
PC226507,0.0002905125729739,0,0
PC226530,4.0854236431187e-05,0,0
PC226576,0.0012849945631463,0,0
PC226727,0.0015029955452541,0,0
PC226836,0.0232337825737223,0,0
PC226862,0.0215686030135478,0,0
PC226957,0.0057451510633391,0,0
PC227081,0.0149552811651121,0,0
PC227184,0.519613310461999,1,1
PC227319,0.130029880838186,0,0
PC227336,0.040378842874957,0,0
PC227496,0.0046684630215168,0,0
PC227517,0.0776826444957227,0,0
PC227522,0.208084166049957,0,0
PC227626,0.165594346138423,0,0
PC227753,0.240349485586255,0,0
PC227833,0.07537466885664,0,0
PC228104,0.0176141476594342,0,0
PC228293,0.0200039818882942,0,0
PC228348,0.430297915851023,1,0
PC228560,0.0435652993619442,0,0
PC228709,0.0682956444487736,0,0
PC229071,0.606698057281412,0,1
PC229189,0.127042840206271,0,0
PC229456,0.0671812273300114,0,0
PC229510,0.222925630366242,0,0
PC229769,0.31436054861384,1,0
PC229816,0.438835352659225,0,0
PC229872,0.0207688574779792,0,0
PC229942,0.130695611409954,0,0
PC229980,0.0003791859403479,0,0
PC230217,0.0190192950709592,0,0
PC230257,0.0017993185902014,0,0
PC230269,0.865524768829346,0,1
PC230375,0.253676146268845,0,0
PC230515,0.114685902236153,0,0
PC230605,0.452959528009346,1,0
PC230753,0.0370163815371811,0,0
PC230790,0.0637158144149601,0,0
PC230873,0.0112112651502651,0,0
PC231238,0.0027041735621819,0,0
PC231293,0.0114925595876655,0,0
PC231328,0.113570002252108,0,0
PC231416,0.0120884077114368,0,0
PC231427,0.169053225250448,0,0
PC231492,0.0203586901183677,0,0
PC231821,0.0172616448253393,0,0
PC231871,0.482444240089838,0,0
PC231877,0.0020186201557219,0,0
PC231918,0.0190611057075804,0,0
PC231928,0.27399727601827,0,0
PC231951,0.163915444447569,0,0
PC232004,5.77168846330971e-06,0,0
PC232017,0.338376572646132,0,0
PC232045,0.0063546174205839,0,0
PC232084,0.464798597450981,1,0
PC232351,0.0113879234940137,0,0
PC232545,0.734742517789022,0,1
PC232630,0.261958671136967,0,0
PC232704,0.018916692584753,0,0
PC232765,0.0693296650623267,0,0
PC232836,0.419090323306274,1,0
PC232928,0.0110612902790308,0,0
PC233100,0.0352824556587587,0,0
PC233174,0.0982020833038255,0,0
PC233197,0.0002784211828839,0,0
PC233392,0.562011853811588,1,1
PC233436,0.110979774813371,0,0
PC233967,0.0411268249272166,0,0
PC234276,0.371243174494068,0,0
PC234391,0.0146866112333107,0,0
PC234603,0.892395805115163,1,1
PC234666,0.15939475106829,0,0
PC234701,0.0374609716236591,0,0
PC234719,0.0369238731618165,0,0
PC234755,0.0101581953817271,0,0
PC234844,0.469842054259649,0,0
PC234896,0.0757003006038005,0,0
PC234914,0.0362392701208591,0,0
PC235136,0.0674634399923374,0,0
PC235252,0.0479787946151932,0,0
PC235389,0.0014052458403499,0,0
PC235570,0.191288770265441,0,0
PC235640,0.188509682991305,0,0
PC235650,0.108171896745144,0,0
PC235768,0.138521637729148,0,0
PC235857,0.633696615695953,0,1
PC235864,0.0366061439650479,0,0
PC235899,0.402928254395453,0,0
PC235915,0.471042443018455,0,0
PC236040,0.147370386975145,0,0
PC236064,0.0102940816432238,0,0
PC236355,0.185117020717993,0,0
PC236381,0.0024589993690137,0,0
PC236576,0.0360288516219173,0,0
PC236611,0.0016770153306424,0,0
PC236693,0.0626619717543857,0,0
PC236706,0.563120571104757,1,1
PC236708,0.0536062532878703,0,0
PC236823,0.817912314091206,1,1
PC236824,0.469297281246394,1,0
PC236922,0.130037352442741,0,0
PC236927,0.0428461183046518,0,0
PC237008,0.399320823178716,0,0
PC237021,0.085632471842253,0,0
PC237159,0.0011952948989346,0,0
PC237214,0.460209343397046,0,0
PC237226,0.0648238827801128,0,0
PC237319,0.110189786687522,0,0
PC237390,0.0060639595612883,0,0
PC237625,0.131484606678784,0,0
PC237674,0.0039187490732848,0,0
PC237682,0.643915500976047,1,1
PC237765,0.203359486535191,0,0
PC237893,0.100462332367897,0,0
PC237943,0.0637124442099546,0,0
PC237949,0.0355824444131179,0,0
PC238056,0.168044477701187,0,0
PC238104,0.193064841437444,0,0
PC238234,0.306951118929007,0,0
PC238290,0.0253807931000779,0,0
PC238301,0.0062613356858491,0,0
PC238328,0.68489430067463,0,1
PC238449,0.0601404571773057,0,0
PC238511,0.198115268180556,0,0
PC238592,0.233752962708826,0,0
PC238603,0.0336757902615367,0,0
PC238654,0.0104543697088957,0,0
PC238663,0.79619433511706,1,1
PC238711,0.309253396445225,0,0
PC239071,0.0444584561810572,0,0
PC239183,0.0910872763415934,0,0
PC239291,0.447533011436462,0,0
PC239308,0.337430227145717,0,0
PC239329,0.0563443079799823,0,0
PC239365,0.132567675225028,0,0
PC239548,0.179648220539093,0,0
PC239589,0.0338452807381383,0,0
PC239702,0.214122518897057,0,0
PC239816,0.450575202703476,0,0
PC239857,0.145725195258634,0,0
PC240000,0.0102960319337102,0,0
PC240137,0.0028795506805181,0,0
PC240657,0.0005843533435836,0,0
PC240733,0.622042411783304,1,1
PC240814,0.490131877514781,0,0
PC240836,0.0266385553886845,0,0
PC241040,0.646304028147157,0,1
PC241163,0.0722217836870728,0,0
PC241234,0.0185535210407129,0,0
PC241490,0.272449931779345,1,0
PC241775,0.0488000703562114,0,0
PC242029,0.0658704910938037,0,0
PC242108,0.245894999973733,1,0
PC242122,0.116472663062725,0,0
PC242123,0.262582238587351,0,0
PC242158,0.62352721802547,0,1
PC242273,0.0256302263587713,0,0
PC242301,0.119550670423205,0,0
PC242408,0.468367129564285,0,0
PC242419,0.32293229897817,0,0
PC242468,0.307411213056736,0,0
PC242633,0.113903364964894,0,0
PC242707,0.123794403884004,0,0
PC242742,0.0366490893529004,0,0
PC242805,0.0161683215965507,0,0
PC242915,0.0089404176099486,0,0
PC243001,0.11548255593334,0,0
PC243127,0.21344730978072,0,0
PC243275,0.127552003952373,0,0
PC243719,0.0315128751069937,0,0
PC243728,0.100810476106168,0,0
PC243770,0.144597775639516,0,0
PC243859,0.057474296922224,0,0
PC243888,0.0033388792071491,0,0
PC243913,0.029799139414019,0,0
PC243955,0.0130348050707059,0,0
PC243989,0.109709274222833,0,0
PC244119,0.174648533264043,0,0
PC244231,0.285900135547067,0,0
PC244245,0.012696071875865,0,0
PC244267,0.623697557007263,1,1
PC244354,0.0274534737112364,0,0
PC244357,0.0331774802235443,0,0
PC244438,0.523334920406342,0,1
PC244582,0.157785225259492,0,0
PC244807,0.0331000646515895,0,0
PC244830,0.0492070015495403,0,0
PC244836,0.122577350444466,0,0
PC244988,0.0036831623562204,0,0
PC245048,0.600347273061278,0,1
PC245147,0.131204525878246,0,0
PC245177,0.0098884980470117,0,0
PC245279,0.027431633323431,0,0
PC245289,0.0050654671773668,0,0
PC245291,0.910919749173171,1,1
PC245450,0.366233236172743,1,0
PC245522,0.0218255948275328,0,0
PC245768,0.0307135252509243,0,0
PC245790,0.0423767511771879,0,0
PC245902,0.248817895136874,0,0
PC245968,0.0003217352023635,0,0
PC246346,0.317829156069238,0,0
PC246403,0.0448341853916645,0,0
PC246577,0.0015668067355205,0,0
PC246659,0.668336291816577,0,1
PC246754,0.0019185291603207,0,0
PC246797,0.0035072390455752,0,0
PC246847,0.012611536309123,0,0
PC246981,0.630551313416342,0,1
PC247106,0.2082598994015,1,0
PC247107,0.601793385169528,1,1
PC247225,0.0243109112979872,0,0
PC247314,0.0112769833420602,0,0
PC247419,0.0701674437505825,0,0
PC247580,0.199091181809355,0,0
PC247640,0.463674848970607,0,0
PC247669,0.0051822364934089,0,0
PC247690,0.909350081257969,1,1
PC247803,0.0175162702405327,0,0
PC247835,0.849685708030146,0,1
PC247912,0.0248510669916868,0,0
PC248001,0.0561679106067979,0,0
PC248046,0.624227645288547,0,1
PC248158,0.15179643034935,0,0
PC248168,0.0878042749806167,0,0
PC248224,0.0243602215553343,0,0
PC248353,0.136523425579071,0,0
PC248382,0.0005258659927702,0,0
PC248383,0.0653973805593481,0,0
PC248427,0.0136819084550591,0,0
PC248456,0.0798938561843969,0,0
PC248642,0.515984378315038,1,1
PC248893,0.0105794917846776,0,0
PC249085,0.0516106203242715,0,0
PC249096,0.0882980281354521,0,0
PC249215,0.0983475227384437,0,0
PC249347,0.641639226646514,0,1
PC249429,0.407440135117898,0,0
PC249696,0.0196943618357182,0,0
PC249806,0.167685640342748,0,0
PC249882,0.0300541115005242,0,0
PC249896,0.261752585066365,0,0
PC249916,0.163385288541268,0,0
PC250264,0.0015580145677925,0,0
PC250356,0.015890711516862,0,0
PC250597,0.0067053893581032,0,0
PC250669,0.0123972053350541,0,0
PC250698,0.125371236006106,0,0
PC250757,0.0478176958858967,0,0
PC250827,0.0186823533954308,0,0
PC250831,0.0433527627461106,0,0
PC250898,0.115078298795608,0,0
PC250910,0.146779703498082,0,0
PC250950,0.0775898164184533,0,0
PC250972,0.0203470009895896,0,0
PC251003,0.0282170822266752,0,0
PC251261,0.160194295162014,0,0
PC251453,0.0186475201440072,0,0
PC251820,0.0320420376956463,0,0
PC251854,0.0212946923174695,0,0
PC252127,0.2365588040516,0,0
PC252160,6.11060158917098e-07,0,0
PC252193,0.0318060711805831,0,0
PC252199,0.0734574913550078,0,0
PC252501,0.327824611458215,0,0
PC252613,0.0081597287552244,0,0
PC252876,0.0052800426391672,0,0
PC252923,0.0304408671262598,0,0
PC252990,0.0124296644288633,0,0
PC253109,0.0035077816088811,0,0
PC253115,0.420509998322854,0,0
PC253259,0.902880141925332,0,1
PC253286,0.124841878940965,0,0
PC253306,0.203782749126561,0,0
PC253334,0.0121051212772727,0,0
PC253335,0.0401461180778045,0,0
PC253362,0.125157081687603,0,0
PC253469,0.0505527594481712,0,0
PC253500,0.13954222202301,0,0
PC253598,0.138004222417716,0,0
PC253844,0.0564754929664971,0,0
PC253856,0.19366525358889,0,0
PC253938,3.85693201678805e-05,0,0
PC254078,0.0677802533518964,0,0
PC254278,0.440140384840134,0,0
PC254420,0.010807785205543,0,0
PC254463,0.323944228916401,0,0
PC254550,0.013217939689965,0,0
PC254566,2.16109360735572e-05,0,0
PC254604,0.503634074624991,0,1
PC254782,0.37899187207222,0,0
PC254829,5.07656332047191e-05,0,0
PC254830,0.007446663417444,0,0
PC255220,0.262803121709985,0,0
PC255227,0.187472031127303,0,0
PC255269,0.106448122272836,0,0
PC255292,0.0322883182221199,0,0
PC255380,0.029639293109696,0,0
PC255480,0.0465485896588221,0,0
PC255482,0.108639147756952,0,0
PC255484,0.0486699974922478,0,0
PC255559,0.152579529583454,0,0
PC255583,0.296265946489714,0,0
PC255724,0.0007828747620806,0,0
PC255862,0.0933760207809187,0,0
PC255958,0.0159157180279401,0,0
PC256334,0.0182490833103657,0,0
PC256441,0.54673485222913,0,1
PC256491,0.0006535139124158,0,0
PC256804,0.0520503075079339,0,0
PC256932,0.0023308398667722,0,0
PC257339,0.0123753529042006,0,0
PC257708,0.125567600131035,0,0
PC257783,0.0077962280714695,0,0
PC257928,0.0637518630442169,1,0
PC257938,0.0208729236326487,0,0
PC258023,0.0014483510749414,0,0
PC258117,0.27739608555915,0,0
PC258127,0.0295037029192169,0,0
PC258165,0.143178793476588,0,0
PC258202,0.0286307408381603,0,0
PC258211,0.059963546693325,0,0
PC258367,0.012605083775617,0,0
PC258444,0.0482273033479006,0,0
PC258728,0.0272934595513083,0,0
PC258749,0.874938249588013,0,1
PC258782,0.0018391616156684,0,0
PC258818,0.131501373234664,0,0
PC258837,0.0061634752399674,0,0
PC258856,0.14107346149931,0,0
PC259037,0.133562119926898,0,0
PC259045,0.036787334344823,0,0
PC259337,0.101479547626492,0,0
PC259599,0.533202916092515,1,1
PC259714,0.200784793572997,0,0
PC259762,0.556542372738056,1,1
PC259788,0.003258477503812,0,0
PC259845,0.396864384412766,0,0
PC259848,0.0848241165206512,1,0
PC259867,0.153314641770854,0,0
PC259948,0.0016465716762468,0,0
PC260029,0.24976061817644,0,0
PC260430,0.0095772689103644,0,0
PC260470,0.0525367334656728,0,0
PC260502,0.102048232285202,0,0
PC260604,0.0055512575352999,0,0
PC260671,0.106222211939397,0,0
PC260725,0.011831153725457,0,0
PC260755,0.0010077987449153,0,0
PC260805,0.0194705828245632,0,0
PC261035,0.0215373281389475,0,0
PC261212,0.0854924544692039,0,0
PC261291,0.0009218986378982,0,0
PC261348,0.0933305230095237,0,0
PC261442,0.0151182184565433,0,0
PC261478,0.181686154299147,0,0
PC261509,0.654151202550688,1,1
PC261696,0.881472766399384,0,1
PC261819,0.0498052572053953,0,0
PC261848,0.130510640111998,0,0
PC262068,0.0413473694038137,0,0
PC262231,0.0015192138962447,0,0
PC262454,0.237101388572011,0,0
PC262646,0.388586074113846,0,0
PC262665,0.200977474698902,0,0
PC262743,0.124796998800991,0,0
PC263006,0.195523770259247,0,0
PC263077,0.172298848628998,0,0
PC263107,0.115030914835907,0,0
PC263171,0.399658175987926,0,0
PC263195,0.0294483255576466,0,0
PC263314,0.014784522547623,0,0
PC263635,0.0675557465250993,0,0
PC263792,0.052882269889064,0,0
PC263930,0.0142021658788215,0,0
PC263989,0.189982442453361,0,0
PC264016,0.0180064308090758,0,0
PC264176,0.472826109664275,1,0
PC264225,0.0899660945993608,0,0
PC264319,0.0585183900000139,0,0
PC264381,0.194735732408833,0,0
PC264455,0.0109302130105818,0,0
PC264588,0.0652863836534423,0,0
PC264631,0.266298505213917,0,0
PC264872,0.0124140630941838,0,0
PC264901,0.0215675033785415,0,0
PC265119,0.316889457133355,1,0
PC265191,0.0224546137362022,0,0
PC265275,0.0039919367773288,0,0
PC265305,0.0578755238557242,0,0
PC265407,0.0122340484424592,0,0
PC265725,0.0710775337732622,0,0
PC265757,0.0968740934105404,0,0
PC265932,0.0779599843298748,0,0
PC266010,0.0280824825167656,0,0
PC266043,0.0312651817182229,0,0
PC266128,0.106533868579004,0,0
PC266240,0.0598882750466494,0,0
PC266546,0.648510992527008,0,1
PC266601,0.0025116817955744,0,0
PC266632,0.0544071197509766,0,0
PC266806,0.0497634474341886,0,0
PC266884,0.0183214703079743,0,0
PC267016,0.104915515757865,0,0
PC267154,0.0029071686056224,0,0
PC267254,0.0094142760751783,0,0
PC267309,0.0065913237631321,0,0
PC267521,0.83918491443554,0,1
PC267561,0.0053594866767525,0,0
PC267620,0.0225624717152247,0,0
PC267775,0.108763103567167,0,0
PC268454,0.102983393072253,0,0
PC268694,0.0019672135822475,0,0
PC268753,0.049087671638528,0,0
PC268764,0.96403684917226,0,1
PC268868,0.479071615223466,0,0
PC269042,0.590600189040689,0,1
PC269082,0.121060798379086,0,0
PC269089,0.830574750900269,0,1
PC269182,0.0788349482284017,0,0
PC269230,0.0295759093214383,0,0
PC269617,0.117582149737704,0,0
PC269621,0.0400655415864253,0,0
PC269774,3.72953149962996e-06,0,0
PC269820,0.121521387340944,0,0
PC269912,0.0001396024308633,0,0
PC270050,0.0410958448153557,0,0
PC270062,0.0748020332203554,0,0
PC270112,0.0578915351452153,0,0
PC270234,0.208179601808873,0,0
PC270418,0.0460482258922024,0,0
PC270461,0.169495034778187,0,0
PC270566,0.895401358604431,0,1
PC270623,0.0608449769706363,0,0
PC270692,0.0017403516926321,0,0
PC270891,0.334875511101993,0,0
PC270954,0.0353400380011987,0,0
PC270980,0.0536719292580369,0,0
PC270998,0.78986394405365,0,1
PC271072,0.61014558508199,1,1
PC271104,0.0156597997993231,0,0
PC271182,0.0177122119733977,0,0
PC271203,0.102701249923748,0,0
PC271355,0.0635857135790592,0,0
PC271525,4.78058312082677e-06,0,0
PC271576,0.0335620805432901,0,0
PC271670,0.106519120907973,0,0
PC271763,0.0655665192037836,0,0
PC271793,0.0353904769951294,0,0
PC271849,0.132464383508596,0,0
PC271966,0.076841047419774,0,0
PC272154,0.0995682075783119,0,0
PC272314,0.0562861844558608,0,0
PC272327,0.0273371108376713,0,0
PC272329,0.0192429671523633,0,0
PC272335,0.148055924838688,0,0
PC272394,0.678949773311615,1,1
PC272444,0.114845535530162,0,0
PC272846,0.0038341595499139,0,0
PC273364,0.0961069168421444,0,0
PC273374,0.234018405304287,0,0
PC273402,0.0267121065407991,0,0
PC273428,0.0405189154692955,0,0
PC273455,0.0804363743964277,0,0
PC273488,0.96614455260407,1,1
PC273567,0.642591715458051,1,1
PC273609,0.327083044719202,0,0
PC273729,0.221464273328696,1,0
PC273821,0.0417945310473442,0,0
PC273880,0.053274780682428,0,0
PC273887,0.0223986756346347,0,0
PC274034,0.385306414590961,0,0
PC274048,0.1400316967787,0,0
PC274279,0.634124750997132,1,1
PC274328,0.0993627383488645,0,0
PC274589,0.018838306888938,0,0
PC274764,0.0589489780907942,0,0
PC274768,0.357032140654125,0,0
PC274850,0.0530409309751781,0,0
PC274879,0.0217675816823618,0,0
PC274982,0.0699769159212919,0,0
PC275153,0.0014089568720326,0,0
PC275278,0.0015104467840401,0,0
PC275363,0.146805498239805,0,0
PC275377,0.220734850707881,0,0
PC275963,0.0254291780292988,0,0
PC276092,0.0266101858330862,0,0
PC276133,0.405324310064316,0,0
PC276277,0.013005075898288,0,0
PC276283,0.116338056908021,0,0
PC276349,0.703489529576531,1,1
PC276465,0.134974413204003,0,0
PC276619,0.4318274743855,0,0
PC276667,0.0036722738175793,0,0
PC276738,0.724617210520447,1,1
PC276770,0.0053557693026959,0,0
PC276907,0.407792029006284,0,0
PC276912,0.94798949871889,1,1
PC277012,0.159792377158653,0,0
PC277036,0.514003676933478,0,1
PC277047,0.484683163793132,1,0
PC277077,0.118712755291753,0,0
PC277130,0.0035618473122623,0,0
PC277204,0.0003456861037551,0,0
PC277254,0.0156772940121603,0,0
PC277408,0.0142001591318408,0,0
PC277438,0.413142388085258,0,0
PC277680,0.0003081511642809,0,0
PC277824,0.0387083062103816,0,0
PC277840,0.519245214863729,0,1
PC277944,0.0865482315421104,0,0
PC277954,0.0065099955585823,0,0
PC278025,0.0024618625320727,0,0
PC278073,0.185454500116224,1,0
PC278085,0.0129783009685236,0,0
PC278196,0.307761981680586,0,0
PC278396,0.0757422866324062,0,0
PC278445,0.687516987323761,0,1
PC278463,0.0161170071605186,0,0
PC278488,0.0044021518827191,0,0
PC278669,0.0011560038105344,0,0
PC278843,0.155349895358086,0,0
PC278882,0.047326651234356,0,0
PC279053,0.06954625248909,0,0
PC279073,0.0801683067085042,0,0
PC279092,0.358083376303578,1,0
PC279140,0.0517637119902733,0,0
PC279214,0.0051311202797508,0,0
PC279330,0.569076090040853,0,1
PC279415,0.355718473373855,0,0
PC279471,1.67788548350795e-05,0,0
PC279536,0.0625386758004887,0,0
PC279649,0.0100424591274636,0,0
PC279894,0.208325568242832,0,0
PC279919,0.0474664509317582,0,0
PC280098,0.998318076133728,0,1
PC280410,0.0687875913837671,0,0
PC280481,0.527734550288445,0,1
PC280688,0.0391677795590388,0,0
PC280740,0.442390738985839,1,0
PC280830,0.0058439582124575,0,0
PC280902,0.83593002073515,1,1
PC281026,0.0063204061349525,0,0
PC281093,0.0106020358766459,0,0
PC281549,0.0099797509763,0,0
PC281612,0.300209684618588,0,0
PC281642,0.0015632593231605,0,0
PC281902,0.0488528148309455,0,0
PC281916,0.223632326691055,0,0
PC281937,0.134285968030506,0,0
PC282017,0.211711809829062,0,0
PC282267,0.161031720206494,0,0
PC282308,0.0043838048500885,0,0
PC282421,0.116157583589561,0,0
PC282522,0.013504231954625,0,0
PC282786,0.349685454070342,0,0
PC282817,0.0337036664666666,0,0
PC282846,0.0107092510966044,0,0
PC282864,0.542104396787245,0,1
PC282919,0.0789849221647724,0,0
PC282945,0.403512409317635,0,0
PC282985,0.297171810964837,0,0
PC283027,0.0048846131784,0,0
PC283076,0.380972309433877,0,0
PC283083,0.021515023971821,0,0
PC283306,0.311536368194948,0,0
PC283308,0.0009864978167998,0,0
PC283311,0.436443299055099,0,0
PC283332,0.276368376239778,0,0
PC283390,0.0043798319320612,0,0
PC283411,0.186016564498849,0,0
PC283502,0.78079858292704,0,1
PC283899,0.170432754086307,0,0
PC283980,0.0298507772985477,0,0
PC284033,0.0001885547161432,0,0
PC284103,0.171396585823949,0,0
PC284219,0.143179325325503,0,0
PC284293,0.016458653129306,0,0
PC284359,0.0696233617057526,0,0
PC284360,0.78369524760094,0,1
PC284426,0.0979075134514366,0,0
PC284511,0.050039272979462,0,0
PC284527,0.0096095896407855,0,0
PC284603,0.142337441444397,0,0
PC284742,0.0479570499836452,0,0
PC284853,1.49999252130328e-07,0,0
PC284896,0.330414950847626,0,0
PC285079,0.396771123958013,1,0
PC285232,0.101923502981663,0,0
PC285236,0.488217594025895,0,0
PC285305,0.0470809966660618,0,0
PC285312,0.136271175152198,0,0
PC285501,0.007110964573207,0,0
PC285771,0.489367684453653,0,0
PC285811,0.0644502296690575,0,0
PC285847,0.145304368556576,0,0
PC285925,0.500741619418459,1,1
PC286175,0.333307486027479,0,0
PC286178,0.126632662431681,0,0
PC286189,0.0029008733907817,0,0
PC286284,0.077069565653801,0,0
PC286319,0.0387870371043881,0,0
PC286533,0.0033162245406515,0,0
PC286670,0.0125071163333598,0,0
PC286711,0.0019910590466887,0,0
PC286760,0.153248941606117,0,0
PC286838,0.0851762483644593,0,0
PC286845,0.0551191206331093,0,0
PC286855,0.395458095400027,0,0
PC286879,0.0097618401050567,0,0
PC287133,0.0570688075084481,0,0
PC287168,0.0135201655688423,0,0
PC287269,0.0797113597252127,0,0
PC287498,0.0004881577824661,0,0
PC287560,0.0483637901830844,0,0
PC287654,0.0147006076849288,0,0
PC287691,0.762208934289864,1,1
PC287722,0.0839934139638334,0,0
PC287948,0.0588868429714983,0,0
PC288008,0.0322096665447936,0,0
PC288109,0.283044128867952,0,0
PC288160,0.0171899307211766,0,0
PC288219,7.80633687724643e-05,0,0
PC288354,0.0224769745626888,0,0
PC288591,0.294731887238731,0,0
PC288618,0.0960775688036309,0,0
PC288633,0.0466086296464302,0,0
PC288698,0.0559979408665827,0,0
PC288784,0.199350499971093,0,0
PC288884,0.879157630764708,1,1
PC289029,0.167051421151003,0,0
PC289261,0.0261668610446533,0,0
PC289345,0.0211759997620218,0,0
PC289462,0.0227226089369857,0,0
PC289606,0.0258673981622178,0,0
PC289797,0.009266116656363,0,0
PC289803,0.0026110025173351,0,0
PC289815,0.113621351708588,0,0
PC289902,0.0929355126594269,0,0
PC290191,0.429819754321163,1,0
PC290237,0.109990998835241,0,0
PC290284,0.489883622400779,0,0
PC290326,0.0746931100426904,0,0
PC290637,0.0695992186665535,0,0
PC290717,0.0531877019229231,0,0
PC290785,0.106127793743769,0,0
PC290875,0.0002427875069485,0,0
PC291092,0.0427268474256006,1,0
PC291249,0.177526048171775,0,0
PC291407,0.662742839596136,0,1
PC291422,0.183181357509826,0,0
PC291611,0.0433092291451463,0,0
PC291723,0.0902041345834732,0,0
PC291850,0.318924792835058,0,0
PC291858,0.0195778887718916,0,0
PC291904,0.0159126611471213,0,0
PC291954,0.136652590047565,0,0
PC292001,0.338477735328186,0,0
PC292050,0.225662786719258,0,0
PC292118,0.303410784994574,0,0
PC292148,0.0576860303936306,0,0
PC292247,0.0592384463588712,0,0
PC292303,0.0263279713171425,0,0
PC292479,0.0321940724071377,0,0
PC292542,0.257691066765804,0,0
PC292569,0.117650870783,0,0
PC292712,0.013586699962616,0,0
PC292845,0.0001975050701436,0,0
PC292963,0.0668948227852396,0,0
PC292968,0.0682472165135442,0,0
PC292998,0.025787912269398,0,0
PC293036,0.0236613155538825,0,0
PC293143,0.0772301852729552,0,0
PC293239,0.0081863701343536,0,0
PC293349,0.0828427572112942,0,0
PC293465,0.0394718214924894,0,0
PC293561,0.149653299185183,1,0
PC293686,0.0076294875409738,0,0
PC293762,0.07735711099188,0,0
PC293927,0.580126449746906,1,1
PC293975,0.644661576517167,1,1
PC293989,0.353186363730661,0,0
PC294363,0.0112592739363511,0,0
PC294425,0.0698845438169228,0,0
PC294647,0.144273698329926,0,0
PC294670,0.0216576792956931,0,0
PC294742,0.0119656060585497,0,0
PC294762,8.98223734111525e-05,0,0
PC294863,0.991910833817024,1,1
PC294944,0.218748141702571,0,0
PC295110,0.23952582640565,1,0
PC295341,0.719123786532819,0,1
PC295440,0.130936060225023,0,0
PC295792,0.423040463510371,0,0
PC295860,0.93137784544155,1,1
PC295869,0.0739171733185062,0,0
PC295893,0.95530042369849,1,1
PC295895,0.0637764909904768,0,0
PC295906,0.0885376195585009,0,0
PC296342,0.0093024954937271,0,0
PC296370,0.0140298000081516,0,0
PC296572,0.0027103160580622,0,0
PC296592,0.0559981589015696,0,0
PC296690,0.224084648821089,0,0
PC296703,0.337837316838068,0,0
PC296809,0.413250442129844,0,0
PC296863,0.173648535646613,0,0
PC296936,0.087949761425255,0,0
PC297120,0.0547887453479381,0,0
PC297144,0.0085954684764146,0,0
PC297154,0.0236475188183263,0,0
PC297259,0.0643929725296292,0,0
PC297293,0.32484162689829,0,0
PC297343,0.0446782259959874,0,0
PC297705,0.781208226561606,1,1
PC297712,0.199781635005784,0,0
PC297734,0.185265805320782,1,0
PC297981,5.66564064918625e-05,0,0
PC298024,0.0343873809150333,0,0
PC298105,0.164690569043159,0,0
PC298174,0.0206119080676752,0,0
PC298211,0.564929621560233,0,1
PC298410,0.0483900078547779,0,0
PC298465,0.157003521855149,0,0
PC298630,0.466804803351266,0,0
PC298783,0.0425668187813045,0,0
PC298796,0.172857548695923,0,0
PC299006,0.0525245993812649,0,0
PC299088,0.0407872274518013,0,0
PC299089,0.463810999515254,0,0
PC299115,0.146633657213499,0,0
PC299147,0.1150702915506,0,0
PC299249,0.99517366586142,0,1
PC299327,0.0041738290399235,0,0
PC299344,0.0529904946351154,0,0
PC299348,0.587897034453564,0,1
PC299454,0.0007855267610278,0,0
PC299482,0.010284976754175,0,0
PC299546,0.362474511096621,0,0
PC299782,0.0198810459859964,0,0
PC299829,0.309481836734529,0,0
PC299840,0.818120721869796,1,1
PC299891,0.0220208377950583,0,0
PC300143,0.286126974095794,0,0
PC300173,1.19052065201686e-05,0,0
PC300262,0.0326456841757731,0,0
PC300273,0.614699445853619,0,1
PC300339,0.0050178812816739,0,0
PC300383,0.0401691111097653,0,0
PC300508,0.700624236496283,0,1
PC300563,0.0002751022174355,0,0
PC300728,0.0328385498461794,0,0
PC300746,0.337610006332397,0,0
PC300809,0.211112707242336,1,0
PC300841,0.268980238728851,0,0
PC301153,0.376333150355604,0,0
PC301270,0.379178909569227,0,0
PC301280,0.447119094021026,1,0
PC301302,0.0159494038671255,0,0
PC301539,0.189658678986839,0,0
PC301662,0.315877649208501,0,0
PC301924,0.0039994368295889,0,0
PC302045,0.384340882301331,0,0
PC302156,0.131165200366741,0,0
PC302267,0.144805421559354,0,0
PC302442,0.214294955134392,0,0
PC302904,0.06229468899617,0,0
PC302926,0.287569612785956,0,0
PC303068,0.212330262281421,0,0
PC303125,0.0200720597058535,0,0
PC303138,0.0005334592364344,0,0
PC303166,0.100639935022999,0,0
PC303203,0.23892471127,0,0
PC303391,0.047544810031766,0,0
PC303419,0.361083118496714,0,0
PC303429,0.107604622169331,0,0
PC303450,0.227216780185699,0,0
PC303496,0.0008501905190342,0,0
PC303573,0.175905784830833,0,0
PC303596,0.0189712972001329,0,0
PC303780,0.0160769400326477,0,0
PC303884,0.273909879512474,1,0
PC304028,0.163251302787736,0,0
PC304222,0.0522800643146961,0,0
PC304264,0.11641935571197,0,0
PC304280,0.347253769636154,0,0
PC304301,0.221808552663783,1,0
PC304380,0.214690005267939,0,0
PC304391,0.000491737620905,0,0
PC304526,0.0078868334680162,0,0
PC304527,0.0001512210728833,0,0
PC304584,0.135039733634108,0,0
PC304931,0.159136789805088,1,0
PC304944,0.253828353992571,0,0
PC305108,0.202268197772021,0,0
PC305302,0.0233254103843018,0,0
PC305462,0.0448661979906346,0,0
PC305492,0.203076109290123,0,0
PC305710,0.0137866470923907,0,0
PC305773,0.0266380000338762,0,0
PC305825,0.001618354764198,0,0
PC305941,0.174836950546302,0,0
PC306010,0.0806447625166577,0,0
PC306210,0.111510496659627,0,0
PC306360,0.0200427478093872,0,0
PC306506,0.0745603010372054,0,0
PC306584,0.0086464546473768,0,0
PC306718,0.110764876678748,0,0
PC306856,0.0005746626948422,0,0
PC306893,0.237092137336731,0,0
PC307157,0.0069479045884266,0,0
PC307207,0.294594229001717,1,0
PC307290,0.0451891179988509,0,0
PC307378,0.0355969762552682,0,0
PC307413,0.318728616284258,1,0
PC307511,0.286840768453629,0,0
PC307566,0.031319579064791,0,0
PC307708,0.0421503556309998,0,0
PC307709,0.453484883679791,0,0
PC307765,0.0297928836868191,0,0
PC307838,0.18723838031292,0,0
PC307882,0.0921062543713881,0,0
PC307988,0.0001179529499495,0,0
PC307994,0.055415543106203,0,0
PC308005,0.0220954380284879,0,0
PC308151,0.457231789827347,0,0
PC308193,0.716339960306174,1,1
PC308315,0.012178845917497,0,0
PC308367,0.0009850217029452,0,0
PC308425,0.0632002901537064,0,0
PC308451,0.465661962731023,0,0
PC308555,0.0399107103109972,0,0
PC308624,0.0118625561017117,0,0
PC308696,0.159221157431602,0,0
PC308698,0.0905678131745664,1,0
PC309036,5.17288499395363e-05,0,0
PC309066,0.0124947565386326,0,0
PC309183,0.0064388334808082,0,0
PC309192,0.001828582608141,0,0
PC309314,0.0028685533413905,0,0
PC309473,0.164646439134208,0,0
PC309493,0.204340078250317,0,0
PC309610,0.0114190017499133,0,0
PC309618,0.499333072178921,0,0
PC309755,0.104982036077947,0,0
PC309982,0.474540857985269,1,0
PC310081,0.0039651645347476,0,0
PC310136,0.0124320912371398,0,0
PC310387,0.0555148070873043,0,0
PC310402,0.0017202032281635,0,0
PC310525,0.0216742370010395,0,0
PC310576,0.0159805191813656,0,0
PC310812,0.0642093158349758,0,0
PC310974,0.149545667652102,0,0
PC311070,0.0048747670272008,0,0
PC311108,0.0097451957658656,0,0
PC311121,0.0979801935365092,0,0
PC311207,0.0659661302233537,0,0
PC311302,0.34103200037444,0,0
PC311366,0.0007786895190353,0,0
PC311441,0.265228265504531,0,0
PC311617,0.475774372146077,1,0
PC311776,0.0223409978883633,0,0
PC311948,0.740212818162631,0,1
PC312188,0.0801832490098264,0,0
PC312196,0.292032111194227,1,0
PC312231,0.0124840314507202,0,0
PC312267,0.136261233408697,0,0
PC312326,0.430738649611334,1,0
PC312372,0.0141806295141578,0,0
PC312406,0.0937374234556866,0,0
PC312490,0.779973458531241,1,1
PC312509,0.0171511536058415,0,0
PC312621,0.0342212300023617,0,0
PC312705,0.664339301312805,0,1
PC312710,0.0511659502371339,0,0
PC312749,0.0003840275110251,0,0
PC312884,0.0254616243574693,0,0
PC313043,0.0139189859672203,0,0
PC313099,0.129199419066171,0,0
PC313160,0.0056433233095082,0,0
PC313271,0.252607071571612,0,0
PC313315,7.2262401447693e-05,0,0
PC313466,0.296004764981322,1,0
PC313815,0.0656504685207976,0,0
PC313967,0.0144813197985059,0,0
PC313968,0.0105962117116168,0,0
PC314063,0.0533645713407951,0,0
PC314201,0.201747571095806,0,0
PC314219,0.0179333835840225,0,0
PC314351,0.231795786299761,0,0
PC314483,0.0469753426404782,0,0
PC314649,0.0482962361312026,0,0
PC314812,0.0040475190617144,0,0
PC314862,0.0091289170086383,0,0
PC315010,0.0010473987352272,0,0
PC315026,0.0024713176365627,0,0
PC315071,0.0490700379014015,0,0
PC315598,0.0594920846471443,0,0
PC315638,0.0110158119350672,0,0
PC315694,0.145769916893391,0,0
PC315703,0.0012522673189524,0,0
PC315816,0.0142471007251874,0,0
PC315869,0.199121217018401,1,0
PC315994,0.137801858508283,0,0
PC316361,0.0566931964260797,0,0
PC316414,0.0944389242545201,0,0
PC316490,0.3545340050997,0,0
PC316715,0.134625020178277,0,0
PC316801,0.0001150324533227,0,0
PC316881,0.181341065357998,0,0
PC316988,0.0219255264366855,0,0
PC317076,0.108618018425772,0,0
PC317177,0.0193367097526789,0,0
PC317201,0.108869848184418,0,0
PC317440,0.0032087402498767,0,0
PC317692,0.193098339962978,0,0
PC317757,0.0351270772516727,0,0
PC317956,0.214384023118519,0,0
PC318005,0.366763569254447,0,0
PC318119,0.0130315513334461,0,0
PC318130,0.0011226694332435,0,0
PC318153,0.0208726877282406,0,0
PC318426,0.0134976697170806,0,0
PC318427,0.108130885724521,0,0
PC318526,0.0024908288951113,0,0
PC318541,0.0483351266320565,0,0
PC318671,0.0020362081459014,0,0
PC318771,0.0043693610350601,0,0
PC318794,0.0669248036269483,1,0
PC318893,0.190491435415458,0,0
PC319255,0.0853686379404605,0,0
PC319264,0.329704932012092,0,0
PC319378,0.296440571495289,0,0
PC319402,0.008599960245192,0,0
PC319476,0.0030307631533952,0,0
PC319543,0.0899007171392441,0,0
PC319634,0.142764188392403,0,0
PC319798,0.0040452592768737,0,0
PC319828,0.0060955995430899,0,0
PC319876,0.301895085898553,0,0
PC320008,6.6972270634613e-07,0,0
PC320077,0.0672847374047645,0,0
PC320177,0.311552125031461,0,0
PC320281,0.156661430954888,0,0
PC320313,0.0173820462077856,0,0
PC320362,0.145686203900119,0,0
PC320379,0.0100108621716291,0,0
PC320550,0.0355667699142174,0,0
PC320554,0.0429836782542141,0,0
PC320617,0.0016632047660196,0,0
PC320791,9.75191251358103e-05,0,0
PC320805,0.0003961996609559,0,0
PC321062,0.0728447365673999,1,0
PC321093,0.0026357278693467,0,0
PC321213,0.139756313147862,0,0
PC321275,0.0189082989131511,0,0
PC321507,0.272257410325802,1,0
PC321518,0.0192423534236206,0,0
PC321539,0.121231850334218,0,0
PC321670,0.0010424784015175,0,0
PC321680,0.051953822307969,0,0
PC321719,0.333516160425331,0,0
PC321751,7.5542731792666e-05,0,0
PC321817,0.0100815459703995,0,0
PC321839,0.0136769197573215,0,0
PC321981,0.445609096331256,0,0
PC322006,0.0258475101383572,0,0
PC322075,0.289471864700317,0,0
PC322125,0.0164610083472751,0,0
PC322141,0.179847009111358,0,0
PC322147,0.29199717386921,0,0
PC322179,0.0594348962916883,0,0
PC322223,0.387955375213171,0,0
PC322271,0.654738244068209,1,1
PC322432,0.171885639429092,0,0
PC322574,0.311039239875205,0,0
PC322677,0.125294163823128,0,0
PC322688,0.0294395173581471,0,0
PC323607,0.0203192843740711,0,0
PC323944,0.55195203540164,1,1
PC323976,0.0683772143093569,0,0
PC324101,0.134911254048347,0,0
PC324128,0.0304225930478774,0,0
PC324273,0.15843264348265,0,0
PC324759,0.143305828349381,0,0
PC324865,0.0683050548465127,0,0
PC325041,0.321328172037064,0,0
PC325078,0.0762032956686957,0,0
PC325252,0.0914991889697631,1,0
PC325397,0.151240548948077,0,0
PC325473,0.196190003733166,0,0
PC325520,0.026417650282383,0,0
PC325526,0.0248313035628828,0,0
PC325555,0.0072439732030034,0,0
PC325787,0.137900424040206,0,0
PC325798,0.326590090877699,0,0
PC325903,0.261242653717075,0,0
PC325953,0.0407244875547735,0,0
PC325957,0.549156672814313,0,1
PC325987,0.0060970649936155,0,0
PC325996,0.274557209311934,1,0
PC326054,0.0299744938957295,0,0
PC326208,0.0137158238279228,0,0
PC326361,0.0466466875907694,0,0
PC326407,0.072389303216031,0,0
PC326449,0.0215814561416352,0,0
PC326472,0.0241986147056406,0,0
PC326476,0.289793265394646,1,0
PC326520,0.0605736512252122,0,0
PC326546,2.24799057227329e-06,0,0
PC326564,0.481288130673709,0,0
PC326608,0.055815506185843,0,0
PC326754,0.437726553418849,1,0
PC326964,0.0009771686745807,0,0
PC326979,0.137558157770893,0,0
PC326986,0.165301723762672,1,0
PC327022,0.0994719757171177,0,0
PC327310,0.0015497282147407,0,0
PC327313,0.397937013851523,0,0
PC327376,0.266888165306354,0,0
PC327498,0.0426503084599972,0,0
PC327583,0.0001319817993207,0,0
PC327650,0.026059471416901,0,0
PC327659,0.553334476425424,1,1
PC327753,0.0649682401947164,0,0
PC327784,0.763918956428947,1,1
PC327805,0.0974039178304085,0,0
PC327863,0.0838321520931136,0,0
PC327957,0.305852840823617,0,0
PC328004,0.0221985913813114,0,0
PC328111,0.0409264288692182,0,0
PC328175,0.1694256067276,0,0
PC328385,0.8578322101478,1,1
PC328697,0.0010954127646982,0,0
PC328815,0.0131523948953007,0,0
PC329047,0.825995370571172,0,1
PC329363,0.0130241497248497,0,0
PC329634,0.2692863911125,0,0
PC329692,0.0895128135678357,0,0
PC329936,0.492415615804182,1,0
PC330140,0.0013067169834108,0,0
PC330584,0.007326123304665,0,0
PC330753,0.0910242097322376,0,0
PC330818,0.0314713037363781,0,0
PC330952,0.223906196888068,1,0
PC330983,0.148017910684445,0,0
PC331187,0.0006342424894683,0,0
PC331238,0.110146841299514,0,0
PC331331,0.218498928909505,0,0
PC331431,0.969164201593775,0,1
PC331504,0.188022697540685,0,0
PC331507,0.0156453475356102,0,0
PC331932,0.0036756624485216,0,0
PC332064,0.114824452291794,0,0
PC332135,0.393122768194478,0,0
PC332149,0.0608799210508103,0,0
PC332176,0.0782673153151402,0,0
PC332188,0.253818516175784,0,0
PC332216,0.0436584537281938,0,0
PC332309,0.0442023612558842,0,0
PC332427,0.242852326576991,0,0
PC332709,0.0858451873064041,0,0
PC332922,0.173852742799008,0,0
PC333266,0.528990415797719,0,1
PC333314,0.0015570344403386,0,0
PC333473,0.0091925852284632,0,0
PC333529,0.173383325338364,1,0
PC333700,0.009060193351488,0,0
PC333767,0.0123380771087062,0,0
PC333815,0.116676744486262,0,0
PC334034,0.133150011301041,0,0
PC334119,0.0070815477520227,0,0
PC334384,0.0289720046515638,0,0
PC334584,0.0002708650396016,0,0
PC334653,0.607592044036402,1,1
PC334663,0.707181902186384,1,1
PC334802,0.0082463134850303,0,0
PC334857,0.804553292847222,1,1
PC334890,0.423857864122594,0,0
PC334895,0.0014024255797267,0,0
PC334955,0.0173683065785772,0,0
PC335091,0.818168284420021,1,1
PC335109,0.818238569789921,0,1
PC335240,0.263891446003331,0,0
PC335350,0.0291555591724411,0,0
PC335469,0.0350749881090626,0,0
PC335683,0.0608304086722818,0,0
PC335848,0.0390843417052791,0,0
PC335897,0.0869932576634738,1,0
PC335973,0.0115932441019347,0,0
PC336047,0.291499916839365,0,0
PC336076,0.394594383862149,1,0
PC336162,0.146034370386504,0,0
PC336223,0.199063055610585,0,0
PC336260,0.432162831323322,0,0
PC336272,0.110724382102489,0,0
PC336370,0.0670670815301638,0,0
PC336484,0.0182955302298069,0,0
PC336589,0.0362279310708985,0,0
PC336615,0.0407940814840073,0,0
PC336826,0.0736485502415486,0,0
PC336906,0.162380588341179,0,0
PC336989,0.0001143155677126,0,0
PC337029,0.0173871872093843,0,0
PC337074,0.104260771084697,0,0
PC337167,0.108854076805895,0,0
PC337211,0.0071012341934883,0,0
PC337213,0.50473552942276,0,1
PC337265,0.0610737667374491,0,0
PC337276,0.0232881829138269,0,0
PC337342,0.0236090423757357,0,0
PC337360,0.0037075644047002,0,0
PC337428,0.299682474635504,1,0
PC337455,0.0101513825531857,0,0
PC337480,0.0293705058820031,0,0
PC337573,0.0008305904339067,0,0
PC337692,0.08032597491926,0,0
PC337727,0.0201353441468194,0,0
PC337780,7.75666630943306e-05,0,0
PC337816,0.396878905546244,0,0
PC337968,0.112808706649851,0,0
PC337991,0.0613306337277245,0,0
PC337999,0.015800164999721,0,0
PC338005,0.0192783791117552,0,0
PC338186,0.0299068157102231,0,0
PC338228,0.100577627981828,0,0
PC338249,0.094397135078907,0,0
PC338302,8.95735574886203e-05,0,0
PC338509,0.0166848354710106,0,0
PC338515,0.424392660443948,0,0
PC338522,0.585989573604345,1,1
PC338524,0.456724306711983,1,0
PC338546,0.512784625248484,1,1
PC338605,0.409967048452535,0,0
PC338623,0.0006991251721046,0,0
PC338641,0.0017209725115716,0,0
PC338751,0.0926603210510381,0,0
PC338872,0.0077232544930498,0,0
PC338907,0.0337447512476374,0,0
PC338941,0.0193766088955142,0,0
PC339232,0.136391593361673,0,0
PC339305,0.0019514518789947,0,0
PC339411,0.0121295297754827,0,0
PC339471,0.0023260802374082,0,0
PC339527,0.0679359510540962,0,0
PC339568,4.53828288300429e-05,0,0
PC339580,0.066521872063802,0,0
PC339592,0.164412246068475,0,0
PC339732,0.0006360002444125,0,0
PC339944,0.0352638196485099,0,0
PC339979,0.0099492270397637,0,0
PC339996,0.104037537264527,0,0
PC340459,0.295917461727567,0,0
PC340779,0.0309525912905888,0,0
PC340810,0.0049810923226823,0,0
PC340841,0.101214125870542,0,0
PC340876,0.189859654023269,0,0
PC341119,0.714379970516478,1,1
PC341252,0.0636822186043181,0,0
PC341365,0.0301367145052738,0,0
PC341466,0.0099331447854638,0,0
PC341753,0.0172895339072377,0,0
PC341801,0.0674596096828079,0,0
PC342006,0.0029988880269229,0,0
PC342066,0.0343789755066564,0,0
PC342080,0.012740685618144,0,0
PC342114,0.4761758908044,1,0
PC342296,0.0101240191957104,0,0
PC342312,0.0034896158613264,0,0
PC342390,0.0426828648329158,0,0
PC342482,0.203651379323869,0,0
PC342611,0.0148667128731556,0,0
PC342625,0.10720156878233,0,0
PC342669,0.87999770556094,1,1
PC342810,0.0276796529464511,0,0
PC342973,0.0141126043425355,0,0
PC343391,0.0083098746836185,0,0
PC343577,0.0181192327171424,0,0
PC343581,0.0473115662577521,0,0
PC343642,0.0231367144767452,0,0
PC343697,0.222547799348831,0,0
PC343712,0.0891992784168579,0,0
PC343779,0.116653767354586,0,0
PC343841,0.0191147667806839,0,0
PC343857,0.0006889509641041,0,0
PC343983,0.911898575116446,1,1
PC344067,0.250621845238133,0,0
PC344133,0.182622390507742,0,0
PC344159,0.0112428264145491,0,0
PC344356,0.057403442597072,0,0
PC344432,0.632018685340881,0,1
PC344661,0.0447900354371456,0,0
PC344822,0.270896329055076,0,0
PC344905,0.0167877468404924,0,0
PC344998,0.37405128607815,1,0
PC345027,0.17321535279272,1,0
PC345035,0.0759750404382679,0,0
PC345271,0.0100957730013614,0,0
PC345387,0.495129989214453,0,0
PC345461,0.0047454276986682,0,0
PC345476,0.0124681042507291,0,0
PC345489,0.0777042799246084,0,0
PC345632,0.425840325445116,0,0
PC345713,0.0206066469495364,0,0
PC345788,0.938444898614777,1,1
PC345804,0.419969199121301,1,0
PC346103,0.217476720951738,0,0
PC346151,0.0206151751831906,0,0
PC346198,0.846042145851399,1,1
PC346320,0.0893907332745603,1,0
PC346395,0.499083273019237,1,0
PC346870,0.82193900771283,0,1
PC346884,0.0204886009313339,0,0
PC347032,0.037114650780466,0,0
PC347280,0.892642275713393,1,1
PC347466,0.0447902184104521,0,0
PC347511,0.0288067683725171,0,0
PC347702,0.404124399026235,1,0
PC347860,0.251687491011173,0,0
PC347868,0.0458321329699393,0,0
PC348090,0.0363832486121833,0,0
PC348105,0.0371205595566593,0,0
PC348495,0.0252953760243733,0,0
PC348589,0.0642684537801563,0,0
PC348763,0.0909486785531044,0,0
PC348864,0.035141264354544,0,0
PC348874,0.633655726909637,0,1
PC348919,0.0008805333325025,0,0
PC348976,0.818274112038269,1,1
PC348990,0.250171959400177,0,0
PC349045,0.0581877830195039,0,0
PC349076,0.172590047121048,0,0
PC349084,0.107527457177639,0,0
PC349178,0.0919766416625369,0,0
PC349249,0.11803836189383,0,0
PC349261,0.0189812348913369,0,0
PC349398,0.0737237833842625,0,0
PC349477,0.163420239821175,1,0
PC349529,0.031660325985672,0,0
PC349566,0.289593028255923,1,0
PC349705,0.0021934474019395,0,0
PC349715,0.220443851641964,0,0
PC349755,0.647612566937607,1,1
PC349788,0.238767711061334,0,0
PC349959,0.0452919287837844,0,0
PC349994,0.0843454692877975,0,0
PC350024,0.81610457557507,0,1
PC350048,0.0145331702085762,0,0
PC350377,0.462383428962333,0,0
PC350418,0.118165858089924,0,0
PC350453,0.0020189643837511,0,0
PC350543,0.0084123516148252,0,0
PC350564,0.0342932854513978,0,0
PC350570,0.165511334223277,0,0
PC350655,0.748079732201009,0,1
PC350880,0.0188936032383291,0,0
PC350901,0.116947777569294,0,0
PC351130,0.0013302625279765,0,0
PC351256,0.0468796081840992,0,0
PC351259,0.0856837693552844,0,0
PC351472,0.0004846426309086,0,0
PC351550,0.43514056016017,0,0
PC351587,0.0711190483332102,0,0
PC351774,0.0093122281969379,0,0
PC351851,0.0005214930861257,0,0
PC351944,0.0378977603914148,0,0
PC352039,0.0264504381327521,0,0
PC352144,0.0176209717004936,0,0
PC352162,0.676158678015854,1,1
PC352188,0.0297334663756976,0,0
PC352236,0.0596362894526754,0,0
PC352360,1.24741618492408e-05,0,0
PC352428,0.0102961712238211,0,0
PC352524,4.72519403398242e-05,0,0
PC352774,0.0045005811355364,0,0
PC352849,0.0262153251333923,1,0
PC353027,0.0462876617508669,0,0
PC353221,0.0264567543301947,0,0
PC353389,0.0002672153478999,0,0
PC353521,0.382305979728699,0,0
PC353583,0.054155383259058,0,0
PC353589,0.0022113181251148,0,0
PC353751,0.233498718545882,0,0
PC353777,0.0488058665277281,0,0
PC353792,0.174731493064885,0,0
PC354029,0.0212207147851586,0,0
PC354213,0.122058417111651,0,0
PC354217,0.961855351924896,0,1
PC354395,0.0020003055687993,0,0
PC354399,0.0774827361070806,0,0
PC354401,0.0611757177994488,0,0
PC354519,0.303153817265637,1,0
PC354612,0.16504425757775,0,0
PC354679,0.0063706995035223,0,0
PC354702,0.0805938537611345,0,0
PC354737,0.260347287682995,0,0
PC354757,0.524581862253839,1,1
PC354758,0.0553317877955559,0,0
PC354863,0.0522172759058944,0,0
PC354868,0.201670741783334,1,0
PC355192,0.679002080768623,1,1
PC355208,0.314926518494446,0,0
PC355329,0.0212702217256704,0,0
PC355349,0.0688601391656058,0,0
PC355404,0.013569029833167,0,0
PC355510,0.0838295777584414,0,0
PC355779,0.0446266122162342,0,0
PC355833,0.0093578756107793,0,0
PC356074,0.0010802505916828,0,0
PC356093,0.0936286237200817,0,0
PC356159,0.202921493448549,1,0
PC356251,1.00562459213728e-05,0,0
PC356314,0.14460503297045,0,0
PC356316,0.160798785727542,0,0
PC356345,0.0256628675928717,0,0
PC356427,0.0034965695813298,0,0
PC356485,0.977269768714905,0,1
PC356537,0.0276067450900219,0,0
PC356563,0.0183873735368252,0,0
PC356647,0.0444055937724711,0,0
PC356685,0.215868420618144,1,0
PC356825,0.0849748809607873,0,0
PC356931,0.0635592014610859,0,0
PC356985,0.0065997691274525,0,0
PC357113,0.0002680690959095,0,0
PC357210,0.0128539102179577,0,0
PC357383,0.0163037111020405,0,0
PC357460,0.0676998158990409,0,0
PC357535,0.0036461572869788,0,0
PC357554,0.186427221970209,0,0
PC357655,0.286769648253667,0,0
PC357759,0.156393525454233,0,0
PC358119,0.399097440405662,1,0
PC358146,0.0191466371863357,0,0
PC358213,0.0022462764754891,0,0
PC358227,0.0513338483870029,0,0
PC358446,0.0932312299641245,0,0
PC358480,0.772510435646059,1,1
PC358657,0.0888995125117223,0,0
PC358938,0.0247589438012856,0,0
PC359060,0.0896141142259207,0,0
PC359131,0.872146552259272,0,1
PC359265,0.364996483091079,1,0
PC359411,0.0770545476874986,0,0
PC359474,0.0844991654157639,0,0
PC359694,0.232973736879862,0,0
PC359703,0.217484367644693,1,0
PC359708,0.146487431290249,1,0
PC360297,0.976123154163361,0,1
PC360345,0.0060155875980854,0,0
PC360446,0.0760023039341593,0,0
PC360549,0.0169458158680389,0,0
PC360615,0.0042365287684516,0,0
PC360634,0.0201779008115127,0,0
PC360771,0.0812981575727463,0,0
PC360811,0.597739696502686,0,1
PC360855,0.193558859408563,0,0
PC360880,0.0040760047263257,0,0
PC361204,0.124532265088523,0,0
PC361353,0.12902427353454,1,0
PC361481,1.92157085621147e-06,0,0
PC361513,0.349088363177874,0,0
PC361731,0.289491065557977,1,0
PC361758,0.0024839355610311,0,0
PC361774,0.0626314337303043,0,0
PC361790,0.0018394562648609,0,0
PC361949,0.53152459859848,0,1
PC362017,0.0052733667815213,0,0
PC362144,0.136250558493149,0,0
PC362157,0.274305624128383,0,0
PC362184,3.14068749745954e-05,0,0
PC362275,0.199676993340928,0,0
PC362323,0.374971341940906,1,0
PC362466,0.00181724014692,0,0
PC362593,0.135910711052235,0,0
PC362665,0.0204055793583393,0,0
PC362861,0.796191412330474,1,1
PC362927,0.0140157202258706,0,0
PC362963,0.0077957240864634,0,0
PC363097,0.0006898030609898,0,0
PC363105,0.158994518380537,0,0
PC363311,0.0354916148351642,0,0
PC363350,0.0106990938537096,0,0
PC363490,0.0143874140252288,0,0
PC363574,0.992678815816106,1,1
PC363609,0.47019733451222,1,0
PC363632,0.0280805819476983,0,0
PC363645,0.0599165004484046,0,0
PC363690,0.0317438636575976,0,0
PC363718,0.0118150644536529,0,0
PC363900,0.40327865974778,0,0
PC363942,0.0066251752632623,0,0
PC364040,0.0024352128241616,0,0
PC364062,0.928341641457366,0,1
PC364106,0.0217859968543053,0,0
PC364324,0.0202811637245189,0,0
PC364329,0.401932041077012,0,0
PC364378,0.0392307626398199,0,0
PC364398,0.0094959690942028,0,0
PC364616,0.270795464515686,0,0
PC364949,0.0499760226680554,0,0
PC365243,0.124724025178711,0,0
PC365348,0.0723087586679528,0,0
PC365367,0.525979936122894,0,1
PC365373,0.199141178171611,0,0
PC365509,0.192843313006498,0,0
PC365648,0.0734779488435101,0,0
PC365863,0.0993813588412137,0,0
PC366055,0.0176335729517378,0,0
PC366196,0.0474304502258207,0,0
PC366303,0.677085296443929,0,1
PC366320,0.0147039154544473,0,0
PC366450,0.0609496869146824,0,0
PC366665,0.346244888994851,0,0
PC366754,0.0111040600948036,0,0
PC367049,0.0021277063060551,0,0
PC367050,0.0655246231359666,0,0
PC367318,0.0016163597717356,0,0
PC367358,0.0009905121987685,0,0
PC367408,0.0901440162300956,0,0
PC367424,0.019944422807954,0,0
PC367566,0.0017115892742143,0,0
PC367702,0.0076118344441056,0,0
PC367842,0.0016162565443664,0,0
PC367869,0.0699745565652847,0,0
PC367936,0.0258742060241227,0,0
PC368003,0.0027413622093499,0,0
PC368313,0.0195239942190448,0,0
PC368346,0.32395866379249,0,0
PC368366,0.229805664187579,0,0
PC368471,0.000364006389257,0,0
PC368539,0.0086217058513214,0,0
PC368566,0.250663325630366,0,0
PC368692,0.0928646955151436,0,0
PC368838,0.612206245795189,0,1
PC368912,0.0585610318937749,0,0
PC369196,0.931363053352257,1,1
PC369292,0.0834287064601444,0,0
PC369376,0.57408007979393,1,1
PC369415,0.166276844648214,0,0
PC369482,0.0439453179086207,0,0
PC369592,0.0001182348496513,0,0
PC369602,0.0412376467087358,0,0
PC369673,0.204084217377092,0,0
PC369692,0.0018550240362679,0,0
PC369711,0.00817223093459,0,0
PC369831,0.0825305656553286,0,0
PC369836,0.144118551022799,0,0
PC369866,0.142637587485371,0,0
PC369959,0.0673045955384698,0,0
PC369968,0.0667006602912447,0,0
PC370189,0.976364433765411,0,1
PC370288,0.0199964447043991,0,0
PC370560,0.503778155023749,1,1
PC370576,0.0297480208168882,0,0
PC370603,0.271165057582266,0,0
PC370610,0.139655329287052,0,0
PC370840,0.0306374598294497,0,0
PC370951,0.0483647961324701,0,0
PC371020,0.0209211982462717,0,0
PC371122,0.0107126109798169,0,0
PC371282,0.038801201449606,0,0
PC371353,0.169711396501927,0,0
PC371357,0.0005806420813314,0,0
PC372054,0.792636513710022,0,1
PC372079,0.0012983093991166,0,0
PC372091,0.174655795097351,0,0
PC372150,0.016233379021287,0,0
PC372276,0.021957778981147,0,0
PC372317,0.461235476272265,0,0
PC372717,0.0563425491515459,0,0
PC372766,8.42591398395598e-05,0,0
PC372802,0.0003036983835045,0,0
PC373001,0.0040929956160709,0,0
PC373073,7.69974854660104e-05,0,0
PC373137,0.381257797030384,0,0
PC373141,0.0250648817751538,0,0
PC373282,0.0025613956428995,0,0
PC373360,0.0348975956439972,0,0
PC373615,0.987090027651261,0,1
PC373760,0.352386491488531,0,0
PC373990,0.961635296359474,1,1
PC374043,0.376857949608375,0,0
PC374091,0.161719012809427,0,0
PC374098,0.0335357403575646,0,0
PC374157,0.0296387944380631,0,0
PC374259,0.013987127778142,0,0
PC374261,0.0201101390735811,0,0
PC374564,0.0836736618979903,0,0
PC374666,0.0090191420189965,0,0
PC374675,0.0165932681411505,0,0
PC374689,0.0254399271579285,0,0
PC374690,0.063856082248822,0,0
PC374746,0.381321436409946,0,0
PC374803,0.0319030458429136,0,0
PC374846,0.289202660322189,0,0
PC374865,0.0125228256229059,0,0
PC374973,0.10873218408244,0,0
PC375005,0.262693624612936,0,0
PC375130,0.0070036784745752,0,0
PC375215,0.142052531242371,0,0
PC375511,0.0680744987435105,0,0
PC375620,0.0200611010440473,0,0
PC375670,0.0092102971908578,0,0
PC375738,1.1201058214283e-06,0,0
PC375748,0.047058639979575,0,0
PC375770,0.040646206587553,0,0
PC375805,0.068289026889957,0,0
PC375819,0.0098610192199575,0,0
PC375861,0.0132440391226736,0,0
PC375904,0.141205739815493,0,0
PC375959,0.0002594270335976,0,0
PC375997,0.408696027239053,0,0
PC376073,6.78731396419607e-07,0,0
PC376131,0.0004200942849591,0,0
PC376331,0.160643593102068,0,0
PC376369,0.0047392007749672,0,0
PC376405,0.0588973872363567,0,0
PC376443,0.013539572512288,0,0
PC376461,0.0074555089575534,0,0
PC376546,0.25532646647244,0,0
PC376620,0.151633960860116,1,0
PC376624,0.006859337715383,0,0
PC376933,0.474463902372222,0,0
PC377241,0.0229478361619133,0,0
PC377300,0.0009130082886235,0,0
PC377387,0.725805186705327,1,1
PC377402,0.688995180376972,1,1
PC377690,0.024262221796905,0,0
PC377700,0.256936534698365,0,0
PC377727,0.0131971323862672,0,0
PC377861,0.295238822698593,0,0
PC377954,0.0329459156234597,0,0
PC378138,0.007544730975173,0,0
PC378144,0.219202432649562,0,0
PC378152,0.141422599554062,0,0
PC378196,0.0029343245647838,0,0
PC378324,0.0540625656882446,0,0
PC378350,0.0328522157387465,0,0
PC378517,0.0611194224397013,1,0
PC378547,0.0962017981373534,0,0
PC378578,0.0567132359111136,0,0
PC378584,0.000211845350221,1,0
PC378592,0.0186391249299049,0,0
PC378593,0.0737359999105246,0,0
PC378638,0.0118222039798488,0,0
PC378705,0.389623856771635,1,0
PC378783,0.0136891634003223,0,0
PC378833,0.61322332660183,1,1
PC378871,0.168274438152769,0,0
PC378910,0.467285138919018,0,0
PC379050,0.251328645854868,1,0
PC379052,0.209825312249218,0,0
PC379111,0.0032888276599861,0,0
PC379115,1.59026320527339e-05,0,0
PC379126,0.0912139564752579,0,0
PC379139,0.804052929941854,1,1
PC379141,0.000320400222084,0,0
PC379232,0.0230173504371781,0,0
PC379635,0.211921788640432,1,0
PC379745,0.0106168953559525,0,0
PC379875,0.0533082410999423,0,0
PC380336,0.0505576319516108,0,0
PC380370,0.001899827084423,0,0
PC380468,0.22774620852459,0,0
PC380553,0.261779009179807,0,0
PC380621,0.391667064668461,1,0
PC380654,0.0011358562624082,0,0
PC380684,0.183460459113121,0,0
PC380708,0.201262245614566,0,0
PC380749,0.0845610826772496,0,0
PC380852,0.0982268358144734,0,0
PC380866,0.0726214138928718,0,0
PC381000,0.0416087827989942,0,0
PC381168,0.0128809416455011,0,0
PC381194,0.03481525182724,0,0
PC381308,0.012474638121977,0,0
PC381329,0.587385775760991,1,1
PC381370,0.0015746920835226,0,0
PC381581,0.0167967898998593,0,0
PC381639,0.182837089788756,1,0
PC381670,0.0339598635836178,0,0
PC382028,0.136743471026421,0,0
PC382046,0.0043411182833644,0,0
PC382052,0.0742691805131222,0,0
PC382053,0.828222084017459,0,1
PC382057,0.0199493477549449,0,0
PC382195,0.115892767832421,0,0
PC382198,0.00160115581178,0,0
PC382261,0.219802934519465,0,0
PC382374,0.420569864718114,1,0
PC382545,0.0568297548215416,0,0
PC382566,0.289050560873167,0,0
PC382569,0.001988323405385,0,0
PC382611,0.0337078087031841,0,0
PC382641,0.0388932629986917,0,0
PC382763,0.0017205238258156,0,0
PC382847,0.860259353283806,0,1
PC382864,0.0478361679100189,0,0
PC382890,0.0206912548337509,0,0
PC382941,0.538657160636176,1,1
PC382949,0.330665016364671,1,0
PC382952,0.269820587095473,0,0
PC382984,0.0068371951401563,0,0
PC383025,5.40095061401895e-05,0,0
PC383055,0.863796184839042,1,1
PC383099,0.023261186246981,0,0
PC383206,0.0004443340294528,0,0
PC383226,0.7828602309011,0,1
PC383237,0.0577435442306053,0,0
PC383293,0.326728254556656,0,0
PC383301,0.693975879909089,1,1
PC383402,0.170171416977614,0,0
PC383447,0.0004437066856148,0,0
PC383452,0.366867366414001,0,0
PC383472,0.0072228748018913,0,0
PC383544,0.0075021390787116,0,0
PC383785,0.124437690647207,0,0
PC383877,0.0068992058428504,0,0
PC383983,0.335587245550486,0,0
PC384045,0.310588414270203,0,0
PC384076,0.457573984504827,0,0
PC384202,0.0050469444789326,0,0
PC384307,4.59700544297448e-07,0,0
PC384378,0.0154033144944463,0,0
PC384481,0.214147153037553,0,0
PC384674,0.0027740421186985,0,0
PC384759,0.0732811897617033,0,0
PC384774,0.0085828128284174,0,0
PC384790,0.264769203504182,0,0
PC384893,0.0504100328806678,0,0
PC385039,0.0044321095828999,0,0
PC385201,0.138392724464551,0,0
PC385248,0.0350150295614617,0,0
PC385261,0.0010103031237772,0,0
PC385308,0.126970901484451,0,0
PC385369,0.0020937647204846,0,0
PC385419,0.114859521551865,0,0
PC385444,0.0068111787550151,0,0
PC385528,0.0583380634344897,0,0
PC385544,0.286561489105225,0,0
PC385622,0.484747777339315,1,0
PC385964,0.0040934138816334,0,0
PC386040,0.0536688774631274,0,0
PC386099,0.0128180749160199,0,0
PC386148,0.054226043003383,0,0
PC386152,0.0079032122449227,0,0
PC386299,0.0002759509370662,0,0
PC386381,0.0012201277595282,0,0
PC386836,0.0285962954790741,0,0
PC387010,0.0608450919389725,0,0
PC387061,0.103248900916678,0,0
PC387211,0.226661711931229,0,0
PC387304,0.0169367323904819,0,0
PC387334,0.135511589033644,0,0
PC387360,0.450817197561264,0,0
PC387447,0.115527994159994,0,0
PC387474,0.0094430425937118,0,0
PC387477,0.0306875711584482,0,0
PC387537,2.40774966187018e-07,0,0
PC387576,0.0922829080473577,0,0
PC387721,0.0091236094748514,0,0
PC387724,0.146018063763575,0,0
PC387735,0.333036921393704,0,0
PC387780,0.201730132312841,0,0
PC387822,0.0008503577828052,0,0
PC388061,0.0819768226279569,0,0
PC388094,0.917507507408646,1,1
PC388110,0.0345588080845596,0,0
PC388119,0.0085587307215276,0,0
PC388155,0.783808588981628,0,1
PC388190,0.0221136454492807,0,0
PC388218,0.0079863555729389,0,0
PC388317,0.144104899803672,0,0
PC388318,0.0159825789971802,0,0
PC388446,0.0003510608768311,0,0
PC388640,0.130475733181051,0,0
PC388748,0.193653523810619,0,0
PC388823,0.058817589846183,0,0
PC389066,1.48764647677464e-05,0,0
PC389638,0.0140290272433869,0,0
PC389725,0.164791466347102,0,0
PC389848,0.655622895098915,1,1
PC389886,0.0151871817319521,0,0
PC389987,0.113778504925423,0,0
PC389996,0.113749594786783,0,0
PC390020,0.0483450663188456,0,0
PC390063,0.299876750917504,0,0
PC390111,0.800306004084898,0,1
PC390210,0.887033104896545,0,1
PC390315,0.0090973734589423,0,0
PC390341,0.115068891722812,0,0
PC390355,0.172725491838242,0,0
PC390385,0.124909264617336,0,0
PC390424,0.225711675287618,0,0
PC390442,0.825358927249908,0,1
PC390542,0.172287907304274,0,0
PC390593,0.0291701737348433,0,0
PC390845,0.416149942707938,1,0
PC391314,0.0625915146209544,0,0
PC391385,0.128373175296326,0,0
PC391387,0.0002236286818515,0,0
PC391485,0.133550941944122,0,0
PC391684,0.0465791981242247,0,0
PC391805,0.0583209869176447,0,0
PC391886,0.367099225521088,0,0
PC391918,0.265473666093035,0,0
PC392096,0.187633916493354,0,0
PC392150,0.0001016313843847,0,0
PC392166,0.0600785425439017,0,0
PC392283,0.004982146543796,0,0
PC392288,0.356802749877488,0,0
PC392415,0.106494767576376,0,0
PC392485,0.173574091114374,0,0
PC392511,0.840383228207134,1,1
PC392525,0.119558530571186,0,0
PC392660,0.1870491039684,0,0
PC392667,0.13457790017128,0,0
PC392675,0.0274673536681469,0,0
PC392710,0.0310613385263,0,0
PC392948,0.109206599172408,0,0
PC392952,0.464722232334773,0,0
PC393131,0.289124825771066,1,0
PC393182,0.0272787564894468,0,0
PC393482,0.0055979965254664,0,0
PC393587,0.983300136626499,1,1
PC393654,0.525409524735856,0,1
PC393748,0.130615982559177,0,0
PC394035,0.0311653465032578,0,0
PC394036,0.0177523298629238,0,0
PC394140,0.485074547448926,0,0
PC394230,0.0128299143178089,0,0
PC394300,0.0375852882862091,0,0
PC394435,0.397261936976192,0,0
PC394485,0.204563261308633,1,0
PC394493,0.589433962833209,0,1
PC394548,0.0393763372663328,0,0
PC394554,0.253348990377643,0,0
PC394658,0.124545104801655,0,0
PC394788,0.0019312486983835,0,0
PC394800,0.963408364813114,1,1
PC394923,0.147226687945143,1,0
PC394945,0.004687547883658,0,0
PC395100,0.0072759021257052,0,0
PC395151,0.478382128599549,1,0
PC395421,0.0651973212676736,0,0
PC395476,0.155809208904911,0,0
PC395597,0.145026177167892,0,0
PC395674,0.589802771635968,1,1
PC395677,0.0002596565144684,0,0
PC395728,0.0461357514581228,0,0
PC395973,0.0306497401802082,0,0
PC396118,0.0494851842522621,0,0
PC396192,0.0112528703881033,0,0
PC396196,0.0364115040300163,0,0
PC396230,0.0468220442253192,0,0
PC396255,0.543928674107989,1,1
PC396478,0.0505343656553779,0,0
PC396568,0.0967798563636768,0,0
PC396577,0.0587123202962604,0,0
PC396748,0.0203238895025181,0,0
PC396953,0.0065144330702525,0,0
PC397027,0.0012741917744278,0,0
PC397081,0.435807623940107,0,0
PC397141,0.000356594787428,0,0
PC397186,0.141119620665074,0,0
PC397222,0.930274765534114,0,1
PC397252,0.0165969493924662,0,0
PC397284,0.222909817638263,0,0
PC397343,0.0002270241675432,0,0
PC397472,0.0218761789221489,0,0
PC397495,0.0311634328176005,0,0
PC397511,0.0376672433181243,0,0
PC397611,0.171075033803728,1,0
PC397735,0.952573944760867,1,1
PC397745,0.763279855225296,0,1
PC397770,0.0417694468757468,0,0
PC397789,0.015818914398551,0,0
PC397799,0.0083019121575365,0,0
PC398187,0.0016811446509541,0,0
PC398233,0.0535370532335813,0,0
PC398265,0.0766663998365402,0,0
PC398425,0.443233157323155,0,0
PC398518,0.0044479404718146,0,0
PC398783,0.0002925134444834,0,0
PC399180,0.0147410388233076,0,0
PC399200,0.002837744087736,0,0
PC399201,0.0725733181191183,0,0
PC399208,0.861175557929667,0,1
PC399353,0.628467638017539,0,1
PC399361,0.0878958744028026,0,0
PC399589,0.763799354008266,0,1
PC399758,0.280565112829208,0,0
PC399893,0.256776483536181,0,0
PC400024,0.208230616673416,0,0
PC400239,0.0199105793068132,0,0
PC400293,0.0139171201735735,0,0
PC400421,0.55752412887295,0,1
PC400433,0.290229788709179,0,0
PC400509,0.0003657251344869,0,0
PC400528,0.0039020787581061,0,0
PC400756,0.0072406330145895,0,0
PC400800,0.363606507446806,0,0
PC400927,0.908286153148475,1,1
PC400937,0.696705773961883,0,1
PC401022,0.0334700173520939,0,0
PC401062,0.0003198682097718,0,0
PC401143,0.0477176589089901,0,0
PC401542,0.0004474679431454,1,0
PC401763,0.0478480358074891,1,0
PC401770,0.502173667201539,1,1
PC401855,0.109243896522315,0,0
PC401900,0.159357705636134,0,0
PC401952,0.0398820429585566,0,0
PC402013,0.129159837961197,0,0
PC402062,0.082643905447589,0,0
PC402088,0.0015029549282833,0,0
PC402124,0.292797427274362,0,0
PC402197,5.54294844434134e-06,0,0
PC402272,0.105653448030353,0,0
PC402308,0.012314707376496,0,0
PC402384,0.111078168566889,1,0
PC402425,0.0178735732741574,0,0
PC402448,0.0476712735467836,0,0
PC402551,0.0815868548360352,0,0
PC402729,0.0643095767138781,0,0
PC402939,0.0168792648363287,0,0
PC402950,0.0021119441371411,0,0
PC402966,0.130344430183592,0,0
PC403189,0.0010253025684505,0,0
PC403299,0.0020389080493223,0,0
PC403314,0.0278730919211976,0,0
PC403325,0.0628637430574271,0,0
PC403340,0.012408903735404,0,0
PC403392,0.02688465859196,0,0
PC403492,0.0253441455709033,0,0
PC403525,0.527921063209779,1,1
PC403657,0.043007189948155,0,0
PC403751,0.0259583927690983,0,0
PC404012,0.975296914577484,1,1
PC404187,0.0004164674319326,0,0
PC404190,0.170218570710005,0,0
PC404239,0.0001541419915156,0,0
PC404456,0.000581370271544,0,0
PC404498,0.113418120962153,0,0
PC404560,0.0653136420578673,0,0
PC404633,0.101058409232454,0,0
PC404728,0.0881119983249836,0,0
PC404772,0.051842720667245,0,0
PC404786,0.0894670985640521,0,0
PC404845,0.0289838253340253,0,0
PC404882,0.280662068856329,0,0
PC405016,0.0265488453983267,0,0
PC405068,0.0172448772937059,0,0
PC405071,0.0903541531031016,0,0
PC405086,0.10112314207431,0,0
PC405181,0.0221324306720741,0,0
PC405266,0.170122250706678,0,0
PC405327,0.173088018388785,0,0
PC405349,0.0753070358734797,0,0
PC405382,0.100651212604325,0,0
PC405394,0.0575447732780399,0,0
PC405404,0.0215955566167439,0,0
PC405465,0.516498792171479,0,1
PC405502,0.0080491648986935,0,0
PC405585,0.0192713345868308,0,0
PC405593,0.0055012138969174,0,0
PC405653,0.0485441088676453,0,0
PC405656,0.0290508634898047,0,0
PC405805,0.10586596995565,0,0
PC405881,0.0509069625281572,0,0
PC405918,0.815589408067432,0,1
PC406001,0.152938256619775,0,0
PC406043,0.291874459066355,0,0
PC406096,0.245915352210759,0,0
PC406322,0.415311843156815,0,0
PC406593,0.0106266047805548,0,0
PC406657,0.0541158779510198,0,0
PC406782,0.550192779376706,1,1
PC406907,0.0806742907764334,0,0
PC407058,0.0480972453951836,0,0
PC407071,0.0028130723094213,0,0
PC407166,0.105157696928798,0,0
PC407489,0.146955681319284,0,0
PC407624,0.0567896217107773,0,0
PC408100,0.770962728810273,1,1
PC408107,0.0064954658408909,0,0
PC408231,0.0740075738934532,1,0
PC408367,0.0603916795588419,0,0
PC408368,0.0645360895939687,0,0
PC408418,0.0007540785691298,0,0
PC408559,0.0228461975603852,0,0
PC408560,0.0400357837482987,0,0
PC408695,3.02130052877284e-05,0,0
PC408721,0.0136899527947276,0,0
PC408757,0.0005553163355216,0,0
PC408809,0.240734779101642,0,0
PC408878,0.220209110891913,0,0
PC409014,0.148495558318546,0,0
PC409059,0.0177745401165405,0,0
PC409065,0.0003158922260651,0,0
PC409229,0.0102623568403739,0,0
PC409246,0.0326915179124058,0,0
PC409385,0.0004132211615797,0,0
PC409388,0.0750325880773806,0,0
PC409389,0.728357403896942,1,1
PC409452,0.0626769807235842,0,0
PC409590,0.0212268890125777,0,0
PC409654,0.492401819466882,1,0
PC409664,0.438775963253445,1,0
PC409789,0.0544570546143273,0,0
PC409986,0.0268995221704245,0,0
PC410396,0.0132450822521216,0,0
PC410443,0.0871107977503601,0,0
PC410552,0.0690203821412365,0,0
PC410693,0.0393459627078968,0,0
PC410910,0.0250359773635864,0,0
PC410915,0.112312184945726,0,0
PC410984,0.81622136015542,0,1
PC411108,0.293416079778182,0,0
PC411114,0.413916514524187,0,0
PC412172,0.0159733151949663,0,0
PC412203,0.722092584611412,1,1
PC412242,0.133578033572855,0,0
PC412366,0.263998819698152,0,0
PC412417,0.0422778502439878,0,0
PC412442,0.0176242258609937,0,0
PC412620,0.0009931848763427,0,0
PC412621,0.0399825561509068,0,0
PC412643,4.94112646265421e-05,0,0
PC412744,0.0789558038163278,0,0
PC412851,0.130682334303856,0,0
PC412979,0.0024177428151782,0,0
PC413108,0.298904180526733,0,0
PC413145,0.0214606289766304,0,0
PC413183,0.0117952043233305,0,0
PC413299,0.0019710342137986,0,0
PC413304,0.0082962415961934,0,0
PC413471,0.0013907545103342,0,0
PC413480,0.0045594267664428,0,0
PC413539,0.126498535667595,0,0
PC413615,0.0159824707644398,0,0
PC413666,0.0586473132806408,0,0
PC413713,0.0586528446827012,0,0
PC413845,0.128569257998113,0,0
PC413948,0.0019870113488327,0,0
PC414040,0.0639099624585752,0,0
PC414198,0.0097280163317918,0,0
PC414488,0.017930726344521,0,0
PC414589,0.0447383336722851,0,0
PC414731,0.0571142300589019,0,0
PC414735,0.151837036013603,0,0
PC414738,0.179126383594722,0,0
PC414863,0.0015458761462557,0,0
PC414908,0.176490895013155,0,0
PC414997,0.0774728955887401,0,0
PC415359,5.94949140612895e-05,0,0
PC415365,0.169802697410699,1,0
PC415432,0.441253625201161,1,0
PC415705,0.0031137043264609,0,0
PC415752,0.0190367624163628,0,0
PC415800,0.152670459879116,0,0
PC415959,0.400609870919906,0,0
PC415968,0.0280620090856361,0,0
PC416015,0.0089183307121533,0,0
PC416180,0.16967683838962,0,0
PC416275,0.338997852093202,1,0
PC416350,0.0829942929630457,0,0
PC416355,0.0057923651879414,0,0
PC416407,0.044332232798489,0,0
PC416550,0.178845662410092,0,0
PC416761,0.0301955639708626,0,0
PC416812,0.0201144428744782,0,0
PC416850,0.297249077653672,0,0
PC416876,0.326455100879564,1,0
PC417106,0.0113472897363337,0,0
PC417136,0.0153606770514974,0,0
PC417186,0.0028526465512665,0,0
PC417271,0.137561640489596,1,0
PC417331,0.0181037649717622,0,0
PC417616,0.0329291896488365,0,0
PC417635,0.152388941961276,0,0
PC417657,0.265365587547421,0,0
PC417696,0.0001271163993333,0,0
PC417705,0.362495882464379,0,0
PC417785,0.211371422131449,0,0
PC417918,0.636800663666514,1,1
PC418082,0.0273638611651105,0,0
PC418172,0.0020220985170453,0,0
PC418341,0.0694692364683909,0,0
PC418477,0.0687066265159518,0,0
PC418535,0.0561410523951054,0,0
PC418710,0.0152527955888204,0,0
PC418744,0.197035212046418,0,0
PC418904,0.505259709240432,1,1
PC419130,0.622086458407755,0,1
PC419295,0.989729463952782,1,1
PC419311,0.0788745242140582,0,0
PC419398,0.0380777905181963,0,0
PC419443,0.775230169296265,0,1
PC419531,0.154667906841989,0,0
PC419623,0.0388753921008026,0,0
PC419793,0.0127910499190122,0,0
PC419864,0.0002385543098383,0,0
PC419874,0.0146310568896209,0,0
PC419918,0.0049114451964966,0,0
PC420226,0.211674866622475,0,0
PC420316,0.0001678473927313,0,0
PC420533,0.0018085978226736,0,0
PC420561,0.0264629634135012,0,0
PC420586,0.257130941675535,1,0
PC420602,0.19480135338991,1,0
PC420664,0.358077501847588,0,0
PC420772,0.0225323345512152,0,0
PC420824,0.0310722977885947,0,0
PC421034,0.25158608237318,0,0
PC421289,0.0124691310966534,0,0
PC421373,0.0010760000441223,0,0
PC421466,0.562523164610311,1,1
PC421489,0.0004141668905504,0,0
PC421516,0.0890306750887231,0,0
PC421641,0.0010600860398336,0,0
PC421697,0.0634057232280178,0,0
PC421924,0.0059601741998067,0,0
PC422059,0.0122756118240348,0,0
PC422120,0.0064104783454218,0,0
PC422164,0.753288964271926,1,1
PC422377,0.106600493192673,0,0
PC422539,0.291893823837504,0,0
PC422611,0.0119800250977278,0,0
PC422624,0.13104001375109,0,0
PC422828,0.0015449689235538,0,0
PC422916,0.0402791015803814,0,0
PC422968,0.022460519772979,0,0
PC423006,0.314095828432332,1,0
PC423067,0.156843138592583,0,0
PC423100,0.0001707073388388,0,0
PC423127,0.0568466738742941,0,0
PC423138,0.0011664214213363,0,0
PC423250,0.145995720947555,0,0
PC423352,0.129206518534311,0,0
PC423371,0.121945754936932,0,0
PC423374,0.0310836379370001,0,0
PC423459,0.0252381023858581,0,0
PC423486,0.0011564938258794,0,0
PC423631,0.173305215514958,0,0
PC423763,0.42388579249382,0,0
PC424032,0.191764804737075,0,0
PC424082,0.0891294386063782,0,0
PC424231,0.0110214242516364,0,0
PC424347,0.0643690079450607,0,0
PC424690,0.0256875880817904,0,0
PC424887,0.200492235556714,1,0
PC425023,0.0572165441834955,0,0
PC425135,5.6859127653297e-05,0,0
PC425145,0.390967173982938,1,0
PC425147,0.0490632568505237,0,0
PC425174,0.372026288699452,1,0
PC425260,0.0170160327106714,0,0
PC425318,0.108109239058015,0,0
PC425450,0.0515652592949686,0,0
PC425481,0.0024945063050836,0,0
PC425712,0.301526640885187,0,0
PC425764,0.0570924554389125,0,0
PC425787,0.0961939692497253,0,0
PC425814,0.00231049898423,0,0
PC425838,0.336509089315219,0,0
PC426398,0.0005439001999422,1,0
PC426403,0.863220274448395,0,1
PC426498,0.201733781553225,0,0
PC426548,0.153162474355657,0,0
PC426643,0.0097622097489394,0,0
PC426764,0.0122140864397611,0,0
PC426786,0.0125052617974984,0,0
PC426790,0.0451981411521428,0,0
PC426825,0.47539994887916,0,0
PC426908,0.0165330036312784,0,0
PC426947,0.0100932801142335,0,0
PC426987,0.143959294236232,0,0
PC426988,0.0018947480712086,0,0
PC427067,0.0001438238541595,0,0
PC427335,0.325595000188896,1,0
PC427364,0.082594022154808,0,0
PC427436,0.0881972874969592,0,0
PC427496,0.0010544252581894,0,0
PC427604,0.0107105139133362,0,0
PC427661,0.0405316748298132,0,0
PC427678,0.0908524958814493,0,0
PC427755,0.208115020748726,0,0
PC428138,0.227135994840796,0,0
PC428181,0.388814964742394,1,0
PC428239,0.27234194047597,0,0
PC428334,0.0022883636342523,0,0
PC428531,0.0378326654924306,0,0
PC428546,0.0940366502133955,0,0
PC428673,0.714837442577478,1,1
PC428751,0.341145100112204,0,0
PC428773,0.109446913605366,0,0
PC428800,0.0032735946665314,0,0
PC428837,0.0550899095833302,0,0
PC428910,0.0139168912433242,0,0
PC429004,0.102256557766712,0,0
PC429156,0.352872555473245,0,0
PC429306,0.0033763280359077,0,0
PC429382,0.0694164249902637,0,0
PC429415,0.003550985828042,0,0
PC429534,0.242967346897865,0,0
PC429573,0.043619230389595,0,0
PC429830,0.114090512330468,0,0
PC429918,0.0604847673920617,0,0
PC430095,0.102382248587769,0,0
PC430149,0.0624830611050129,0,0
PC430252,0.168895539352001,0,0
PC430303,0.0389533344920024,0,0
PC430451,0.30006515464022,1,0
PC430635,0.471649527549744,0,0
PC430664,0.0437929928882899,0,0
PC430784,0.259472998752759,1,0
PC430881,0.522870664219827,1,1
PC431109,0.0198098228225043,0,0
PC431188,0.0453336548128234,0,0
PC431385,0.0249568234533954,0,0
PC431416,0.0640453179600616,0,0
PC431457,0.0891387909650803,0,0
PC431496,0.237475754088395,0,0
PC431744,0.117906031509928,0,0
PC431867,0.00513875932067,0,0
PC432027,0.029041662812233,0,0
PC432155,0.0174823858233882,0,0
PC432158,0.0505953399400747,0,0
PC432269,0.226675220392772,1,0
PC432334,0.0248229431648556,0,0
PC432500,0.0464932463476679,0,0
PC432651,0.209205930150565,0,0
PC433086,0.383599686559175,0,0
PC433158,0.352684170007706,0,0
PC433305,0.214666357824643,0,0
PC433333,0.222861719912408,0,0
PC433505,0.0013474514707922,0,0
PC433592,0.813807524118332,1,1
PC433603,3.67596760418862e-05,0,0
PC433798,0.0075263667211692,0,0
PC433832,0.0039853509515523,0,0
PC433886,0.0518688559532166,0,0
PC433965,0.0057751625279864,0,0
PC434289,0.0631073000121614,0,0
PC434433,0.465664581350576,1,0
PC434498,0.319293800897882,0,0
PC434674,0.766146733143136,1,1
PC434708,0.0026319827921239,0,0
PC434791,0.44178857480673,0,0
PC434866,0.0870608490151287,0,0
PC434872,0.129752980979757,0,0
PC434958,0.511426386908025,1,1
PC435109,0.0287279413474061,0,0
PC435147,0.0006679429738541,0,0
PC435217,0.29535968407123,0,0
PC435228,0.0285581908674829,0,0
PC435541,0.0407453235201363,0,0
PC435692,0.133326326364793,0,0
PC435787,0.0292858398046721,0,0
PC435907,0.0482828449074623,0,0
PC436248,0.0008993448573164,0,0
PC436252,0.168796043208544,0,0
PC436274,0.0001717192644719,0,0
PC436312,0.209400549316963,1,0
PC436461,0.315948393754384,0,0
PC436724,9.78738462436013e-05,0,0
PC436971,0.241829111825873,0,0
PC437076,0.0293829347938299,0,0
PC437101,0.314822731001521,0,0
PC437220,0.0193653132942277,0,0
PC437346,0.0005486836889758,0,0
PC437405,0.305907460756001,0,0
PC437421,0.0438038673245106,0,0
PC437437,0.0211066596561903,0,0
PC437550,0.0223086920472115,0,0
PC437606,0.546299127208722,1,1
PC437685,0.19750776879826,0,0
PC437754,0.0512422729998351,0,0
PC437772,4.8842821342987e-06,0,0
PC437797,0.0127506336458982,0,0
PC438080,0.0003288158823533,0,0
PC438081,0.035989085562263,0,0
PC438358,0.0525366646956794,1,0
PC438442,0.0217916791169149,0,0
PC438553,0.113750221494907,0,0
PC438659,0.0223943181335926,0,0
PC438662,0.0852208829736001,0,0
PC438773,0.334238212302135,0,0
PC439007,0.42618139444528,0,0
PC439132,0.0019491862392698,0,0
PC439138,0.133140186069427,0,0
PC439254,0.263196385048073,0,0
PC439324,0.0134522345837354,0,0
PC439350,0.0837267678065592,0,0
PC439361,0.0175814975726933,0,0
PC439483,0.0039272746941336,0,0
PC439611,0.0174611783415577,0,0
PC439685,0.160344869309354,0,0
PC439699,0.267178098013351,1,0
PC439813,0.0209913792677213,0,0
PC439886,0.061029558977993,0,0
PC439887,0.0605616423583703,0,0
PC439945,0.0158718670292012,0,0
PC439963,0.280101582184479,0,0
PC440155,0.102093808658643,0,0
PC440172,0.0156163553630142,0,0
PC440177,0.279800460727204,0,0
PC440446,0.004928636870021,0,0
PC440697,0.0107897626181476,0,0
PC440729,0.0016756313041677,0,0
PC440768,0.0006805333226003,0,0
PC440849,0.198205417783536,1,0
PC441006,0.0068571117407564,0,0
PC441129,0.0114090694114566,0,0
PC441409,0.001166827394627,0,0
PC441580,0.012278595007956,0,0
PC441650,0.220087996889179,0,0
PC441753,0.0630062968714489,0,0
PC441822,0.252008784846001,0,0
PC441968,0.0215692931449408,0,0
PC442088,0.0848906589455382,0,0
PC442122,0.101038820361665,0,0
PC442227,0.115698409867342,0,0
PC442276,0.0342771020784442,0,0
PC442399,0.0047039733490101,0,0
PC442433,0.0588519661516239,0,0
PC442465,0.34887499902568,1,0
PC442492,0.047824156631025,0,0
PC442522,0.26719737706114,0,0
PC442639,0.0147613482302533,0,0
PC442785,8.56999999330654e-05,0,0
PC442838,0.0694654506660007,0,0
PC442916,0.63273143901123,1,1
PC443118,0.0538876108735441,0,0
PC443122,0.192393258395458,0,0
PC443169,0.424492781319894,1,0
PC443276,0.0682505027954919,0,0
PC443334,0.0127710802480578,0,0
PC443499,0.737060637069055,1,1
PC443540,0.171547546982765,0,0
PC443562,0.0882143642998598,0,0
PC443639,0.0314789453944817,0,0
PC443660,0.0033776987999544,0,0
PC444189,0.0010898634791374,0,0
PC444205,0.0542128712243365,0,0
PC444322,0.0703612431463016,0,0
PC444330,0.0198002170437752,0,0
PC444468,0.0024613940714914,0,0
PC444553,0.039552557064551,0,0
PC444557,0.543127057717201,1,1
PC444829,0.184620419012408,1,0
PC444892,0.0374824808331389,0,0
PC444915,0.210204418091213,0,0
PC445195,0.0403538243354935,0,0
PC445201,0.138316303491592,0,0
PC445487,0.0722343563510206,0,0
PC445654,0.0184214401661085,0,0
PC445711,0.786652144666348,0,1
PC445796,3.68632549907488e-06,0,0
PC445917,0.0105826097979145,1,0
PC445947,0.0056477952748537,0,0
PC446173,0.0028154210130418,0,0
PC446297,0.20675978064537,0,0
PC446329,0.0588872438377918,0,0
PC446483,0.0461601038909637,0,0
PC446697,0.0111347548663616,0,0
PC446952,0.0038617798737088,0,0
PC447165,0.0071239064746578,0,0
PC447189,0.074815365511833,0,0
PC447412,0.886135410518018,1,1
PC447429,0.13317270446242,0,0
PC447694,0.0743964423276776,0,0
PC447824,0.018013221997402,0,0
PC447873,0.0192117017413962,0,0
PC447896,0.0047105089761316,0,0
PC448212,0.0608411304288565,0,0
PC448259,0.0970319027028729,0,0
PC448280,0.0025176757481499,0,0
PC448312,0.192796070182358,0,0
PC448672,0.435425008055432,0,0
PC448863,0.240937906739995,0,0
PC448990,0.0469115104642697,0,0
PC449114,0.0016587615245953,0,0
PC449224,0.0184555604473916,0,0
PC449248,0.0249626975881111,0,0
PC449302,0.0023062579913001,0,0
PC449422,0.15646767958721,0,0
PC449477,0.605052053928375,0,1
PC449487,0.0411833332179576,0,0
PC449573,0.26777857542038,0,0
PC449699,0.589881063529872,1,1
PC449777,0.484571332555223,0,0
PC449877,0.438329399517267,1,0
PC449914,0.106535820924953,0,0
PC449935,0.0258716085674581,0,0
PC449965,0.104557589279494,1,0
PC449975,0.0127163781802146,0,0
PC450017,0.337843672446678,0,0
PC450045,0.887523889541626,1,1
PC450364,0.0002439975505694,0,0
PC450388,0.368541449308395,0,0
PC450529,0.008028638178489,0,0
PC450547,0.300188740864617,0,0
PC450601,0.0177495808194841,0,0
PC450723,0.438396815643754,0,0
PC450911,0.409425914287567,0,0
PC450964,0.0678830121996276,0,0
PC450973,0.0045192753953963,0,0
PC451046,0.0224270559664444,0,0
PC451072,0.0862633078848577,0,0
PC451243,0.0060507881201497,0,0
PC451334,0.0281258393079042,0,0
PC451495,0.256788290812397,1,0
PC451499,0.16668445098781,0,0
PC451829,0.366835258077076,0,0
PC451846,0.025626873212826,0,0
PC451928,0.155316049125619,1,0
PC451981,0.0653707973959125,0,0
PC451987,0.0734606483355379,0,0
PC452030,0.192755370607445,0,0
PC452101,0.19338434715192,0,0
PC452135,0.0372936957845251,0,0
PC452196,0.187647497320215,0,0
PC452326,0.0408987952571995,0,0
PC452395,0.273245882412477,0,0
PC452433,0.088704748048308,1,0
PC452472,0.0678473565467569,0,0
PC452696,0.0405861064791679,0,0
PC452708,0.0267473064212926,0,0
PC452876,0.628244936466217,0,1
PC452913,0.0939128988559479,0,0
PC453043,0.0042652664489611,0,0
PC453121,0.0234964228113083,0,0
PC453575,0.0401363810531128,0,0
PC453630,0.0001594677039659,0,0
PC453805,0.0191587205499673,0,0
PC453910,0.652644241954289,1,1
PC453956,0.074778395736016,0,0
PC453962,0.300167769193649,0,0
PC453967,0.0011848520549946,0,0
PC454211,0.164881974800947,0,0
PC454422,0.109905062981372,0,0
PC454514,0.0649707883355502,0,0
PC454537,0.0123715359303686,0,0
PC454573,0.240297781191689,0,0
PC454581,0.0076757763190039,0,0
PC454603,0.006868145480191,0,0
PC454742,0.870028614997864,1,1
PC454768,0.0064576081233458,0,0
PC454865,0.0120697642690433,0,0
PC454973,0.0746505015562745,0,0
PC454980,0.728577511327145,0,1
PC455255,0.264257432501774,0,0
PC455409,0.920206009247981,1,1
PC455509,0.0154440257754682,0,0
PC455520,0.0849264983102699,0,0
PC455571,0.103348393738269,0,0
PC455914,0.0847462909485937,0,0
PC456023,0.157585689578863,0,0
PC456061,0.0067000249925416,0,0
PC456114,0.156270975292169,0,0
PC456129,0.510916800283995,0,1
PC456216,0.0024830848948719,0,0
PC456274,0.435403913986393,0,0
PC456566,0.714715744073297,1,1
PC456751,0.101557738346242,0,0
PC456834,0.220751692322723,0,0
PC456895,0.0380612164735794,0,0
PC456921,6.31401690043276e-06,0,0
PC457169,0.0738565204148345,0,0
PC457176,0.24795270798976,0,0
PC457267,0.0035105528008631,0,0
PC457510,0.07756644196459,0,0
PC457727,0.011815332493168,0,0
PC457802,0.263842604509632,0,0
PC457813,0.0425273440778255,0,0
PC457884,0.197369506285144,0,0
PC457917,0.404402572456185,0,0
PC457934,0.0118182560970011,0,0
PC458238,0.0121995120833887,0,0
PC458635,0.0158080211154085,0,0
PC458739,0.0307743293624893,0,0
PC459154,0.534550246002639,1,1
PC459202,0.192328427793747,0,0
PC459376,0.246855687865582,0,0
PC459564,0.0431368882768408,0,0
PC459632,0.127248673683891,0,0
PC459819,0.990269303321838,0,1
PC459979,0.0317807136034796,0,0
PC460144,0.265968595303044,0,0
PC460181,0.362260820084312,0,0
PC460220,0.0408329663935247,0,0
PC460276,0.186971374182055,0,0
PC460670,0.038471411908814,0,0
PC460790,0.0111690429801291,0,0
PC460808,0.0205593813923315,0,0
PC460822,0.0568283728624276,0,0
PC460920,0.0855853088461165,0,0
PC460954,0.0304783515590438,0,0
PC461020,0.185477869851249,0,0
PC461148,0.365000347815343,0,0
PC461236,0.0051533529572438,0,0
PC461304,0.0221804112344249,0,0
PC461375,0.0323301334755076,0,0
PC461443,0.358014244486346,1,0
PC461610,0.0075420622408462,0,0
PC461729,0.0052427286282181,0,0
PC461901,0.0614690631628036,0,0
PC462007,0.20325266168258,0,0
PC462014,0.373266706548285,0,0
PC462057,0.892328138108802,0,1
PC462076,0.264024309482915,0,0
PC462120,0.0989276135598744,0,0
PC462241,0.006745180580765,0,0
PC462357,0.106988206533691,0,0
PC462462,0.0300037070576399,0,0
PC462668,0.0148521503433585,0,0
PC462695,0.207631965708054,0,0
PC462729,0.366276628660672,0,0
PC462956,0.683374609146918,0,1
PC463111,0.0162258548277274,0,0
PC463216,0.000380722398404,0,0
PC463439,0.351040177515394,0,0
PC463455,0.0585204450449905,0,0
PC463507,0.212373546087572,1,0
PC463525,0.0290792282575216,0,0
PC463596,0.246650194514427,0,0
PC463688,0.281202435493469,0,0
PC463850,0.0445997334803473,0,0
PC463975,0.0007846996886655,0,0
PC463978,0.0022184151558321,0,0
PC464022,0.13614608592625,0,0
PC464077,0.391309916973114,0,0
PC464436,0.80229833193819,1,1
PC464509,0.0215042989761536,0,0
PC464768,0.0425704399813972,0,0
PC464798,0.0128784620692487,0,0
PC465031,0.0100994827742971,0,0
PC465115,0.484294481623735,0,0
PC465352,0.0320874974131584,0,0
PC465406,0.130290662941138,0,0
PC465472,6.50074662189581e-06,0,0
PC465613,0.002183575881645,0,0
PC465778,0.0906297338203848,0,0
PC465877,0.249053120613098,0,0
PC466074,0.510460222173632,0,1
PC466363,0.0839022753850395,0,0
PC466430,0.717121353076195,0,1
PC466668,0.290145546727668,1,0
PC466783,0.0295330663145436,0,0
PC466886,0.103042044377855,0,0
PC467041,0.0747469816676052,0,0
PC467221,0.982131702936207,1,1
PC467271,0.130605050444514,0,0
PC467485,0.0577936458591177,0,0
PC467519,0.001418801674778,0,0
PC467647,0.213013082742691,0,0
PC467801,0.0512262033392531,0,0
PC468003,0.254280537366867,0,0
PC468114,0.388031384550801,1,0
PC468284,0.0597244614171031,0,0
PC468313,0.01870843069433,0,0
PC468572,0.238115946983342,0,0
PC468726,0.057838101638481,0,0
PC468911,0.117781798725646,0,0
PC468930,0.0222139290133536,0,0
PC469122,0.0365481525659561,0,0
PC469155,0.0936995071453044,0,0
PC469158,0.0047518097733814,0,0
PC469199,0.0214765498792365,0,0
PC469461,0.0414456556419898,0,0
PC469528,0.0548980260047687,0,0
PC469705,0.0336689984664603,0,0
PC469899,0.0015841610729694,0,0
PC470073,0.100643077161181,0,0
PC470223,0.0328595164683786,0,0
PC470283,0.55345231294632,0,1
PC470300,0.0326684089917527,0,0
PC470558,7.32591724954545e-05,0,0
PC470754,0.0735597810357717,0,0
PC470943,0.47598591303144,1,0
PC471040,0.249747676177055,0,0
PC471098,0.185317966724003,0,0
PC471152,0.0633596096720013,1,0
PC471157,0.002223185962066,0,0
PC471208,0.186637832055351,0,0
PC471298,0.0595230534672737,0,0
PC471439,0.13853214192343,0,0
PC471581,0.174217741897814,0,0
PC471614,0.0014254577690735,0,0
PC471674,0.063970278778137,0,0
PC471804,0.236513078212738,0,0
PC471929,0.586137533187866,0,1
PC471968,0.330164220133302,0,0
PC472014,0.0370758498456434,0,0
PC472238,0.109034501734909,0,0
PC472352,0.0357033085451819,0,0
PC472357,0.139759071411625,0,0
PC472391,0.131195936093661,0,0
PC472508,0.0383777259914521,0,0
PC472577,0.0472545898149884,0,0
PC472639,0.0415204219268949,0,0
PC472915,0.0071911491432074,0,0
PC473034,5.45102103062863e-05,0,0
PC473091,0.214326977155209,0,0
PC473162,0.0002604935382725,0,0
PC473211,0.111378886936427,0,0
PC473296,0.0229146261603641,0,0
PC473380,0.0035304313955398,0,0
PC473501,0.180047464188843,0,0
PC473640,0.0423326069468245,0,0
PC473819,0.0317245719447328,0,0
PC474008,0.104426397439123,0,0
PC474068,0.025068873539567,0,0
PC474076,0.00490267461791,0,0
PC474213,0.976541356368639,1,1
PC474244,0.0275604524343719,0,0
PC474420,0.0310779307037592,0,0
PC474452,0.330277295920034,0,0
PC474489,0.0008293066484701,0,0
PC474568,0.0471878747661027,0,0
PC474573,0.569324729253792,1,1
PC474684,0.0509997180808861,0,0
PC474720,0.0780877247452736,0,0
PC474809,0.572463547646664,0,1
PC475237,0.250408216788871,0,0
PC475347,0.236546041188242,0,0
PC475424,0.107858895774811,0,0
PC475432,0.398841044229488,0,0
PC475479,0.365722694691826,0,0
PC475559,0.29810475282632,0,0
PC475772,0.0203003697097301,0,0
PC475978,0.0274269397323307,0,0
PC476243,0.0959061021544633,0,0
PC476292,0.0128042147700846,0,0
PC476529,0.108492520566604,1,0
PC476569,0.0895467173898877,1,0
PC476589,0.0156725282256886,0,0
PC476604,0.038678344956071,0,0
PC476674,0.0329778040029916,0,0
PC476738,0.0081339285898989,0,0
PC476756,0.481520747239986,0,0
PC476785,0.264980740381008,0,0
PC476786,0.0113908355825679,0,0
PC477095,0.227216624642898,0,0
PC477200,0.0170586432464427,0,0
PC477213,0.021626403555274,0,0
PC477326,0.0867484282527642,0,0
PC477337,0.026948347097466,0,0
PC477355,0.0084772282463931,0,0
PC477356,0.0270408722638416,0,0
PC477380,0.227560964939387,1,0
PC477404,0.0001382116047504,0,0
PC477590,0.330701887607574,0,0
PC477736,0.0187054816633463,0,0
PC477841,0.126451209131362,0,0
PC477955,0.0010067563917901,0,0
PC478006,0.0378642788399821,0,0
PC478027,0.0250093527138233,0,0
PC478175,0.0989143840229136,0,0
PC478191,0.462334022757823,0,0
PC478259,0.0901311559787204,0,0
PC478276,0.688351758098966,0,1
PC478306,0.37809600580791,0,0
PC478308,0.0382141172885895,0,0
PC478338,0.0410610102117062,0,0
PC478494,0.0689156043502405,0,0
PC478655,0.0480789355687355,0,0
PC478661,0.689354419708252,0,1
PC478821,0.01878104765235,0,0
PC478876,0.0514362081885338,0,0
PC479023,0.0282166283577681,0,0
PC479128,0.241294624933493,0,0
PC479163,0.0389724858629872,0,0
PC479242,0.173139808043628,0,0
PC479340,0.0247030302682498,0,0
PC479396,0.0199532233920252,0,0
PC479522,0.594407284759102,1,1
PC479534,0.159991125576198,0,0
PC479540,0.0099519304931163,0,0
PC479760,0.210411102348637,0,0
PC480045,0.033702226448906,0,0
PC480063,0.0134847703894586,0,0
PC480089,0.0356067695318759,0,0
PC480225,0.449239315258132,0,0
PC480250,0.0008783167851585,0,0
PC480304,0.0237961315982006,0,0
PC480316,0.0332166608759323,0,0
PC480498,0.0085086036164539,0,0
PC480652,0.0006700377316633,0,0
PC480702,0.0082983924965513,0,0
PC480722,0.0313740185818666,0,0
PC480797,0.0524327680468559,0,0
PC480854,0.0187006653141347,0,0
PC480903,0.0603837102503938,0,0
PC480947,0.0482917506655516,0,0
PC481130,0.132005840527831,0,0
PC481159,0.0094913863495379,0,0
PC481250,0.0117804073512642,0,0
PC481546,0.0264216237529518,0,0
PC481564,0.036263521723073,0,0
PC481566,0.993794303541341,1,1
PC481742,0.0531528522956931,0,0
PC481807,0.426731425269348,1,0
PC481848,0.248976160225703,0,0
PC481920,0.24759873452232,0,0
PC481956,0.0014666730839683,0,0
PC482116,0.0172428928442099,0,0
PC482117,0.0585153162572274,0,0
PC482354,0.849766519028328,0,1
PC482616,0.350336020657281,0,0
PC482668,0.957846522331238,0,1
PC482736,0.0592706518388664,0,0
PC482747,0.836774425186903,0,1
PC482932,0.0817997856526175,0,0
PC482947,0.468719650739458,0,0
PC483049,0.594172253946118,1,1
PC483085,0.758095680119155,0,1
PC483107,0.0149970829863086,0,0
PC483250,0.0454826495109123,0,0
PC483313,0.159102106618571,1,0
PC483702,6.48162480273945e-05,0,0
PC483943,0.0013259076025219,0,0
PC483981,0.212485829996825,0,0
PC484057,0.216403758028617,1,0
PC484348,0.0902944816596069,0,0
PC484415,0.196944416374774,0,0
PC484448,0.0442286804318428,0,0
PC484726,0.0059712413157585,0,0
PC484967,0.353812641198476,0,0
PC485016,0.011923429556191,0,0
PC485038,0.0409803378018811,0,0
PC485131,0.0129899098525953,0,0
PC485143,0.0273943383182092,0,0
PC485252,0.121580081907186,0,0
PC485310,0.261421854633686,0,0
PC485488,0.0715936448909373,0,0
PC485730,0.199331835155107,0,0
PC485887,0.0061207873080292,0,0
PC485896,0.371126741170883,0,0
PC485976,0.0296280109971698,0,0
PC485987,0.277356367743533,0,0
PC485996,0.0231573622187842,0,0
PC486212,0.12572731645749,0,0
PC486264,0.0020286980982653,0,0
PC486443,0.053593423217535,0,0
PC486633,0.260956893510077,0,0
PC486671,0.0731034205110374,0,0
PC486740,0.0132880830756979,0,0
PC486915,0.0881445744557494,0,0
PC486986,0.0004350895111791,0,0
PC486993,0.141736160810679,0,0
PC487093,0.0660827902173774,0,0
PC487183,0.0452891027226168,0,0
PC487265,0.109517305908059,0,0
PC487276,0.0381794050096909,0,0
PC487381,0.0256432483540765,0,0
PC487456,0.118782402464523,0,0
PC487578,0.0270566501712892,0,0
PC487701,0.012449338371612,0,0
PC487725,0.0049291276263717,0,0
PC487777,0.131374790071959,0,0
PC488013,0.0555628849820785,0,0
PC488074,0.0020443900182432,0,0
PC488207,0.246936107603058,1,0
PC488462,0.89826512336731,0,1
PC488723,0.978564785862822,1,1
PC488847,0.135520618109018,0,0
PC488921,0.13623486551139,0,0
PC489030,0.236686935117586,0,0
PC489212,0.106279872357845,0,0
PC489222,0.0154635186825882,0,0
PC489483,0.0043969688990957,0,0
PC489623,0.0272296136920862,0,0
PC489629,0.01946356012731,0,0
PC489755,0.0518141239881516,0,0
PC489991,0.0887573659420013,0,0
PC490013,0.0670389839905803,0,0
PC490055,0.180844918899365,1,0
PC490079,0.0001166035849547,0,0
PC490339,0.0322107525602241,0,0
PC490489,0.0049156674480293,0,0
PC490597,0.0584998321620591,0,0
PC490676,0.0458116497210695,0,0
PC490787,0.010484625508496,0,0
PC490975,0.0143951934688123,0,0
PC490991,0.0133433882147074,0,0
PC491075,0.153158298747313,0,0
PC491159,0.0919220775475095,0,0
PC491234,0.366822089992997,0,0
PC491265,0.03465250551512,0,0
PC491373,0.0026398709860487,0,0
PC491513,0.0674450996031821,0,0
PC491881,0.0466402620077133,0,0
PC491892,0.0067481598158812,0,0
PC492015,0.0266112543768802,0,0
PC492281,0.0020246756028778,0,0
PC492318,0.0940619421741676,0,0
PC492321,0.081369787909151,0,0
PC492328,0.118106835476222,0,0
PC492461,0.0023498963564634,0,0
PC492515,0.148863509920265,0,0
PC492524,4.83296680613421e-05,0,0
PC492592,0.0668421216384903,0,0
PC492748,0.238436384022155,0,0
PC492982,0.807833931235838,0,1
PC493194,0.0411110371351242,0,0
PC493292,0.0097874511183813,0,0
PC493423,0.0001961022644536,0,0
PC493426,0.320944679480692,0,0
PC493666,0.384929270050597,0,0
PC493895,0.082300089026263,0,0
PC494090,0.0334269441664219,0,0
PC494096,0.0922805387424323,0,0
PC494246,0.0865515080056611,0,0
PC494326,0.0506767109036446,0,0
PC494366,0.278102880412226,0,0
PC494641,0.0134313097827938,0,0
PC494684,0.1653786590969,0,0
PC494691,0.0063685483828208,0,0
PC494749,0.0560435008319999,0,0
PC494761,0.601039067391426,1,1
PC494849,0.0044435426377729,0,0
PC494910,0.273351773162776,0,0
PC494953,0.805064374002917,0,1
PC494960,0.238694946776621,0,0
PC495108,0.521138126130043,0,1
PC495165,0.0163241398492546,0,0
PC495170,0.0250365449793668,0,0
PC495182,0.393588821069976,0,0
PC495734,0.30510547073161,0,0
PC495867,0.323673581810502,0,0
PC495962,0.0431776159845274,0,0
PC495980,0.253829645277631,0,0
PC496075,0.168665791781172,1,0
PC496137,0.0060613583773374,0,0
PC496159,0.082121150292585,0,0
PC496219,0.0488742695602639,0,0
PC496341,0.034207067953265,0,0
PC496475,0.0584674470953565,0,0
PC496480,0.57689312781866,0,1
PC496607,0.628513342345046,0,1
PC496777,0.244336909460012,0,0
PC496791,0.0255999974906445,0,0
PC496934,0.414194611682138,0,0
PC497032,0.0880588994156149,0,0
PC497052,0.102434121929567,0,0
PC497083,0.0439029836589436,0,0
PC497118,0.0503033772110939,0,0
PC497285,0.0204551800028194,0,0
PC497311,0.054911563477733,0,0
PC497501,0.0404929690368807,0,0
PC497707,0.178818727792242,0,0
PC497737,0.931842328330475,1,1
PC498048,0.185915468121494,1,0
PC498216,0.028733380297397,0,0
PC498351,0.0058829715597849,0,0
PC498374,0.0229996416389382,0,0
PC498440,0.0475994714954642,0,0
PC498640,0.732622663598887,1,1
PC498728,0.010391584308535,0,0
PC498794,0.0135025633499026,0,0
PC499090,0.177461005018659,0,0
PC499252,0.1308583766222,0,0
PC499338,0.0356694146978987,0,0
PC499392,0.0005342779913917,0,0
PC499449,0.314392356410677,0,0
PC499514,0.0843437945933268,0,0
PC499640,0.0032292753458023,0,0
PC499680,0.0110554546117783,0,0
PC499696,0.0122431265190244,0,0
PC499821,0.103302004825104,0,0
PC499827,0.143484471240904,0,0
PC499905,0.104818873107433,0,0
PC499914,0.0105751396037674,0,0
PC500024,0.1196844774236,0,0
PC500111,0.221105186685787,0,0
PC500114,0.0058871244281277,0,0
PC500200,0.0007127686824792,0,0
PC500207,1.72270555822556e-05,0,0
PC500336,0.517305042538401,0,1
PC500408,0.0701904856772879,0,0
PC500558,0.111869990825653,0,0
PC500773,0.0371906221604328,0,0
PC500836,0.211715802972256,0,0
PC500911,0.0398032181144977,0,0
PC500920,0.970476448535919,0,1
PC500957,0.283214480045413,0,0
PC500984,0.205669717519943,0,0
PC500994,0.40656984557685,0,0
PC501070,0.984473155832839,1,1
PC501124,0.0258268336765467,0,0
PC501251,0.0024218177422881,0,0
PC501285,0.202367529587499,0,0
PC501321,0.06532632266082,0,0
PC501326,0.57615565794274,0,1
PC501347,0.151070283884978,0,0
PC501387,0.0182597320526838,0,0
PC501423,0.74007727779906,1,1
PC501521,0.000855022865548,0,0
PC501548,0.557679235935211,0,1
PC501600,0.879296388807176,0,1
PC501636,0.660307658507043,1,1
PC501684,0.330369745324002,0,0
PC501708,0.056747090222302,0,0
PC501761,0.216634215727108,0,0
PC501788,0.0431732188301163,0,0
PC502012,0.0004072788354161,0,0
PC502271,0.0126817054161341,0,0
PC502277,0.763453412579257,0,1
PC502443,0.0098744377086342,0,0
PC502583,0.19330300030465,0,0
PC502778,0.906115371194218,0,1
PC502951,0.0480745761619451,0,0
PC503151,0.189558640122414,0,0
PC503535,0.0500341869337767,0,0
PC503899,0.219827890396118,0,0
PC503925,0.0142870403720825,0,0
PC504101,1.91439357877243e-05,0,0
PC504113,0.179697727944635,0,0
PC504257,0.211352739686441,0,0
PC504354,0.0221465427558464,0,0
PC504368,0.0078846787980112,0,0
PC504412,0.209172829985619,0,0
PC504497,0.25484356823275,0,0
PC504614,0.0277278977750745,0,0
PC504701,0.0141233620530266,0,0
PC504703,0.0020062437583301,0,0
PC505000,0.0271313168592684,0,0
PC505082,0.259898418286873,0,0
PC505161,0.0101529570475039,0,0
PC505286,0.0126446204949079,0,0
PC505410,0.0067693284438187,0,0
PC505618,0.192898702685836,0,0
PC505811,0.213240962009629,0,0
PC505999,0.147468264928878,0,0
PC506004,0.192326080203483,1,0
PC506023,0.0399745388360191,0,0
PC506074,0.0069089922080202,0,0
PC506284,0.090755358338356,0,0
PC506292,0.2213022118164,0,0
PC506444,0.580095690107979,1,1
PC506572,0.998696486830408,1,1
PC506674,0.0202118173303638,0,0
PC506728,0.0598499632362172,0,0
PC506862,0.483043442349151,0,0
PC507129,0.084316768654553,0,0
PC507202,0.008639656507247,0,0
PC507515,0.0602270680743631,0,0
PC507607,0.0104585141415526,0,0
PC507612,0.181030783133629,0,0
PC507787,0.0001248605782583,0,0
PC507984,0.0004250239212697,0,0
PC507985,0.0073087438390466,0,0
PC508034,0.0002336687466595,0,0
PC508216,0.123956829309464,0,0
PC508288,0.0604447401140599,0,0
PC508445,0.0218099341832932,0,0
PC508476,0.149169770407153,0,0
PC508742,0.718082687642315,1,1
PC508995,0.0074883719100696,0,0
PC509058,0.112316347658634,0,0
PC509175,0.0899697417560688,0,0
PC509496,0.0101789373087964,0,0
PC509579,0.0016981066303953,0,0
PC509678,0.283328792133705,0,0
PC509765,0.163620468634512,0,0
PC509849,0.0045507734318054,0,0
PC509957,0.0358199245555661,0,0
PC510113,0.0208261931465317,0,0
PC510199,0.0278785659723007,0,0
PC510326,0.276252460479737,0,0
PC510527,0.000317397745131,0,0
PC510772,0.415993499214193,0,0
PC511091,0.0032470506834395,0,0
PC511106,0.0030665234662592,0,0
PC511456,0.0034850548154541,0,0
PC511503,0.0002674456627573,0,0
PC511568,0.330035157099799,0,0
PC511619,0.0394569535712159,0,0
PC511811,0.001583199148836,0,0
PC511946,0.181390696773406,0,0
PC512006,0.003237416036427,0,0
PC512103,0.0022483459816464,0,0
PC512163,0.108571795966681,0,0
PC512342,0.00921778293402,0,0
PC512413,0.0178405103354027,0,0
PC512511,0.0889149442400987,0,0
PC512530,0.0514718723544693,0,0
PC512664,0.0078257760033011,0,0
PC512688,0.0018928530171532,0,0
PC512728,0.0609573187196956,0,0
PC512887,0.0098614338785409,0,0
PC512981,0.036599737277535,0,0
PC513187,0.188979345227845,0,0
PC513355,0.0053491721157011,0,0
PC513382,0.126211029022452,0,0
PC513468,0.942280960213291,0,1
PC513538,0.0520307333680826,0,0
PC513858,5.99909762968309e-05,0,0
PC513908,0.346588099236773,0,0
PC513946,0.003693737333192,0,0
PC514304,0.0016787904314696,0,0
PC514336,0.19482104954793,0,0
PC514386,0.0027640745975077,0,0
PC514475,0.55057045719953,0,1
PC514558,0.147057729435491,0,0
PC514595,0.669099356026087,0,1
PC514745,0.494977640976365,0,0
PC514849,0.0058403057046234,0,0
PC514988,0.110969780172048,0,0
PC515056,0.0810393579532764,0,0
PC515066,0.699417223958189,0,1
PC515209,0.0191116606505462,0,0
PC515305,0.0979898557960719,0,0
PC515681,0.0201530704738882,0,0
PC515814,0.27181515717424,0,0
PC515887,0.0268292907075804,0,0
PC515900,0.467183483666495,0,0
PC515923,0.0003161847998853,0,0
PC516026,0.0106846403118364,0,0
PC516119,0.110772038243053,0,0
PC516270,0.197909653186798,0,0
PC516302,0.196914538741112,0,0
PC516513,0.106635002578723,0,0
PC516639,0.0299224564664088,0,0
PC516721,0.102300465752469,0,0
PC516767,0.294151833249508,0,0
PC516878,0.0405716467224346,0,0
PC516939,0.0036942462902516,0,0
PC516982,0.0614331398237288,0,0
PC517103,0.0067619900199831,0,0
PC517178,0.0167498186072524,0,0
PC517242,0.017424316863703,0,0
PC517384,0.0506221718560046,0,0
PC517480,0.0149997483311456,0,0
PC517712,0.0012260136427357,0,0
PC517750,0.0403447338253444,0,0
PC518058,0.179128254326887,0,0
PC518176,0.0001669460237497,0,0
PC518201,0.095233581308882,0,0
PC518275,0.524776514107891,1,1
PC518416,0.253641510994318,0,0
PC518587,0.0012167906001449,0,0
PC518707,0.0030223232525137,0,0
PC518721,0.109507564988996,0,0
PC518761,0.100979529321194,0,0
PC518878,0.288796645564417,0,0
PC518985,0.007252634037286,0,0
PC519008,0.144517482243203,0,0
PC519023,0.021565376640405,0,0
PC519069,0.0004464635858312,0,0
PC519227,0.106377033213239,0,0
PC519251,0.174582868814468,0,0
PC519465,0.391017317771912,0,0
PC519596,0.926370500274387,1,1
PC519788,0.0101025551557541,0,0
PC519817,0.22708655829635,0,0
PC519935,0.0033454196324983,0,0
PC519992,0.222163885831833,0,0
PC520031,0.0564820362482815,0,0
PC520101,0.0079627798023862,0,0
PC520107,0.0907446807823922,0,0
PC520161,0.385843441339495,1,0
PC520274,0.123828524575706,0,0
PC520320,0.23267170437721,0,0
PC520340,0.0503175166318915,0,0
PC520364,0.0010192643430678,0,0
PC520377,0.0912612639994412,0,0
PC520399,0.0081954377185024,0,0
PC520532,0.0058379468076673,0,0
PC520738,0.527293022012815,0,1
PC520762,0.0091372465373579,0,0
PC520912,0.0728192355336873,0,0
PC520934,0.004677023505792,0,0
PC520970,0.0161046553722782,0,0
PC521137,0.0838995194218623,0,0
PC521172,0.675078179469684,1,1
PC521187,0.129105344314557,0,0
PC521306,0.0137915574014187,0,0
PC521411,0.004470249758736,0,0
PC521733,0.103942152502857,0,0
PC521770,0.0836079796448075,0,0
PC521783,0.141852736473083,0,0
PC521914,0.901862081452367,1,1
PC521938,0.0194742471927352,0,0
PC522038,0.152142377080101,0,0
PC522050,0.155444972485854,0,0
PC522098,0.396159369726963,1,0
PC522153,0.270418484421337,0,0
PC522233,0.0019140598195572,0,0
PC522342,0.432186445242369,1,0
PC522410,0.80137460159533,1,1
PC522520,0.0291119627654552,0,0
PC522547,0.0173480331922059,0,0
PC522615,0.0369726046919823,0,0
PC522735,0.422265867562825,1,0
PC522803,0.85935389995575,0,1
PC522853,0.216571801864519,1,0
PC522907,0.0348972881174367,0,0
PC523025,0.911713506437135,1,1
PC523068,0.0255970042606597,0,0
PC523088,0.45492846621215,1,0
PC523436,0.346103959754782,1,0
PC523561,0.0123003094683116,0,0
PC523609,0.209865311045582,0,0
PC523645,0.0004445295768021,0,0
PC523696,0.14743108737367,1,0
PC523846,0.493987914830319,0,0
PC523889,0.0164777810998898,0,0
PC524454,0.452245967595223,0,0
PC524468,0.134165704250336,0,0
PC524524,0.148056938298165,1,0
PC524529,0.0049212288647548,0,0
PC524625,0.192796211359805,1,0
PC524996,0.0114451183613843,0,0
PC525059,0.188659248243102,0,0
PC525166,0.586025783169325,1,1
PC525171,0.182590807158924,0,0
PC525306,0.0065874807046531,0,0
PC525313,0.0043331909318385,0,0
PC525358,0.0299110133200884,1,0
PC525529,0.481176970103827,1,0
PC525556,0.579635916195173,0,1
PC525619,0.164904842602795,0,0
PC525749,0.017555863383375,0,0
PC525928,0.0248880107901958,1,0
PC525946,0.160723641514778,0,0
PC526066,0.0133991646377937,1,0
PC526088,0.207308121504956,0,0
PC526100,0.0150161878605469,0,0
PC526348,0.133990108325917,0,0
PC526401,0.0271688818879943,0,0
PC526451,0.30959927587099,0,0
PC526532,0.0491392202675343,0,0
PC526688,0.0792557370992519,0,0
PC526784,0.124677679747624,0,0
PC527042,0.0066634923414049,0,0
PC527070,0.40462740465475,1,0
PC527126,0.0919523328245678,0,0
PC527183,0.0041759695860222,0,0
PC527416,0.0995436906814575,0,0
PC527691,0.0025230946262555,0,0
PC527726,0.0642959860145535,0,0
PC527735,0.0016802777883417,0,0
PC527768,0.103353001075467,0,0
PC527989,0.219732267352251,0,0
PC528051,0.379508078098297,0,0
PC528070,0.041072700691664,0,0
PC528072,0.322003877157381,1,0
PC528110,0.282896437666065,0,0
PC528120,0.572991093820213,0,1
PC528260,0.0091717301176203,0,0
PC528320,0.0243682592703277,0,0
PC528357,0.001567083178088,0,0
PC528451,0.799851093349148,0,1
PC528483,0.0746303085791672,0,0
PC528680,0.0211589942713818,0,0
PC528691,0.012656374667123,0,0
PC528837,0.0140283657513468,0,0
PC528911,0.0074196777848223,0,0
PC528929,0.0799763422017663,0,0
PC529092,0.0193307154627197,0,0
PC529139,0.0015612834831699,0,0
PC529208,0.0462874771016513,0,0
PC529370,0.0132358402490143,0,0
PC529382,0.0005177477723918,0,0
PC529443,0.734653521847251,1,1
PC529452,0.109510110481917,0,0
PC529457,0.0010693781637063,0,0
PC529563,0.045206642993446,0,0
PC529821,0.0686758070869344,0,0
PC530008,0.466827245622791,0,0
PC530037,0.0753962167754085,0,0
PC530158,0.0014006314063741,0,0
PC530299,0.0888742184787507,0,0
PC530401,0.0534441024065018,0,0
PC530402,0.0488758848832745,0,0
PC530429,0.585530708692546,0,1
PC530430,0.0410284417255825,0,0
PC530666,0.002464669149248,0,0
PC530709,0.146142048038518,0,0
PC530758,0.579934141021931,1,1
PC530769,0.278078519466657,0,0
PC530962,0.205465465784073,0,0
PC530993,0.224408999425972,0,0
PC531052,0.0043111030381341,0,0
PC531057,0.192674117694229,0,0
PC531090,0.0001145063035628,0,0
PC531095,0.0010334930144182,0,0
PC531165,0.0227073486894369,0,0
PC531281,0.371851945427535,1,0
PC531402,0.122709461836905,0,0
PC531506,0.0787501503870794,0,0
PC531659,0.0236925949251841,0,0
PC531674,0.0207952496474466,0,0
PC531698,0.227136723280487,0,0
PC531700,0.0249899110992643,0,0
PC531846,0.0002010242269692,0,0
PC531891,0.784941741931654,0,1
PC531901,0.0032529013795773,0,0
PC531922,0.0473701306367618,0,0
PC531931,3.15062322897575e-07,0,0
PC532085,0.178441886734462,1,0
PC532103,0.0455061490981948,0,0
PC532145,0.0532877563330082,0,0
PC532192,0.105501879116744,0,0
PC532348,0.391600753579821,0,0
PC532492,0.0442582351013907,0,0
PC532506,0.105905508703747,0,0
PC532600,0.258836599481463,0,0
PC533218,0.320999432470381,0,0
PC533730,0.206069636678788,0,0
PC533773,0.224251198402189,0,0
PC533792,0.142082572987186,0,0
PC533839,0.594686567783356,0,1
PC533870,0.0204808045258766,0,0
PC533929,0.0292718724137352,0,0
PC534314,0.0260043121890824,0,0
PC534403,0.0295615113306283,0,0
PC534416,0.0179969884782035,0,0
PC534454,0.393674387579387,0,0
PC534620,0.195684729538312,0,0
PC534635,0.467072987893225,0,0
PC534845,0.230625235639951,0,0
PC534858,0.0387707804598721,0,0
PC534927,0.0069949411148427,0,0
PC534961,0.638433231877263,0,1
PC534962,0.0133778798551001,0,0
PC535090,0.0135836954459568,0,0
PC535229,0.182029113173485,0,0
PC535235,0.0156399286821672,0,0
PC535307,0.143986701965332,0,0
PC535405,0.0178989743865974,0,0
PC535420,0.0072179036540512,0,0
PC535445,0.0803743949699624,0,0
PC535509,0.506823494017703,1,1
PC535628,0.347615376474657,0,0
PC535633,0.0144316700587826,0,0
PC535818,0.310965174216716,0,0
PC535988,0.0924108896238602,0,0
PC536204,0.167702538214737,0,0
PC536302,0.0705538796582038,0,0
PC536363,0.0039573177746206,0,0
PC536372,0.0195005640043528,0,0
PC536434,0.00036479348042,0,0
PC536457,0.173015243122728,0,0
PC536522,0.0016367005114867,0,0
PC536700,0.0509875208690427,0,0
PC536868,0.0775124099241316,0,0
PC536895,0.903498551512065,0,1
PC536932,0.0099284050293075,0,0
PC537091,7.6944934335188e-06,0,0
PC537123,0.0072353965907095,0,0
PC537132,0.058294077699803,0,0
PC537253,0.0178652498871088,0,0
PC537423,0.0429369291329959,0,0
PC537503,0.386040794787948,1,0
PC537693,0.187296792864799,0,0
PC537754,0.0035119464155286,0,0
PC537930,0.0751118778190272,0,0
PC538209,0.173577249951924,0,0
PC538291,0.0846410358214423,0,0
PC538368,0.0005133397644385,0,0
PC538551,0.283594343325366,0,0
PC538862,0.148676226806749,0,0
PC538896,0.916400038741629,1,1
PC538928,0.0645624643797326,0,0
PC538954,0.15106825530529,0,0
PC538985,0.48589825630188,0,0
PC538993,0.0877898524786476,0,0
PC539096,0.140491787125083,0,0
PC539148,0.0003392036014702,0,0
PC539271,0.0089613450715127,0,0
PC539632,0.0416096156427369,0,0
PC539654,0.0087839620080374,0,0
PC539700,0.52410835349882,0,1
PC540004,0.006562171142148,0,0
PC540020,0.0024048753548413,0,0
PC540078,0.0289709369947611,0,0
PC540127,2.39675924496944e-05,0,0
PC540183,0.404847441201515,1,0
PC540317,0.0374010440155483,0,0
PC540344,0.0385147175368141,0,0
PC540408,0.156637092074508,0,0
PC540440,0.0906028649658855,0,0
PC540831,0.0009429487489722,0,0
PC540900,0.0045341313816607,0,0
PC541105,0.0365644669031738,0,0
PC541194,0.35690826238384,0,0
PC541211,0.0477769406469062,0,0
PC541281,0.0152416154742241,0,0
PC541645,0.0888205425719083,0,0
PC541664,0.0335692563251163,0,0
PC541671,0.944656789302826,0,1
PC541707,0.686582705615896,0,1
PC541816,0.235698272200192,0,0
PC541874,0.127313269725993,0,0
PC542303,0.007477806602053,0,0
PC542319,0.001810489898184,0,0
PC542395,0.0098187333266986,0,0
PC542400,0.13008652055433,0,0
PC542457,0.0013520438224077,0,0
PC542482,0.260666426233724,0,0
PC542505,0.0570581371237518,0,0
PC542618,0.0186956093386055,0,0
PC542630,0.0273267494944426,0,0
PC542654,0.141803935802431,0,0
PC542769,0.133593811969371,0,0
PC542830,0.516038835048676,0,1
PC542933,0.0077211448911539,0,0
PC543220,0.0495332889258862,0,0
PC543476,0.004840591456741,0,0
PC543673,0.0775085553537417,0,0
PC543797,6.44980384529961e-05,0,0
PC543974,0.115658062224419,0,0
PC544361,0.0798956674527754,0,0
PC544415,0.124644527949445,0,0
PC544443,0.1423490064587,0,0
PC544554,0.569886726313416,1,1
PC544562,0.0009836570393627,0,0
PC544605,0.053345379312556,0,0
PC544717,0.0682043212987221,0,0
PC544754,0.109439089894295,0,0
PC544760,0.4729121051214,0,0
PC545037,0.0139868499300042,0,0
PC545174,0.0384436290174838,0,0
PC545362,0.14709895131899,0,0
PC545368,0.713387436760649,1,1
PC545546,0.0678694918751717,0,0
PC545661,0.241607760496872,0,0
PC545696,0.218968316912651,0,0
PC545817,0.0057001833297592,0,0
PC545862,0.237634826397348,0,0
PC545937,0.0001395877064374,0,0
PC546086,0.254802373466532,0,0
PC546153,0.0503297911057736,0,0
PC546203,0.002150269550098,0,0
PC546307,0.0034953325204417,0,0
PC546345,0.0033310521570896,0,0
PC546510,0.0029396608006209,0,0
PC546586,0.0793257888847975,0,0
PC546622,0.622326175908785,0,1
PC546698,0.738375660774521,1,1
PC546847,0.043160415688165,0,0
PC546919,0.170783222749315,0,0
PC546982,0.443064089249863,1,0
PC547005,0.338805924932479,0,0
PC547015,0.0407215459406246,0,0
PC547024,0.104865943121947,0,0
PC547121,0.749284608511147,0,1
PC547196,0.0147918176985481,0,0
PC547399,0.0904280322164498,0,0
PC547441,0.113058226964788,0,0
PC547456,0.41861176619513,0,0
PC547520,0.343688027841114,0,0
PC547673,0.0601271406549968,0,0
PC547700,0.785003152707154,0,1
PC548038,0.328839341422574,0,0
PC548173,0.0024429988069691,0,0
PC548230,0.268724682757659,0,0
PC548409,0.0284178704023361,0,0
PC548422,0.0835989432164208,0,0
PC548495,0.380241945750465,0,0
PC548618,0.0183726248047055,0,0
PC548889,0.0455403579706848,0,0
PC548909,0.0016516348419719,0,0
PC548950,0.131554153500174,1,0
PC548955,0.244691623374819,0,0
PC549071,0.174253553152084,0,0
PC549264,0.0061080471566,0,0
PC549349,0.615623799572322,1,1
PC549611,0.0852160852678602,0,0
PC549632,0.0203477321294327,0,0
PC549649,0.5262120301576,0,1
PC549778,0.0296560413499258,0,0
PC550110,0.0491006962001295,0,0
PC550156,0.0875152785052391,0,0
PC550318,0.0205807713763377,0,0
PC550481,1.03342890724889e-05,0,0
PC550569,0.0501078404486179,0,0
PC550667,0.0926310735220613,0,0
PC550855,0.0378969673593473,0,0
PC551089,0.104734297762785,0,0
PC551132,0.023360211297003,0,0
PC551193,0.009571248665452,0,0
PC551204,0.0698713622456284,0,0
PC551257,0.0277205517474007,0,0
PC551292,0.0001127131890064,0,0
PC551385,0.147736673553785,1,0
PC551500,0.189358484940548,0,0
PC551521,0.0164967086166143,0,0
PC551635,0.190862071368168,0,0
PC551708,0.0410348804347024,0,0
PC551996,0.0247799136532568,0,0
PC552045,0.19720434973087,1,0
PC552117,0.482257758181519,0,0
PC552187,0.0170528943346443,0,0
PC552420,0.144165413698025,1,0
PC552466,0.11165125688914,0,0
PC552508,0.0388491070509827,0,0
PC552510,0.0907815464404451,0,0
PC552729,0.233749341234605,0,0
PC552797,0.0255705745382109,0,0
PC552907,0.0338436287976216,0,0
PC552958,0.774478395929976,1,1
PC553101,0.0772995077456773,0,0
PC553127,0.131953450700613,1,0
PC553152,0.0050688427872955,0,0
PC553216,0.0986396973520171,0,0
PC553452,0.415744241136575,0,0
PC553578,0.190477257818787,0,0
PC553598,0.005557162678559,0,0
PC553608,0.0238162001755972,0,0
PC553668,0.347323965205565,0,0
PC553744,0.0444678698046075,0,0
PC553757,0.139762273292811,0,0
PC553800,0.102037035148023,0,0
PC553896,0.0617540315655873,0,0
PC553903,0.106378302642494,0,0
PC553915,0.0971768690121277,0,0
PC554007,0.0173717774819396,0,0
PC554010,0.0171420494981675,0,0
PC554095,0.0662991664380712,0,0
PC554199,0.130318927614885,0,0
PC554326,0.0142029765532306,0,0
PC554374,0.0351274790791609,0,0
PC554470,0.0865375399589539,0,0
PC554614,0.093189649283886,0,0
PC554812,0.0438823960897927,0,0
PC554900,0.0764358813017228,0,0
PC554983,0.33460922474077,0,0
PC555085,0.0032673532365967,0,0
PC555098,0.0085626074439692,0,0
PC555198,0.338799477554858,1,0
PC555253,0.118761372963446,0,0
PC555314,0.736502890403454,0,1
PC555380,0.159775941380525,0,0
PC555595,0.0097979540005326,0,0
PC555628,0.329297934372265,0,0
PC555670,0.0273274101901903,0,0
PC555715,0.0110831081998258,0,0
PC556027,0.159761440579093,0,0
PC556168,0.0573452673852444,0,0
PC556230,0.260055215504852,0,0
PC556581,0.0698465183377266,0,0
PC556583,0.003225092111333,0,0
PC556590,0.0504500916140026,0,0
PC556605,0.00684168162671,0,0
PC556632,0.0042468976087164,0,0
PC556832,0.47402603429829,1,0
PC556848,0.0622625546293061,0,0
PC556849,0.0476965790760407,0,0
PC556867,0.0212140477627816,0,0
PC557016,0.0181734576918088,0,0
PC557056,0.0411117678839492,0,0
PC557145,0.451663366581227,0,0
PC557218,0.2622429728508,0,0
PC557234,0.189390321732302,0,0
PC557340,0.0228545948773885,0,0
PC557363,0.672503363691426,0,1
PC557434,0.171181812882423,0,0
PC557439,0.0880739231162715,0,0
PC557479,0.0263953179662716,0,0
PC557486,0.17905259945387,0,0
PC557533,0.198731164195383,0,0
PC557626,0.0291076942812651,0,0
PC557628,0.0440690911309734,0,0
PC557689,0.323428366119477,0,0
PC557789,0.0747965249652398,0,0
PC557882,0.0212127171679411,0,0
PC557949,0.122474816414857,0,0
PC557962,0.0010619909615194,0,0
PC558044,0.755828174895689,1,1
PC558086,0.433949285926871,0,0
PC558130,0.285719931109338,0,0
PC558481,0.465248575973556,0,0
PC558493,0.006225005078858,0,0
PC559004,0.0107783996945139,0,0
PC559115,6.97927824455109e-05,0,0
PC559135,0.0587518483434173,0,0
PC559181,0.0092930986020382,0,0
PC559204,0.339511244266706,0,0
PC559221,0.0543298915940888,0,0
PC559282,0.0108971165588302,0,0
PC559533,0.0393260774316882,0,0
PC559642,0.201308145204606,0,0
PC560165,0.196952709362961,1,0
PC560172,0.0588916992797394,0,0
PC560230,0.0274593392196967,0,0
PC560407,0.0033376563320341,0,0
PC560476,0.0257869637214964,0,0
PC560482,0.503165215026653,1,1
PC560489,0.0425992079898135,0,0
PC560569,0.254492413064736,0,0
PC560817,0.0205797757953405,0,0
PC560823,0.107324442553474,0,0
PC560871,0.107936196029186,0,0
PC560873,0.393988950097042,1,0
PC560891,0.0018589953695428,0,0
PC560963,0.0135714537135979,0,0
PC560986,0.0165773630142212,0,0
PC561041,0.210347170585905,0,0
PC561380,0.0919575914740562,0,0
PC561708,0.956131116718265,0,1
PC561837,0.091118633769358,0,0
PC561996,0.0322647280991077,0,0
PC562112,0.0598503810417872,0,0
PC562113,0.0026936032278025,0,0
PC562134,0.251879382408429,0,0
PC562219,0.141772768091893,0,0
PC562287,0.0387521412556871,0,0
PC562340,0.0276172856405971,0,0
PC562536,0.001220094730647,0,0
PC562586,0.734829816059488,1,1
PC562616,0.374603352340616,0,0
PC562856,0.0015442353467391,0,0
PC562904,0.0094002280384302,0,0
PC563015,0.003678371548052,0,0
PC563057,0.0362099798671173,0,0
PC563345,0.351624468443929,0,0
PC563361,0.110312326429578,0,0
PC563373,0.140969895492269,0,0
PC563948,0.952974465086955,1,1
PC564159,0.0406636303046443,0,0
PC564186,0.212291067453093,0,0
PC564281,0.201141089200974,0,0
PC564557,0.666790157006675,0,1
PC564577,0.885269165039062,1,1
PC564799,6.02007676206995e-05,0,0
PC564930,0.0003397488934194,0,0
PC565138,0.0152895322038158,0,0
PC565232,0.0211553767936626,0,0
PC565239,0.0464627558595679,0,0
PC565344,0.0038684955039427,0,0
PC565393,0.0896306987015062,0,0
PC565527,0.503823091002072,0,1
PC565549,0.285170919463484,1,0
PC565836,0.0001571656819407,0,0
PC565917,0.0072636873748712,0,0
PC566096,0.28450134396553,0,0
PC566135,0.031675201564713,0,0
PC566156,0.0140747874975204,0,0
PC566263,0.0495200243095291,0,0
PC566312,0.0001310016668867,0,0
PC566350,0.0697922771259596,1,0
PC566382,0.493333581225891,0,0
PC566384,0.164749552903591,0,0
PC566473,0.256749153137207,0,0
PC566474,0.209702995865001,0,0
PC566555,0.800183882685992,0,1
PC566874,0.0141563676640666,0,0
PC566881,0.128186330199242,0,0
PC567159,0.0225592165245494,0,0
PC567212,0.661775666855956,1,1
PC567221,0.403711841116397,1,0
PC567398,0.286652326925297,1,0
PC567411,0.0016380851157009,0,0
PC567421,0.687606625606986,0,1
PC567468,0.149527457740929,1,0
PC567495,0.124376421777785,0,0
PC567675,0.030764415020674,0,0
PC567676,0.295406463313429,0,0
PC567742,0.0501165089593286,0,0
PC568007,0.0695137067298705,0,0
PC568213,0.0321033894869881,0,0
PC568224,0.361341201962687,0,0
PC568412,0.253342247619138,0,0
PC568448,0.46517599325253,0,0
PC568655,0.126951361378352,0,0
PC568677,0.15210522711277,1,0
PC568691,0.0157819537372189,0,0
PC568703,0.835673792746885,0,1
PC568718,0.0765053438082395,0,0
PC568763,0.0930109759957619,0,0
PC568841,0.104859976580353,0,0
PC569055,0.0481159706767635,0,0
PC569228,0.06024084925395,0,0
PC569278,0.0046720958025523,0,0
PC569359,0.778197809131604,1,1
PC569455,0.331308296310558,0,0
PC569538,0.0811848139658003,0,0
PC569587,0.310874039684337,0,0
PC569730,0.0060659257293633,0,0
PC569878,0.156800253856587,0,0
PC569990,8.47211978121625e-05,0,0
PC570025,0.002544475015362,0,0
PC570139,0.526549273851849,0,1
PC570308,0.118697715439955,0,0
PC570411,0.401188969612122,0,0
PC570507,0.0320914362900816,0,0
PC570552,0.143568641923303,0,0
PC570662,0.0017370758578181,0,0
PC570803,0.246272204529255,1,0
PC570814,0.11529491177283,0,0
PC570816,0.413713807675885,0,0
PC570833,0.0005539731272422,0,0
PC570881,0.242660351931165,0,0
PC571047,0.0663471260361848,0,0
PC571104,0.0536461174488068,0,0
PC571110,0.0601838951751519,0,0
PC571159,0.23562630049644,0,0
PC571513,0.190038278319435,0,0
PC571553,0.0968536243224522,0,0
PC571680,0.716504773881176,0,1
PC572125,0.170779300451484,0,0
PC572265,0.0961050823288294,1,0
PC572357,0.0379890464246273,0,0
PC572426,0.0470770411193371,0,0
PC572568,0.0103460113222925,0,0
PC572579,0.124643538878705,1,0
PC572686,0.117886058986187,0,0
PC572825,0.0060853825560674,0,0
PC572970,0.0758049026373084,0,0
PC572995,0.250666350126266,0,0
PC573009,0.0071509580972134,0,0
PC573134,0.134347129181071,0,0
PC573140,0.617713940136248,0,1
PC573149,0.0299188236040728,0,0
PC573229,0.0394897049462253,0,0
PC573402,0.0563397948033788,0,0
PC573432,0.0494766893956209,0,0
PC573500,0.028174487918924,0,0
PC573595,0.111042095448381,0,0
PC573806,0.0800617899625532,0,0
PC573884,0.0037202546373009,0,0
PC574094,0.0160581456288915,0,0
PC574142,0.754006560878887,1,1
PC574208,0.256698639882326,0,0
PC574287,0.0175506792075881,0,0
PC574388,0.860963219710571,1,1
PC574391,0.890564054851917,0,1
PC574648,9.43133854889311e-05,0,0
PC574684,0.0304689028322004,0,0
PC574759,0.146047723960783,0,0
PC574782,0.014302011304466,0,0
PC574801,0.0214333362009835,0,0
PC574851,0.100035706247922,0,0
PC575026,6.31611110293306e-05,0,0
PC575156,0.278324903422639,0,0
PC575219,0.0414520289749249,0,0
PC575272,0.0007275537354871,0,0
PC575282,0.0195043131552793,0,0
PC575446,0.914777874946594,1,1
PC575561,0.588040440313277,0,1
PC575566,0.0353233884391073,0,0
PC575628,1.24836051327293e-05,0,0
PC575748,0.449607114249529,0,0
PC575749,0.523355097771559,1,1
PC575769,0.365851180054568,0,0
PC575770,0.110999705780084,0,0
PC575877,0.339688744147321,1,0
PC575938,0.632824771185976,1,1
PC575975,0.0048503450831665,0,0
PC576000,0.659939350144197,0,1
PC576044,0.202303182138806,0,0
PC576068,0.286152241517551,0,0
PC576547,0.151300042867661,0,0
PC576597,0.106448917204271,0,0
PC576607,0.125753234511535,0,0
PC576667,0.0167110623157389,0,0
PC576675,0.0486496344048489,0,0
PC577270,0.140202248129626,0,0
PC577645,0.766462326049805,0,1
PC577893,0.027611138491795,0,0
PC578031,0.0837355791372652,0,0
PC578144,0.755225512430238,0,1
PC578364,0.0844928898779223,0,0
PC578539,0.991114963859246,1,1
PC578849,0.832485858225983,1,1
PC579004,0.111950075184136,0,0
PC579047,0.185442187334228,0,0
PC579090,0.32224317037896,1,0
PC579451,0.193321354279114,0,0
PC579484,0.0863396852175788,0,0
PC579586,0.202427059412003,0,0
PC579611,0.0288613438268623,0,0
PC579655,0.305665672221581,0,0
PC579744,0.0010931698130269,0,0
PC579850,0.0222384556575148,0,0
PC579873,0.0174687467946362,0,0
PC579923,0.0033774180522729,0,0
PC579968,0.573688509164602,1,1
PC579999,0.14729236498837,0,0
PC580057,0.224542178873906,0,0
PC580453,0.0393324866890907,0,0
PC580480,0.0541814969073673,0,0
PC580749,0.0393168055134252,0,0
PC580790,0.0194053077247254,0,0
PC580804,0.0009153771787741,0,0
PC580846,0.0011276077702667,0,0
PC580875,0.10301684654982,1,0
PC580995,0.257973991573269,0,0
PC581087,0.863094361991848,1,1
PC581112,0.15273099802995,0,0
PC581276,0.275985027862231,0,0
PC581407,0.0529800743644122,0,0
PC581496,0.0435046315576045,0,0
PC581658,0.0076017284122905,0,0
PC581817,0.0607005998157989,0,0
PC581818,0.0170434340834618,0,0
PC581951,0.193112042147431,0,0
PC582058,0.773788389580668,0,1
PC582103,0.0675279578608924,0,0
PC582356,0.633209525646188,0,1
PC582371,0.118611873121735,0,0
PC582426,0.125085247393454,0,0
PC582668,0.609698592168599,0,1
PC582706,0.0380857353841995,0,0
PC582863,0.0022961542689818,0,0
PC582946,0.465073329791599,1,0
PC583130,0.620427855567839,0,1
PC583227,0.0426093752358681,0,0
PC583332,0.0126670549030484,0,0
PC583486,0.0615563690662384,0,0
PC583670,0.017308965511216,0,0
PC584053,0.0446622408926487,0,0
PC584106,0.0288570410847197,0,0
PC584344,0.0295343129852846,0,0
PC584388,0.130937731824815,0,0
PC584416,0.0647288737427095,0,0
PC584563,0.136482012390301,0,0
PC584777,0.760607798894247,0,1
PC584877,0.0903103737370689,0,0
PC585020,0.102290946673724,0,0
PC585062,0.927795943430819,1,1
PC585150,0.0096163701941715,0,0
PC585330,0.0706405458414052,0,0
PC585371,0.107643470810744,0,0
PC585393,0.0134753019662734,0,0
PC585460,0.588124764401167,0,1
PC585533,0.486432924628638,0,0
PC585744,0.0012013252449777,0,0
PC585802,0.22712915074233,0,0
PC585921,0.92233226510435,0,1
PC585946,0.000567534356378,0,0
PC585968,0.0277759650383483,0,0
PC585978,0.255918011875995,0,0
PC586061,0.0748716220259666,0,0
PC586424,0.219751074910164,0,0
PC586432,0.422607864952346,1,0
PC586487,0.0982004518497492,0,0
PC586491,0.481430756091734,0,0
PC586763,0.0487682624135626,0,0
PC586813,0.0409201528642455,0,0
PC586855,0.0013270984636619,0,0
PC586882,0.146439290734438,0,0
PC587099,0.0039193659333371,0,0
PC587100,0.0501518207622383,0,0
PC587147,0.123175848281574,0,0
PC587523,0.215843389032224,1,0
PC587560,0.128147482856539,0,0
PC587590,0.0037963504475618,0,0
PC587675,0.0054493974894285,0,0
PC587720,0.0640623508241006,0,0
PC587906,0.0010664450237527,0,0
PC588007,0.105338616878253,0,0
PC588055,0.453488010656974,0,0
PC588103,0.0270128673082964,0,0
PC588168,0.44712210328484,1,0
PC588213,0.0052138823084533,0,0
PC588222,0.320957230213953,1,0
PC588256,0.246775666449932,0,0
PC588343,0.300764362746423,0,0
PC588458,0.314906318773742,0,0
PC588544,0.0006118009914644,0,0
PC588570,0.937608567979811,1,1
PC588583,0.030097979618686,0,0
PC588764,0.159033288753277,0,0
PC588855,0.133289182610541,0,0
PC588907,0.056249164717892,0,0
PC588942,0.050083136044537,0,0
PC589011,0.0130091300234199,0,0
PC589055,0.0768940001726151,0,0
PC589144,0.0112191790868924,0,0
PC589306,0.193845746282182,1,0
PC589672,0.0253384062290849,0,0
PC589689,0.273826199142556,0,0
PC589819,0.0011737034656107,0,0
PC589981,0.0064409301319921,0,0
PC590029,0.0117289659727283,0,0
PC590153,0.0001095567058655,0,0
PC590225,0.095598529130967,0,0
PC590499,0.134827179641559,1,0
PC590795,0.30866210374058,0,0
PC590890,0.0089951948732573,0,0
PC591035,0.331366209094218,0,0
PC591151,0.134360774330857,0,0
PC591195,0.197469303746765,0,0
PC591259,0.0335063045307742,0,0
PC591356,0.472348530934187,0,0
PC591558,0.252373456954956,0,0
PC591573,0.262815357557411,0,0
PC591705,0.0078626763406321,0,0
PC591708,0.683750207948242,1,1
PC591714,0.298894337559146,0,0
PC591865,0.268567720531974,0,0
PC591878,0.0032414152993925,0,0
PC592013,0.0420428633452138,0,0
PC592062,0.0981430618468602,0,0
PC592165,0.0542816574315829,0,0
PC592380,0.552336392086147,0,1
PC592599,0.087199111265191,0,0
PC592731,0.0184916556632877,0,0
PC592755,0.195972285209558,0,0
PC592914,0.664687379236593,1,1
PC593382,0.0133612103465205,0,0
PC593480,0.305270434707472,1,0
PC593656,0.0188747268354293,0,0
PC593687,0.0263605415821075,0,0
PC593734,0.006838971912504,0,0
PC593790,0.591521024703979,0,1
PC593969,0.143457702228001,0,0
PC594114,0.166406494746013,0,0
PC594134,0.43430418568448,0,0
PC594190,0.343662798404694,0,0
PC594259,0.0012598589782949,0,0
PC594265,0.0015244821741733,0,0
PC594297,0.0002916687632078,0,0
PC594336,0.751488149166107,0,1
PC594448,0.0053418663499707,0,0
PC594561,0.0202695381831716,0,0
PC594579,0.135648220777512,0,0
PC594609,0.0306290096999285,0,0
PC594623,0.0434412465202652,0,0
PC594822,0.0004716631083283,0,0
PC594932,0.114667158327856,0,0
PC595001,0.0866550903965308,0,0
PC595149,0.0797500187631602,0,0
PC595160,0.0172436122137492,0,0
PC595460,0.212338610412937,0,0
PC595544,0.0960319665959633,0,0
PC595891,0.001951640455354,0,0
PC595913,0.0105448868313531,0,0
PC596255,0.780633935341525,1,1
PC596341,0.319839664177312,0,0
PC596461,0.0209367693848693,0,0
PC596737,0.242915180210582,1,0
PC596738,0.0865524745034219,0,0
PC596804,0.0512349021703224,0,0
PC596854,0.0312380817640259,0,0
PC597036,0.0053678760305047,0,0
PC597069,0.240547105669975,0,0
PC597148,7.56249792175367e-05,0,0
PC597350,0.002473453991115,0,0
PC597354,0.0187260427965074,0,0
PC597517,0.270908935206492,0,0
PC597669,3.21877159876749e-05,0,0
PC597672,0.0769178352008263,0,0
PC597871,0.0869495496153831,0,0
PC597923,0.0277033235676972,0,0
PC598011,0.0822970258963325,0,0
PC598029,0.0009057439307965,0,0
PC598069,0.161621313239541,0,0
PC598299,3.93765549233649e-05,0,0
PC598439,0.961625430509944,1,1
PC598504,0.0001288388920629,0,0
PC598516,0.0569333843886852,0,0
PC598811,0.346970719538382,0,0
PC598982,4.70026498078369e-05,0,0
PC599051,0.0471290575800468,0,0
PC599080,0.710222172084785,0,1
PC599343,0.0240466182315073,0,0
PC599612,0.455288786743138,0,0
PC599617,0.303822248350091,0,0
PC599913,0.214303577869175,1,0
PC600132,0.0059852647519789,0,0
PC600436,0.113159248814049,0,0
PC600496,0.0272387340664864,0,0
PC600531,0.0199134723008824,0,0
PC600557,0.0029580676275366,0,0
PC600792,0.0058418905526695,0,0
PC600842,0.0611238348966752,0,0
PC600845,0.0372457583742715,0,0
PC600857,0.0069201187655075,0,0
PC600895,0.0607137456536293,0,0
PC601247,0.802948976748556,1,1
PC601327,0.0060381482554865,0,0
PC601357,0.0252590121678737,0,0
PC601376,0.217903538932698,0,0
PC601441,0.0826799167762546,1,0
PC601457,0.0524926325854133,0,0
PC601682,0.0392117574810982,0,0
PC601736,0.0010318134445697,0,0
PC601784,0.0006805763445806,0,0
PC601848,0.332033306671591,0,0
PC601973,0.0085119167709511,0,0
PC602136,0.0145511906769208,0,0
PC602199,0.886734068393707,0,1
PC602462,0.0035052956081926,0,0
PC602465,0.130200611238173,0,0
PC602583,0.0883337260079982,0,0
PC602770,0.0027863393830695,0,0
PC602805,0.0011885757558047,0,0
PC602886,0.097804450523332,0,0
PC602931,0.0081454929722456,0,0
PC602952,0.326187811791897,0,0
PC603018,0.204732095300307,0,0
PC603031,0.0689326077699661,0,0
PC603067,0.93884965240727,1,1
PC603102,0.0167355087021027,0,0
PC603121,0.995606152101177,1,1
PC603187,0.282645035499945,0,0
PC603298,0.366495043039322,1,0
PC603343,0.016605888589781,0,0
PC603404,0.128138531049268,0,0
PC603514,0.167748268733249,0,0
PC603962,0.0541968644033699,0,0
PC603968,0.0488425083458424,0,0
PC604157,0.0529961630150123,0,0
PC604405,0.0023986350236652,0,0
PC604458,0.189047992229462,0,0
PC605027,0.0419325663707051,0,0
PC605134,0.077492319047451,0,0
PC605179,0.01758176236694,0,0
PC605235,0.42850667635168,0,0
PC605346,0.116694199401456,0,0
PC605387,0.807835280895233,0,1
PC605444,0.274710578854093,0,0
PC605467,0.0011937522596666,0,0
PC605507,0.0302887422782289,0,0
PC605509,0.0027335504929474,0,0
PC605526,0.0835517266011829,0,0
PC605577,0.0048445946811331,0,0
PC605708,0.0009987732964951,0,0
PC605731,0.441095247612161,1,0
PC605739,0.0632967136345934,0,0
PC605810,0.0343064027916254,0,0
PC605946,0.267757393061854,0,0
PC606008,0.0641525827738412,0,0
PC606083,0.0337049436656017,0,0
PC606091,0.0065890070982277,0,0
PC606306,0.0042900292700154,0,0
PC606396,0.0181521523453418,0,0
PC606440,0.118341791177639,0,0
PC606519,0.0113570626160932,0,0
PC606618,0.0518874432727787,0,0
PC606757,0.401607518163273,0,0
PC606899,0.846937281409587,1,1
PC606909,0.0020775471286204,0,0
PC606975,0.0255251048688091,0,0
PC607029,0.0174512827543767,0,0
PC607141,0.0167178075204236,0,0
PC607188,0.004332512518708,0,0
PC607240,0.341051161289215,0,0
PC607356,0.0375050765450862,0,0
PC607368,0.294429579675029,1,0
PC607571,2.89497984340414e-05,0,0
PC607651,0.003571742078769,0,0
PC607727,0.0445041172206402,0,0
PC607757,0.0015888742984664,0,0
PC608037,0.39763355255127,0,0
PC608175,0.312664142753705,1,0
PC608356,0.0537695251405239,0,0
PC608435,0.178051547560262,0,0
PC608454,0.908335132353638,1,1
PC608569,0.0206485472153872,0,0
PC608656,0.114502497316004,0,0
PC608683,0.0567180629549501,0,0
PC608739,0.0151735585636341,0,0
PC608774,0.10835575326985,0,0
PC608945,0.0480726696550846,0,0
PC609107,0.123165002351121,0,0
PC609288,0.733246463202984,0,1
PC609357,0.0695269707108707,0,0
PC609365,0.074709460978195,0,0
PC609384,0.0895465640166754,0,0
PC609479,0.945511877536774,0,1
PC609646,0.223228160069192,0,0
PC609762,0.0023388976696878,0,0
PC609796,0.0025757582228365,0,0
PC609800,0.926237610639257,1,1
PC609872,0.0257902951461069,0,0
PC609979,0.212824439680041,0,0
PC609996,0.572964363853344,0,1
PC610036,0.0018781367505151,0,0
PC610092,0.0541797741973036,0,0
PC610283,0.0008516399198232,0,0
PC610288,0.156349662847661,0,0
PC610393,0.0223274519713554,0,0
PC610397,0.0008469361346215,0,0
PC610446,0.01467421238707,0,0
PC610476,0.682931719052846,0,1
PC610793,0.116184461066385,0,0
PC610862,0.373640860824178,0,0
PC611236,0.220803838122115,0,0
PC611267,0.01677106055679,0,0
PC611376,0.0491700592301727,0,0
PC611473,0.0255371835082769,0,0
PC611518,0.0487187565901936,0,0
PC611656,0.0394205402131164,0,0
PC611691,0.0072074819799662,0,0
PC611709,0.128857501480584,0,0
PC611784,0.283712289057243,0,0
PC611886,0.858388001297644,0,1
PC611913,0.183392373120287,0,0
PC611930,0.0410805965570839,0,0
PC611985,0.0624290470052932,0,0
PC612023,0.349249076812378,0,0
PC612073,0.0001321820686505,0,0
PC612163,0.0458553284406662,0,0
PC612195,0.175789455105845,0,0
PC612273,0.0418181813107732,0,0
PC612355,0.0223369688293854,0,0
PC612492,0.0170716043308522,0,0
PC612531,0.0795841070649593,0,0
PC612625,0.573739584564973,0,1
PC612694,0.135456588798808,0,0
PC612741,0.025934628140548,0,0
PC612865,0.380721263066613,0,0
PC612956,0.0353813180678168,0,0
PC612977,0.347183778482273,0,0
PC613051,0.277981225909442,1,0
PC613260,0.186856953644337,0,0
PC613299,0.0025294434603008,0,0
PC613303,0.001691383193247,0,0
PC613558,0.127504274249077,0,0
PC613714,0.0448290758164136,0,0
PC613872,0.103875732171104,0,0
PC613902,0.582575262071377,1,1
PC614006,0.83853582113604,1,1
PC614336,0.0164850248709984,0,0
PC614437,0.192093804849116,0,0
PC614456,0.342012200965495,0,0
PC614489,0.124434614122794,0,0
PC614598,0.0079041081480681,0,0
PC614736,0.0504061609649582,0,0
PC614934,0.138974194231519,0,0
PC614970,0.146874971572867,0,0
PC615035,0.112614406156354,0,0
PC615259,0.0611311132286457,0,0
PC615348,0.764569510099084,1,1
PC615436,0.0418333692375686,0,0
PC615469,0.269180696871545,0,0
PC615994,0.0275663062930107,0,0
PC616172,0.0647338964350122,0,0
PC616285,0.16614797998428,0,0
PC616509,0.385075540600452,0,0
PC616535,0.10094592663226,0,0
PC616646,0.664967590799699,0,1
PC616672,0.019400340483503,0,0
PC616700,0.12072667428872,0,0
PC616878,0.0482932563682744,0,0
PC616912,0.0849175909679292,0,0
PC616927,0.0975298019645023,0,0
PC617046,0.182832410507233,1,0
PC617053,0.136909887194633,0,0
PC617081,0.0159646650967922,0,0
PC617286,0.0052199048596626,0,0
PC617321,0.0264987871050835,0,0
PC617345,0.0364288650453091,0,0
PC617420,0.0121149726322796,0,0
PC617450,0.0280783087658345,0,0
PC617468,0.056360754774643,0,0
PC617471,0.0083254431374371,0,0
PC617559,0.0019496625601104,0,0
PC617564,0.059268376461969,0,0
PC617594,0.0027931816875934,0,0
PC617636,0.0037737041400872,0,0
PC617671,0.0136806822947302,0,0
PC617728,0.0741889837218073,1,0
PC617739,0.172142448776536,0,0
PC617907,0.0403890436846603,0,0
PC618090,0.0116365519081304,0,0
PC618138,0.0209140507203346,0,0
PC618406,0.0012722256360575,0,0
PC618457,0.223968664082764,0,0
PC618891,0.343732700864441,0,0
PC618965,0.121887842292249,0,0
PC619196,0.0015406945809798,0,0
PC619197,0.217474729040942,0,0
PC619403,0.230269864201546,0,0
PC619598,0.016603821888566,0,0
PC619734,0.0110744197961677,0,0
PC619803,0.0574348876629228,0,0
PC620000,0.0038296641275017,0,0
PC620131,0.107218859865222,0,0
PC620261,0.220868375519632,0,0
PC620323,0.0003252044025444,0,0
PC620447,0.0041282369496855,0,0
PC620465,0.764655076771331,1,1
PC620834,0.0918602082094445,0,0
PC621184,0.768140723587761,1,1
PC621191,0.0599547139230112,0,0
PC621215,0.0269712240297,0,0
PC621270,0.0594281023012773,0,0
PC621395,0.0577280529375587,0,0
PC621535,0.220696173657486,0,0
PC621653,0.251444291371878,0,0
PC621680,0.0045532037385797,0,0
PC621743,0.0007983915274962,0,0
PC621903,0.203370037245486,0,0
PC621933,0.810818585402825,1,1
PC621994,0.054797163294127,0,0
PC622109,0.360797838627181,0,0
PC622277,0.128161062464021,0,0
PC622313,0.0243885349512634,0,0
PC622399,6.36573856944318e-05,0,0
PC622443,0.681491890535262,0,1
PC622451,0.0216626864125875,0,0
PC622493,0.0112437345087528,0,0
PC622564,0.0298480881068251,0,0
PC622613,0.0014475150393022,0,0
PC622854,0.0739599171760071,0,0
PC622980,0.0219691227299765,0,0
PC623302,0.470840699119527,1,0
PC623321,0.0104552851989865,0,0
PC623592,0.0176711938173515,0,0
PC623668,0.285878470599893,0,0
PC623694,0.136008066261018,0,0
PC623817,0.181456627167137,0,0
PC623832,0.0840956109345808,0,0
PC623841,0.109856504772399,0,0
PC623861,0.743826156712553,1,1
PC623953,0.0832505552318153,0,0
PC623969,0.537552841963883,0,1
PC624022,0.0313904494415065,0,0
PC624068,0.464755123928962,0,0
PC624218,0.0076703821422132,0,0
PC624269,0.0144450902915865,0,0
PC624270,0.0105388285592198,0,0
PC624317,0.356051596588102,1,0
PC624598,0.0375983044505119,0,0
PC624779,0.0282653677010328,0,0
PC624887,0.112357283614773,0,0
PC625229,0.0577650280690104,0,0
PC625264,0.0051447285011862,0,0
PC625272,0.009639773517847,0,0
PC625386,0.696775426155371,1,1
PC625478,0.484758620842227,0,0
PC625559,0.435649544000626,0,0
PC625709,0.0234718857461522,0,0
PC625779,0.0487862537102475,0,0
PC625922,0.0153782751727905,0,0
PC625977,0.0358703394915789,0,0
PC626429,0.0143079931574611,0,0
PC626565,0.104055255184901,0,0
PC626575,0.990943160677745,1,1
PC626974,0.023101841126446,0,0
PC627014,4.15443082601996e-06,0,0
PC627119,0.0720377559674548,0,0
PC627263,0.504498613603187,0,1
PC627303,0.008210230641825,0,0
PC627351,0.0169084333999228,0,0
PC627355,0.59227116551437,1,1
PC627454,0.0265380867853204,0,0
PC627573,0.0021954551339149,0,0
PC627624,0.259902721058998,0,0
PC627652,0.137688057428437,0,0
PC627664,0.0320445770548545,0,0
PC627668,0.752748077677697,1,1
PC627810,0.0242826948169327,0,0
PC627952,0.370869016531726,0,0
PC627963,0.0197575035301483,0,0
PC628111,0.0367250056590862,0,0
PC628214,0.265627973456294,0,0
PC628346,0.0463483667463289,0,0
PC628348,0.0459300586728698,0,0
PC628427,0.0142907982664557,0,0
PC628441,0.120289919103505,0,0
PC628529,0.0602086521685123,0,0
PC628568,0.0031218916990647,0,0
PC628784,0.0604982413351536,0,0
PC628928,0.178903041459562,0,0
PC628934,0.0086573770908159,0,0
PC629030,0.519785234628732,0,1
PC629077,0.0197235587984324,0,0
PC629129,0.328431218862534,0,0
PC629142,0.0102312481030822,0,0
PC629307,0.0710330784899518,0,0
PC629409,0.567605972290039,0,1
PC629589,0.132245312934487,0,0
PC629789,0.418038860510544,0,0
PC629925,0.191099859767894,0,0
PC629944,0.013484334038069,0,0
PC629957,0.072455189366732,0,0
PC629968,0.0497485832497217,0,0
PC630032,0.0010349955409765,0,0
PC630076,0.0128514475115408,0,0
PC630115,0.0282967821007869,0,0
PC630159,0.0001601166586624,0,0
PC630165,0.0040260017849504,0,0
PC630308,0.161863536098038,0,0
PC630368,0.0036431768442279,0,0
PC630372,0.0155969647150068,0,0
PC630467,0.679031122456952,1,1
PC630474,0.211735318882616,0,0
PC630544,0.175227355939608,1,0
PC630584,0.123053125674436,0,0
PC630623,0.0062776650302112,0,0
PC630903,0.172271047382771,0,0
PC630962,0.149385317665413,0,0
PC631095,0.0079458549706851,0,0
PC631126,0.0234331340282583,0,0
PC631148,0.545492845219235,0,1
PC631636,0.0127390645346631,0,0
PC631772,0.0868151575577107,0,0
PC631789,0.012941324825214,0,0
PC631857,0.0076867207539397,0,0
PC631907,0.023060136890387,0,0
PC631968,0.0356573531248584,0,0
PC632010,0.565469503730125,0,1
PC632105,0.0003148293005634,0,0
PC632260,0.17918478232694,0,0
PC632266,0.0322180959191037,0,0
PC632308,0.0756059639328343,0,0
PC632333,0.0005103791481815,0,0
PC632375,0.0715406869376362,0,0
PC632398,0.420046070823093,0,0
PC632560,0.210614268004629,0,0
PC632584,0.0081334779219775,0,0
PC632657,0.115331607238403,0,0
PC632772,0.417022825300708,0,0
PC632832,0.0068325703166678,0,0
PC632848,0.248970294757545,0,0
PC632911,0.640126716583971,1,1
PC632935,0.454852104607709,0,0
PC633090,0.029159658286204,0,0
PC633413,0.724556295434719,1,1
PC633522,0.0288851598044179,0,0
PC633530,0.190545207323439,0,0
PC633557,0.0450486046026864,0,0
PC633593,0.0692518500895767,0,0
PC633638,0.0518807160307174,0,0
PC633670,0.919556558132172,0,1
PC633717,0.0528795532882214,0,0
PC633910,8.29913187772036e-05,0,0
PC633918,0.0411792445545938,0,0
PC633922,0.0082670647650406,0,0
PC634068,0.0039677807528499,0,0
PC634236,0.362600918969406,0,0
PC634250,0.0031320533536197,0,0
PC634305,0.310727965541002,0,0
PC634308,0.0413953419224622,0,0
PC634482,0.0008862814866006,0,0
PC634761,0.0079633283989464,0,0
PC634835,0.0020973054964079,0,0
PC635004,0.0486396734336456,0,0
PC635015,0.547509711947601,0,1
PC635101,0.140647553649062,0,0
PC635218,0.0965227279164654,0,0
PC635290,0.146692067758027,0,0
PC635299,0.003960857274713,0,0
PC635322,0.0625325422615281,0,0
PC635523,0.411579862043455,0,0
PC635652,0.0308454611716779,0,0
PC635661,0.0346906077158848,0,0
PC635944,0.161143656099315,0,0
PC635981,7.48995811187438e-06,0,0
PC636064,0.005814588163048,0,0
PC636195,0.235528133532593,0,0
PC636538,0.0003953679317178,0,0
PC636547,0.0060891383291762,0,0
PC636698,0.347415954478315,0,0
PC636770,0.0997392276022052,0,0
PC636794,0.146961811803965,0,0
PC636802,0.1380535364151,0,0
PC636964,0.110400675544076,0,0
PC637045,0.0076643023639917,0,0
PC637207,0.197313897211264,0,0
PC637265,0.0146531581432901,0,0
PC637266,0.973170399665833,0,1
PC637379,0.163344371016231,0,0
PC637405,0.0467198335724104,0,0
PC637552,0.0428147160576608,0,0
PC637577,0.320370459482471,1,0
PC638036,0.120814407988632,0,0
PC638062,0.02470639092378,0,0
PC638079,0.286831363907809,0,0
PC638112,0.0920158252120018,0,0
PC638262,0.0473152706136475,0,0
PC638487,0.180248263305385,0,0
PC638534,0.0073277979994016,0,0
PC638698,0.217321634971484,0,0
PC638721,0.012626683429933,0,0
PC638737,0.101912005611816,0,0
PC638738,0.0477921014584331,1,0
PC638759,0.180477900478858,0,0
PC638789,6.9279918451739e-05,0,0
PC639156,0.114357240633637,0,0
PC639173,0.0024949349372097,0,0
PC639459,0.45151891545616,1,0
PC639497,0.0241468700978794,0,0
PC639546,0.008211669512093,0,0
PC639643,0.160936800379424,0,0
PC639757,0.215791310416634,0,0
PC639824,0.0820259526371956,0,0
PC639887,0.451432231283452,1,0
PC639918,0.0652873814862575,0,0
PC640129,0.0267586302992182,0,0
PC640138,0.219595819358298,0,0
PC640191,0.645172824411828,1,1
PC640409,0.208191440763584,1,0
PC640434,0.0986600884228537,0,0
PC640441,0.0083648404106497,0,0
PC640467,0.160514705891519,0,0
PC640527,0.606111056403905,0,1
PC640528,0.0320604782048382,0,0
PC640544,0.242454420117771,0,0
PC640572,0.0003211125116107,0,0
PC640610,0.0249238506082583,0,0
PC640611,0.111219408752597,1,0
PC640711,0.140192553400993,0,0
PC640765,0.0161319661768893,0,0
PC640855,0.0216101604596148,0,0
PC641011,0.291942635965329,0,0
PC641043,0.0123296338741833,0,0
PC641121,0.0480285842275462,0,0
PC641128,0.0153200897972152,0,0
PC641213,0.090960011365933,0,0
PC641396,0.0258581841146264,0,0
PC641407,0.381964321169729,0,0
PC641409,0.139581632180852,0,0
PC641423,0.0517460545842511,0,0
PC641620,0.0371617925694467,0,0
PC641748,0.513010058329081,1,1
PC641776,0.280378533388271,0,0
PC641865,0.656029462814331,0,1
PC641879,0.0024526938201313,0,0
PC641974,0.0057244474322467,0,0
PC642094,0.798592746257782,0,1
PC642095,0.924045280734105,0,1
PC642155,0.0942340269544415,0,0
PC642349,0.423459677073118,1,0
PC642385,0.200713559985161,0,0
PC642422,0.192647783644593,1,0
PC642598,0.110101356527572,0,0
PC642889,3.38275021931622e-05,0,0
PC643143,0.558552126953567,1,1
PC643288,0.0574357539081749,0,0
PC643402,0.9654381275177,0,1
PC643778,0.0071945984536423,0,0
PC643828,0.0162170163676137,0,0
PC643830,0.0041079585619779,0,0
PC644053,0.0099386146904582,0,0
PC644074,0.0432791195286027,0,0
PC644391,0.0234288312494755,0,0
PC644414,0.0757852420210838,0,0
PC644524,0.0047915615141391,0,0
PC644547,0.0024988478980958,0,0
PC644596,0.0206403993070126,0,0
PC644740,0.159453285685536,0,0
PC644794,0.0127065284177661,0,0
PC644872,0.001769745452211,0,0
PC645027,0.0116149650514126,0,0
PC645074,0.435272293188436,0,0
PC645124,0.45099725471781,0,0
PC645143,0.0574159844450702,0,0
PC645279,0.0389632040026609,0,0
PC645374,0.006643179147806,0,0
PC645568,0.0001316109498312,0,0
PC645658,0.14799590408802,0,0
PC645691,0.150347619343277,0,0
PC645824,0.301162146285853,0,0
PC645900,0.0778082560519783,0,0
PC645929,0.0624472478285749,0,0
PC646043,0.247256394116663,1,0
PC646086,0.401005043275829,0,0
PC646159,0.154145272354586,0,0
PC646196,0.0304816104471684,0,0
PC646346,0.633758264371476,0,1
PC646491,0.140092756998936,0,0
PC646590,0.357310226118123,0,0
PC646811,0.0136094252933949,0,0
PC646821,0.0096001475589781,0,0
PC646891,0.169785834006055,1,0
PC647450,0.0001230674499137,0,0
PC647478,0.0094761866763424,0,0
PC647507,0.0135852384041536,0,0
PC647692,0.541390009419911,0,1
PC647733,9.94326910586096e-06,0,0
PC647747,0.0030097221024334,0,0
PC647986,0.0252543385215731,0,0
PC648086,0.0002679893247079,0,0
PC648662,0.0720653733515772,1,0
PC648801,0.119996081786421,0,0
PC649078,0.225771706091555,0,0
PC649144,0.385014390510494,0,0
PC649177,0.074256867170334,0,0
PC649318,0.167133719999004,0,0
PC649505,0.231911334911804,0,0
PC649543,0.0385898173302618,0,0
PC649611,0.809108956330214,1,1
PC649626,0.74933359837069,1,1
PC649846,0.0047455994418553,0,0
PC649902,0.131250318198036,0,0
PC649924,0.122588203583524,0,0
PC649936,0.701587617397308,0,1
PC650086,0.141858661273993,0,0
PC650226,0.133370344408755,0,0
PC650245,0.0149877117095389,0,0
PC650364,0.0034808095078915,0,0
PC650461,0.121361525128572,0,0
PC650513,0.0030374289076187,0,0
PC650936,0.0722257284401874,0,0
PC650951,0.0335373365301259,0,0
PC651205,0.000822038548802,0,0
PC651230,0.0580595012486024,0,0
PC651458,0.320929283770502,0,0
PC651504,0.0220631163342759,0,0
PC651578,0.0064120905652166,0,0
PC651596,0.238454047041458,0,0
PC651642,0.150119401833049,0,0
PC651810,0.138010106970018,0,0
PC651965,0.0767125411732258,0,0
PC651969,0.164063535233255,1,0
PC652145,0.0005074875430783,0,0
PC652315,0.0048390353169055,0,0
PC652546,0.168156888603216,0,0
PC652674,0.168514993983171,0,0
PC652690,0.0145014240237434,0,0
PC652740,0.724387440854804,1,1
PC652825,0.651523385269338,0,1
PC652949,0.0107773299736932,0,0
PC653107,0.0011617172416499,0,0
PC653173,2.57405863521853e-05,0,0
PC653601,0.0436650230110328,0,0
PC653874,0.130066047817556,0,0
PC653977,0.107252758467592,0,0
PC654055,0.0383285712668341,0,0
PC654255,0.341235756874084,0,0
PC654346,0.555281603589971,1,1
PC654386,0.430915582292485,0,0
PC654526,0.157565585030314,0,0
PC654753,0.0068439953029155,0,0
PC654766,0.0070703157507341,0,0
PC654775,0.248996035531024,0,0
PC654891,0.203270401273455,0,0
PC655134,0.0103146240229481,0,0
PC655172,0.543753325939178,0,1
PC655234,0.0065826261416077,0,0
PC655236,0.0008376087654861,0,0
PC655315,0.289234234528108,0,0
PC655623,0.452907021477922,1,0
PC655654,0.154160285255889,0,0
PC655659,0.0314576859784491,0,0
PC655717,0.216289071144758,0,0
PC655773,0.0720814919288703,1,0
PC655855,0.820747021351455,0,1
PC655977,0.0105210677806663,0,0
PC656151,0.0031894740269065,0,0
PC656169,0.0140822663464967,0,0
PC656177,0.268338726875477,0,0
PC656198,0.702419748020177,1,1
PC656261,0.150892437479414,0,0
PC656273,0.0454154917087814,0,0
PC656296,0.0792242884635925,0,0
PC656341,0.0814068972374318,0,0
PC656440,0.0110933839547215,0,0
PC656520,0.661381542682648,0,1
PC656843,0.760623122532692,1,1
PC657125,0.603151336681744,0,1
PC657131,0.0184078542113626,0,0
PC657214,0.0153964538361139,0,0
PC657221,0.483389296744292,0,0
PC657240,0.0036298449464478,0,0
PC657319,0.181839531510277,0,0
PC657356,0.0094660914219845,0,0
PC657363,0.517155022212932,0,1
PC657369,0.246664994904198,0,0
PC657378,0.110395097381018,0,0
PC657578,0.0089413917087426,0,0
PC657755,0.0267554672831311,0,0
PC657758,0.0064587998203933,0,0
PC657809,0.022379083558917,0,0
PC657935,0.0790536972458679,1,0
PC658185,0.11119263053124,0,0
PC658466,0.0025617927312851,0,0
PC658532,0.0263254293596428,0,0
PC658871,0.0061255652626403,0,0
PC659054,0.0053157179962684,0,0
PC659056,0.0001211102717206,0,0
PC659307,0.0041739869668796,0,0
PC659421,0.34023044690909,0,0
PC659489,0.098700833136868,0,0
PC659593,0.0011026737816687,0,0
PC659615,0.222443865983451,1,0
PC659712,0.0773053020238876,0,0
PC659841,0.138731735069666,0,0
PC659845,0.0254243750615735,0,0
PC659939,0.212941086241068,0,0
PC660094,0.176620277197336,0,0
PC660103,0.0727812116388726,0,0
PC660139,0.0743287989753298,0,0
PC660423,0.0658293500972858,0,0
PC660503,0.284002560795883,1,0
PC660515,0.0007420729284079,0,0
PC660570,0.151956864712196,0,0
PC660572,0.0251555424183607,0,0
PC660638,0.0713473027169861,0,0
PC660740,0.0567072869460152,0,0
PC660807,0.0161145910033551,0,0
PC660898,0.0117988992592233,0,0
PC661050,0.0306977518478927,0,0
PC661069,0.0673830059458507,0,0
PC661116,0.0043567260727286,0,0
PC661424,0.108523517847061,0,0
PC661425,0.0684434622526169,0,0
PC661549,0.323137823946759,0,0
PC661675,0.0210595478952801,0,0
PC661780,0.0088859879599123,0,0
PC661783,0.0098525892429185,0,0
PC661898,0.0092751328242995,0,0
PC662003,0.219307561332871,0,0
PC662109,0.0238803197093374,0,0
PC662241,0.187618649462666,0,0
PC662253,0.0114503408419585,0,0
PC662385,0.176644633458648,0,0
PC662396,0.0755659553020931,0,0
PC662434,0.0039169332012534,0,0
PC662473,0.013924514062815,0,0
PC662780,0.214024267731473,0,0
PC662799,0.2451364621024,0,0
PC662803,0.0355547471329189,0,0
PC662812,0.0439826550239323,0,0
PC662848,0.188417696518027,0,0
PC662882,0.13526137920898,0,0
PC663172,0.15517743799402,0,0
PC663217,0.0056002936325967,0,0
PC663294,0.16921896075377,0,0
PC663431,0.251647922423334,0,0
PC663443,0.932971903606737,1,1
PC663524,0.334968634601384,0,0
PC663567,0.195174768567085,0,0
PC663571,0.149811172926867,0,0
PC663576,0.948212702834164,0,1
PC663976,0.183418076222813,0,0
PC664038,0.0095468216377799,0,0
PC664073,0.128855862760746,0,0
PC664113,0.001645037113513,0,0
PC664118,0.0598848178940624,0,0
PC664133,0.185599654912949,0,0
PC664154,0.0462693018649367,0,0
PC664535,0.176378771072269,0,0
PC664718,0.0429315211139791,0,0
PC664722,0.0068618380901171,0,0
PC664858,0.0729483583348287,0,0
PC664890,0.03486642614007,0,0
PC664914,0.0331895518840425,0,0
PC664918,0.489029835964983,0,0
PC664919,0.0691961981815389,0,0
PC664932,0.275910615849893,0,0
PC665091,0.0086242345802136,0,0
PC665207,0.0123346447154814,0,0
PC665595,0.0085041099425991,0,0
PC665627,0.0840282674474889,0,0
PC665702,0.0174604706502483,0,0
PC665753,0.107237836442963,0,0
PC665788,0.229015454649925,0,0
PC665844,0.0034100521448362,0,0
PC665873,0.29039505397333,0,0
PC665989,0.057102831603524,0,0
PC666118,0.187731459736824,0,0
PC666349,0.343047097397224,1,0
PC666394,0.0002876685757655,0,0
PC666532,0.0576853352396133,0,0
PC666549,0.0180854955117379,0,0
PC666628,0.0557573250001534,0,0
PC666684,0.0610382583561295,0,0
PC666748,0.0345537317407952,0,0
PC667103,0.0565786776841913,0,0
PC667249,0.0078330295971338,0,0
PC667269,0.0071112649138881,0,0
PC667293,0.807009772180849,1,1
PC667715,0.128225156910011,0,0
PC667721,0.610099518462777,1,1
PC667877,0.37275168299675,0,0
PC667938,0.0409993782500325,0,0
PC668124,0.598696162874215,1,1
PC668188,0.410892163713773,1,0
PC668443,0.0145281583097348,0,0
PC668451,0.117261375990337,0,0
PC668489,0.0146656386879978,0,0
PC668547,0.0075513415370436,0,0
PC668570,0.78887522170447,0,1
PC668641,0.0042484269663243,0,0
PC668697,0.589210223279908,1,1
PC668700,0.0280922691131013,0,0
PC668799,0.119459532374957,0,0
PC668902,0.18572299182415,0,0
PC669081,0.0245034423236624,0,0
PC669225,0.0044725006620321,0,0
PC669377,0.0952623191641995,0,0
PC669436,0.32453903992228,0,0
PC669638,0.0025654426514656,0,0
PC669678,0.0071591612096368,0,0
PC669864,0.0222633575989205,0,0
PC669917,5.79299553290749e-05,0,0
PC670034,0.0131818165596436,0,0
PC670056,0.0255134998392449,0,0
PC670159,0.137850672006607,0,0
PC670198,0.219181344552237,0,0
PC670199,0.0289305725979699,0,0
PC670237,0.0913690362007922,0,0
PC670520,0.0019300060965715,0,0
PC670619,0.0218233127807267,0,0
PC670813,0.142991736531258,0,0
PC671267,0.0111433465362471,0,0
PC671269,0.307832568883896,0,0
PC671270,0.100602711969312,1,0
PC671344,0.300646275281906,0,0
PC671857,0.40367863685653,0,0
PC671917,0.342656135559082,0,0
PC671953,0.345315428363928,0,0
PC672011,0.166991655534084,0,0
PC672139,0.242210729011698,0,0
PC672245,0.0003313008613612,0,0
PC672265,0.0190685031568041,0,0
PC672270,0.0001781247257686,0,0
PC672421,0.123463485224613,0,0
PC672445,0.0013310168290811,0,0
PC672518,0.0458773279109338,0,0
PC672781,0.0061137504733405,0,0
PC672784,0.0025037719573283,0,0
PC672868,0.185877826459522,0,0
PC672897,0.0488292301131017,0,0
PC673018,0.159784197807312,0,0
PC673034,0.30245492714077,0,0
PC673292,0.0029639528184658,0,0
PC673302,0.403182618809763,0,0
PC673331,0.385473722895017,0,0
PC673332,0.828397810459137,0,1
PC673334,0.0003487270681869,0,0
PC673357,0.247851073741913,0,0
PC673440,0.0732969021680256,0,0
PC673508,0.164877116680145,0,0
PC673664,0.000507513321877,0,0
PC673913,0.175585167962876,1,0
PC673927,0.0665009113560829,0,0
PC673951,0.025273710039043,0,0
PC674091,0.286893401442274,0,0
PC674223,0.0002424426347715,0,0
PC674251,0.0357493579602844,0,0
PC674311,1.93618993655671e-05,0,0
PC674313,0.0054233064875006,0,0
PC674415,0.110520784018094,0,0
PC674556,0.672901726951284,0,1
PC674807,0.0060516875200855,0,0
PC674828,2.52794379775878e-05,0,0
PC674836,0.0146163366446758,0,0
PC675066,1.40798254675397e-05,0,0
PC675171,0.420677218155455,0,0
PC675307,0.214459681160147,1,0
PC675395,0.0026110988110303,0,0
PC675557,0.595147345428951,1,1
PC675609,0.0432770252227783,0,0
PC675716,0.10097324569319,0,0
PC675718,0.0007125017616678,0,0
PC675913,0.130622211637478,0,0
PC676202,0.0169082133078186,0,0
PC676415,0.111300850790893,0,0
PC676430,0.030403174867599,0,0
PC676658,0.0469643722404226,0,0
PC676674,0.0208598802080589,0,0
PC676734,0.013054926879704,0,0
PC676794,0.160434767603874,0,0
PC676827,0.0034709626343101,0,0
PC677053,0.977111234688799,0,1
PC677390,0.0138965978701895,0,0
PC677588,0.0565390743909091,0,0
PC677607,0.0343705367379052,0,0
PC677719,0.302332655635663,0,0
PC677739,0.068445241192511,0,0
PC677758,0.577087726365737,0,1
PC677900,0.248104772173946,1,0
PC677907,0.0559190890986799,0,0
PC678191,0.0003946699725929,0,0
PC678402,0.0238893917071056,0,0
PC678450,0.0170831946924943,0,0
PC678568,0.0898965984322619,0,0
PC678575,0.0586361796640511,0,0
PC678586,0.0205405518358107,0,0
PC678635,0.521614688806061,0,1
PC678763,0.0574698186291006,0,0
PC678767,0.990548565515341,1,1
PC678809,0.0634785845792026,0,0
PC678896,0.159154059391626,0,0
PC678950,0.253200562150629,0,0
PC679198,0.0165449548512697,0,0
PC679208,0.0086761489510536,0,0
PC679219,0.474162305168859,0,0
PC679266,0.344221442937851,0,0
PC679287,0.43174546957016,0,0
PC679383,0.35872565012236,0,0
PC679477,0.0072630756978632,0,0
PC679569,0.407791699677357,0,0
PC679587,0.0140596022486174,0,0
PC679716,0.0072801490870318,0,0
PC679881,4.38136386295877e-05,0,0
PC679921,0.427614321680313,1,0
PC679968,0.476243105711858,1,0
PC679996,1.41039490699768e-05,0,0
PC680279,0.797364890575409,0,1
PC680376,0.353998651902831,0,0
PC680467,0.0188059961994865,0,0
PC680620,0.019850834163985,0,0
PC680686,0.0005916327354498,0,0
PC680782,0.205131530761719,0,0
PC680795,0.644544465377635,1,1
PC680882,0.0116414399817586,0,0
PC681170,0.0248651708098888,0,0
PC681406,0.283111966053847,1,0
PC681409,0.158965408881399,0,0
PC681512,0.0226984228558686,0,0
PC681547,0.0021377173803038,0,0
PC681640,0.0386910066008568,0,0
PC681814,0.0075022722713459,0,0
PC681942,0.0514408685886192,0,0
PC681972,0.0332052551919135,0,0
PC682132,0.0410574983200398,0,0
PC682172,0.235581517219543,0,0
PC682212,0.0128313861787319,0,0
PC682230,0.0955175233901835,0,0
PC682295,0.60030871629715,0,1
PC682307,0.330183860454851,0,0
PC682365,0.0917080310250615,0,0
PC682417,0.0035429275594651,0,0
PC682435,0.437682241201401,0,0
PC682487,0.0628024243502594,0,0
PC682499,0.0598916555104686,0,0
PC682549,0.0061137055245089,0,0
PC682561,0.372583133223594,1,0
PC682720,0.00898935187608,0,0
PC682867,0.135692270900191,0,0
PC683070,0.440306345744996,0,0
PC683138,0.0842775380441928,0,0
PC683186,0.0882146106154288,0,0
PC683193,0.0158933071057458,0,0
PC683282,0.137994021177292,0,0
PC683290,0.0606103940885895,0,0
PC683300,0.0040649455264703,0,0
PC683332,0.0800669323300757,0,0
PC683379,0.032345943244887,0,0
PC683409,0.353932612261526,1,0
PC683508,0.0701066489073347,0,0
PC683578,0.0274160080056154,0,0
PC683597,0.0228013558447977,0,0
PC683627,0.169119217502537,0,0
PC683846,0.0446500035796792,0,0
PC683940,0.804581326932418,0,1
PC684203,0.0262355220510327,0,0
PC684447,0.0059184184749386,0,0
PC684473,0.002473811201417,0,0
PC684572,0.0776577636274817,0,0
PC684606,0.122923802763065,0,0
PC684791,0.435172292349909,0,0
PC684859,0.544502749441434,1,1
PC684871,0.000395822027976,0,0
PC684878,0.267491203077138,0,0
PC684955,0.0462596516943819,0,0
PC685127,0.000505463394802,0,0
PC685162,0.745964965510898,0,1
PC685216,0.0325698993899064,0,0
PC685222,0.0138059798181281,0,0
PC685250,0.0123993334329053,0,0
PC685347,0.0197424795478582,0,0
PC685382,0.101783213997465,0,0
PC685471,0.0003061861330851,0,0
PC685478,0.0606935136429091,0,0
PC685522,0.0479587410232329,0,0
PC685619,0.0577190944636153,0,0
PC685821,0.164287232316749,0,0
PC685903,0.0692891851067543,0,0
PC686049,0.114538405578654,0,0
PC686182,0.455229097550068,0,0
PC686252,0.0419329597269717,0,0
PC686269,0.247204691171646,0,0
PC686384,0.167708907545227,0,0
PC686486,0.110138225451985,0,0
PC686514,0.0149024438624289,0,0
PC686541,0.382286526171342,1,0
PC686586,0.0003570094081713,0,0
PC686607,0.0104932988561382,0,0
PC686647,0.043684945878246,0,0
PC686701,0.205215260386467,0,0
PC686920,0.41287792012805,0,0
PC686963,0.0566612978488143,0,0
PC686987,0.0019485065765811,0,0
PC687106,0.0044999556567316,0,0
PC687353,0.0570631157428426,0,0
PC687423,0.0065844991798077,0,0
PC687472,0.0803824874487903,0,0
PC687489,0.27952589584677,0,0
PC687526,0.0246139716080184,0,0
PC687676,0.0160053386329789,0,0
PC687955,0.829789946374205,0,1
PC688027,3.12939710056526e-06,0,0
PC688155,0.0808431126484686,0,0
PC688252,0.646410771220437,1,1
PC688537,0.0753941538718901,0,0
PC688541,0.488490806226313,1,0
PC688859,0.0183326177670153,0,0
PC688893,0.0256182885723677,0,0
PC688975,0.038115795302649,0,0
PC689066,0.0312855905647879,0,0
PC689094,0.0130423108912975,0,0
PC689187,0.54109525680542,0,1
PC689374,0.246757194399834,0,0
PC689407,0.383956124739988,0,0
PC689422,0.0228406522051437,0,0
PC689695,0.0243229774631378,0,0
PC689698,0.0336925923353364,0,0
PC689713,4.34709588942243e-05,0,0
PC689737,0.0004321447464625,0,0
PC689862,0.0568080466421174,0,0
PC689993,0.0246076794828085,0,0
PC690006,0.0103690055287773,0,0
PC690060,0.198414126658882,0,0
PC690117,0.0484990261233689,0,0
PC690132,0.384973796128507,0,0
PC690183,0.227792674208526,0,0
PC690198,0.0805038958787918,0,0
PC690208,0.10464677327169,0,0
PC690289,0.244444431696278,0,0
PC690291,0.735710262388635,1,1
PC690341,0.0870916487224551,0,0
PC690347,0.0042886739663085,0,0
PC690411,0.0077091177308687,0,0
PC690444,0.0591121383395647,0,0
PC690455,0.0334738978149356,0,0
PC690497,0.0008250570009072,0,0
PC690599,0.804587578750139,1,1
PC690870,0.0552747146339644,0,0
PC690900,0.269677232974654,0,0
PC690931,0.220597820974086,0,0
PC691003,0.0127626236477127,0,0
PC691444,0.0218881019559431,0,0
PC691581,0.0418575173203602,0,0
PC691640,0.009663513307141,0,0
PC692111,0.195107702631503,0,0
PC692160,0.0539386925137752,0,0
PC692173,0.0651753595266393,0,0
PC692223,0.121375463284952,1,0
PC692318,0.457431139058788,0,0
PC692397,0.0700566093882354,0,0
PC692461,0.0001410552795277,0,0
PC692475,0.0941150036033753,0,0
PC692693,0.0993921004334518,0,0
PC692778,0.0153775876387954,0,0
PC692819,0.0696828033884659,0,0
PC692914,0.365920072122541,0,0
PC692953,0.201863629912788,0,0
PC693057,0.0067774490453302,0,0
PC693838,0.0238483194261789,0,0
PC693860,0.25502083727971,1,0
PC693882,0.0029817311922156,0,0
PC693989,0.0742455694043677,0,0
PC694034,0.0774363016826098,0,0
PC694221,0.043405827515116,0,0
PC694335,0.426426956643296,0,0
PC694412,0.0006983115849963,0,0
PC694414,0.0678327876289835,0,0
PC694416,0.0014292921405285,0,0
PC694621,0.0176392912258852,0,0
PC694880,0.361546252270733,0,0
PC694905,0.127584545419144,0,0
PC695036,0.0002775863030124,0,0
PC695056,0.0062783622830096,0,0
PC695079,0.228446572864466,0,0
PC695093,0.0013915767194703,0,0
PC695230,0.0957647636532784,0,0
PC695298,0.314974067260952,0,0
PC695351,0.233333209832691,0,0
PC695391,0.0882443151691183,0,0
PC695598,0.359811186790466,0,0
PC695670,0.251164307583635,0,0
PC695804,0.322726981455526,0,0
PC695845,0.217950202631608,0,0
PC695915,0.234172890663683,0,0
PC695918,0.0267458592368178,0,0
PC696050,0.366614242177277,0,0
PC696176,0.196337775134081,0,0
PC696200,0.0595879756684807,0,0
PC696232,0.0138224856927991,0,0
PC696233,0.0821685918468422,0,0
PC696261,0.0253607855064342,0,0
PC696344,0.040004413574934,0,0
PC696485,0.998693311797612,0,1
PC696498,0.0192023609643397,0,0
PC696507,0.0115482294767569,0,0
PC696520,0.002522793598473,0,0
PC696546,0.130286336237947,0,0
PC696627,0.221249330456895,0,0
PC696832,0.813228476930548,0,1
PC696899,0.442766308784485,0,0
PC697298,0.181103259213072,0,0
PC697472,0.0945377723133482,0,0
PC697517,0.0109309893243276,0,0
PC697567,0.0329134893417358,0,0
PC697770,0.0495331771671772,0,0
PC697861,0.0607533916777127,0,0
PC697922,0.032918049756478,0,0
PC698071,0.427688032388687,0,0
PC698164,0.386968720243463,0,0
PC698188,0.0586381582280561,0,0
PC698250,0.0342174724122658,0,0
PC698309,0.473943280137103,1,0
PC698360,0.395785305618255,0,0
PC698449,0.0163428237629344,0,0
PC698473,0.0789114829956316,0,0
PC698511,0.173127576708794,0,0
PC698558,0.0003164238878525,0,0
PC698581,0.0376787302455093,0,0
PC698663,0.0230321115507601,0,0
PC698787,0.109053298096138,0,0
PC698938,0.0011487102544828,0,0
PC699031,0.969705164432526,0,1
PC699064,0.417974842663502,0,0
PC699096,0.0945921614766121,0,0
PC699109,0.151788547404648,0,0
PC699213,0.0383927572282517,0,0
PC699288,0.842741600953498,1,1
PC699412,0.0148285996824671,0,0
PC699439,0.0269311509238413,0,0
PC699538,0.970615711819202,1,1
PC699551,3.91230630325881e-05,0,0
PC699768,0.0017012393800541,0,0
PC699981,0.0462526641786098,0,0
PC700092,0.0170989446341991,0,0
PC700131,0.475592404603958,0,0
PC700288,0.132768541574478,0,0
PC700601,0.669851686502353,1,1
PC700647,0.0512024779697192,0,0
PC700725,0.113976446969614,0,0
PC700795,0.161446616053581,0,0
PC700894,0.0032994491048157,0,0
PC700968,0.08853195728838,0,0
PC701044,0.194889773964004,0,0
PC701081,0.765166897298838,1,1
PC701255,0.654343234136087,0,1
PC701564,0.251621617733137,0,0
PC702095,0.187104342140593,0,0
PC702158,0.0096264006569981,0,0
PC702195,0.006478866583962,0,0
PC702212,0.446389764547348,0,0
PC702282,0.0010007584960202,0,0
PC702306,0.40948217868805,0,0
PC702495,0.0136849781570605,0,0
PC702592,0.163416866773094,0,0
PC702680,0.496222168207169,0,0
PC703131,0.326661131006437,0,0
PC703181,0.0082761980593204,0,0
PC703406,0.261455993351764,0,0
PC703443,0.0722970778545816,0,0
PC703502,0.152648144911869,0,0
PC703595,0.470990278367889,0,0
PC703596,0.278925738389467,0,0
PC703942,0.262653937447154,1,0
PC703983,0.178051092085253,0,0
PC704015,0.134972375141431,0,0
PC704143,0.236568723178031,0,0
PC704187,0.0066615301710257,0,0
PC704200,0.185979777949865,0,0
PC704207,0.032615625552389,0,0
PC704247,0.0051074036854769,0,0
PC704266,0.0394149571657181,0,0
PC704346,0.0741714015603065,0,0
PC704551,0.0016424878560246,0,0
PC704567,0.0319745391607285,0,0
PC704687,0.0954119363835491,0,0
PC704715,0.0089012696325416,0,0
PC704830,0.155356902156749,0,0
PC705186,0.0395342819392681,0,0
PC705204,0.169600881510794,0,0
PC705333,0.0734518174739446,0,0
PC705385,0.0119515703991055,0,0
PC705397,0.0215454193578887,0,0
PC705420,0.036978161174979,0,0
PC705474,0.043709016529145,0,0
PC705475,0.0312579360006227,0,0
PC705607,0.377278515624791,0,0
PC705621,0.351892659728159,0,0
PC705631,0.119476168527516,0,0
PC705672,0.135960591942885,0,0
PC705701,0.0051343624580051,0,0
PC705739,0.664219021606459,0,1
PC705780,0.0067043071612715,0,0
PC705783,0.0415179282426834,0,0
PC705806,0.113168098032475,0,0
PC705953,0.0067598537501433,0,0
PC706098,0.215747792023673,0,0
PC706118,0.0009088511494026,0,0
PC706144,0.0090801031770279,0,0
PC706149,0.36115298767779,0,0
PC706260,0.122186086706859,0,0
PC706261,0.43620414969631,1,0
PC706264,0.0060182172834174,0,0
PC706346,0.0748957597284111,0,0
PC706378,0.0432714929971898,0,0
PC706397,0.0300023332238197,0,0
PC706406,0.398711663722153,1,0
PC706494,0.0452916702919907,0,0
PC706567,0.0017681901808828,0,0
PC706696,0.266359150409698,0,0
PC706831,0.0759444024007601,0,0
PC706974,0.0320578168944247,0,0
PC707029,0.0353978750509104,0,0
PC707148,0.619236868520813,0,1
PC707199,0.0863002872646752,0,0
PC707446,0.0750025271268887,0,0
PC707604,0.28975324309548,0,0
PC707719,0.146511608336184,0,0
PC707857,0.002760675502941,0,0
PC708000,0.0001128435542341,0,0
PC708042,0.525830255455948,0,1
PC708104,0.009127272189628,0,0
PC708115,0.0417082569158032,0,0
PC708186,0.0007450549519489,0,0
PC708197,0.0845468677295672,0,0
PC708254,0.987006232755625,0,1
PC708267,0.232213567121008,0,0
PC708387,0.178301208143902,0,0
PC708433,0.0369336828589439,0,0
PC708565,0.0002911666512476,0,0
PC708626,0.0109470731429296,0,0
PC708701,0.314094573259354,0,0
PC708741,0.0641598431107822,0,0
PC708923,0.0225828604322086,0,0
PC708940,0.0005402821698226,0,0
PC708941,0.409220854826143,1,0
PC708955,0.140183042240076,0,0
PC709190,0.0199678745120764,0,0
PC709193,0.338155239442309,0,0
PC709203,0.052936571806884,0,0
PC709226,0.744640789920347,0,1
PC709233,0.286560263863643,1,0
PC709377,0.0086122843470559,0,0
PC709416,0.0858575709918463,0,0
PC709435,0.0108348298817873,0,0
PC709448,0.173970554245549,0,0
PC709494,0.0010273547377437,0,0
PC709536,0.252659588308107,0,0
PC709588,0.0362704583099173,0,0
PC709605,0.221643149406037,0,0
PC709625,0.386866708341826,0,0
PC709740,0.0058684738565094,0,0
PC709913,0.156155353855053,1,0
PC709921,0.0003336194825283,0,0
PC709977,0.0633100818614571,0,0
PC710012,0.0005304294172674,0,0
PC710254,0.0100005818530917,0,0
PC710386,0.0387730844608265,0,0
PC710429,0.424235542041029,0,0
PC710620,0.0065166121348738,0,0
PC710652,0.132102990927904,1,0
PC710860,0.141182028794591,0,0
PC710876,0.159850000980597,0,0
PC711030,0.0364724062752605,0,0
PC711147,0.030757740361029,0,0
PC711247,0.0632640739897226,1,0
PC711294,0.0803233832120895,0,0
PC711360,0.079727530799793,0,0
PC711538,0.0232147492343516,0,0
PC711889,0.0638210490326374,0,0
PC711908,0.169280327054495,0,0
PC712058,0.0111402321796296,0,0
PC712066,0.0027690585702657,0,0
PC712070,0.964502022566973,1,1
PC712116,0.0714805316013895,0,0
PC712130,0.0682561323046684,0,0
PC712179,0.0067476594685844,0,0
PC712236,0.160690227845558,0,0
PC712339,0.140431537863992,0,0
PC712467,0.0194173413522413,0,0
PC712664,0.125628313406761,0,0
PC712749,0.533503719674336,1,1
PC712830,0.0003276668817029,0,0
PC712922,0.506857335567474,0,1
PC713135,0.539043456133158,0,1
PC713303,0.0408480931737754,0,0
PC713520,0.688121009485253,1,1
PC713655,0.645943619484125,0,1
PC713860,0.24743862001308,0,0
PC713900,0.278267666682497,0,0
PC713910,0.648974815831461,0,1
PC713934,0.0297870797157725,0,0
PC713942,0.464327627792955,0,0
PC714174,0.266842207418079,0,0
PC714180,0.0298116039895214,0,0
PC714384,0.49415847659111,0,0
PC714431,0.181239376257583,0,0
PC714436,0.495245373226144,0,0
PC714543,0.0065025701187551,0,0
PC714579,0.625128235373177,0,1
PC714614,1.46196771311224e-05,0,0
PC714633,0.124367867148297,0,0
PC714715,0.0045491026170713,0,0
PC714777,0.176018348418304,0,0
PC714921,0.206677569397018,0,0
PC714940,0.120087047721619,0,0
PC714973,0.0293294601142406,0,0
PC714995,0.0760982823974629,0,0
PC715072,0.0369314057674821,0,0
PC715142,0.0120217195908893,0,0
PC715328,0.0140420704282091,0,0
PC715514,0.673313209304103,1,1
PC715520,0.342436964346084,0,0
PC715767,0.0151798296628632,0,0
PC715787,0.262231435370034,0,0
PC715938,0.0046249243965667,0,0
PC715957,0.0080416947603225,0,0
PC716023,0.0016133929886741,0,0
PC716084,0.112816114940197,0,0
PC716539,0.0506875081173373,0,0
PC716583,0.0007025725019149,0,0
PC716799,0.50813712334806,1,1
PC717091,0.576130390167236,0,1
PC717156,0.965122018834386,0,1
PC717312,0.0778921061429502,0,0
PC717493,0.0234823464201592,0,0
PC717566,0.0063277814662103,0,0
PC717589,0.0054359876887262,0,0
PC718015,0.327236472954305,0,0
PC718018,0.898865640163422,0,1
PC718067,0.102846331446723,0,0
PC718286,0.0024614878930151,0,0
PC718310,0.0240821802184324,0,0
PC718591,0.0252113648151096,0,0
PC718681,0.172936500424344,0,0
PC718727,0.005312165881971,0,0
PC718737,0.0153198299422076,0,0
PC718918,0.262194820568627,0,0
PC718996,2.77852761964497e-05,0,0
PC719117,0.393667541583083,1,0
PC719122,0.0446856509264824,0,0
PC719444,0.355133762223274,0,0
PC719484,0.283100846764091,1,0
PC719530,0.180385828018188,0,0
PC719631,0.190959042434967,0,0
PC719664,0.315354973077774,0,0
PC719738,0.426553381966394,1,0
PC719791,0.0160861805251188,0,0
PC719884,0.122574244166764,0,0
PC719890,0.0064226813280949,0,0
PC719899,0.0039335927439639,0,0
PC720001,0.332022886766698,1,0
PC720110,0.0178186957927393,0,0
PC720318,0.0173786468803883,0,0
PC720477,0.118416569559622,0,0
PC720668,0.109054407244937,0,0
PC721031,0.0001542287331355,0,0
PC721444,0.26593811065548,0,0
PC721547,0.069111619347555,0,0
PC721591,0.0008474505157209,0,0
PC721694,0.24062868385423,1,0
PC721836,0.0048870975151658,0,0
PC721908,0.930995386979649,1,1
PC721922,0.494275406366896,0,0
PC722162,0.0025190305896103,0,0
PC722242,0.127062442801545,0,0
PC722258,0.0331242300877008,0,0
PC722460,0.195220678231456,1,0
PC722474,0.0990979730144906,0,0
PC722490,0.0762854552018309,0,0
PC722562,0.888636772903908,1,1
PC722594,0.0335327605647969,0,0
PC722824,0.0412468826766717,0,0
PC722837,0.0440434031188488,0,0
PC722964,0.0292813442647457,0,0
PC723183,0.005177385007005,0,0
PC723190,0.0593142036547642,0,0
PC723249,0.0035636024268519,0,0
PC723271,0.0971243819888371,0,0
PC723369,0.0836768730813467,0,0
PC723536,0.0987503230571747,0,0
PC723607,0.0470363882680733,0,0
PC723839,0.0066205938346684,0,0
PC723869,0.247874426194273,1,0
PC723982,0.0005993757721263,0,0
PC724028,0.0341859418910487,0,0
PC724071,0.0312579404076035,0,0
PC724072,0.576332086507599,1,1
PC724143,0.180364119836147,0,0
PC724168,0.0250067827747731,0,0
PC724202,0.0270110994783584,0,0
PC724217,0.0461830205580789,0,0
PC724365,0.715381531941326,1,1
PC724372,0.222221840238689,1,0
PC724480,0.279623031616211,0,0
PC724561,0.0353140333424923,0,0
PC724613,0.0608284219997696,0,0
PC724795,0.0001151859396486,0,0
PC724806,0.240926669210058,0,0
PC724816,0.214569176483245,0,0
PC724888,0.0002819876535795,0,0
PC724924,0.0249887481331825,0,0
PC724936,0.0194231724945906,0,0
PC725038,0.0387086643122784,0,0
PC725079,0.120015153340225,0,0
PC725150,0.309047131970018,0,0
PC725246,0.472433766631807,0,0
PC725307,0.0333951722881566,0,0
PC725323,0.0003252128036368,0,0
PC725395,0.0918518566727512,0,0
PC725519,0.897202920108517,1,1
PC725586,0.763415075359388,1,1
PC725728,0.0760554220487478,0,0
PC725840,0.0233348202783355,0,0
PC726147,0.096286049306735,0,0
PC726292,0.0373314007768693,0,0
PC726299,0.0003343656426295,0,0
PC726340,0.0254444128170444,0,0
PC726362,0.0134529038525814,0,0
PC726422,0.179157713359153,0,0
PC726486,0.0642153115216927,0,0
PC726797,0.0905996710062027,0,0
PC727227,0.0427616586560732,0,0
PC727235,0.0073599214665591,0,0
PC727299,0.734284572748719,1,1
PC727357,0.0109567375210998,0,0
PC727464,0.0210488809478292,0,0
PC727606,0.0678311541180984,1,0
PC727708,0.0031783163009533,0,0
PC727737,0.0027541349316427,0,0
PC727867,0.0089586769561776,0,0
PC728080,0.0615156382322311,0,0
PC728254,0.0512474614139175,0,0
PC728530,0.087946933890474,0,0
PC728866,0.0002747617286003,0,0
PC728942,0.0491941521201423,0,0
PC729020,0.331171138711898,0,0
PC729044,0.232466959573266,0,0
PC729198,0.0088961894672539,0,0
PC729429,0.604727310768622,1,1
PC729788,0.0334637528325111,0,0
PC729979,0.127030247942438,0,0
PC730002,0.41384251106526,0,0
PC730140,0.488073104826262,1,0
PC730191,0.0480435582172704,0,0
PC730323,0.0947027856062145,0,0
PC730433,0.0003569987996553,0,0
PC730541,0.0498258289687784,0,0
PC730608,0.101257194847322,0,0
PC730715,0.151836660939179,0,0
PC730719,0.391430061433715,0,0
PC730730,0.001207600114867,0,0
PC730930,0.32773916500436,0,0
PC730944,0.911602359993239,1,1
PC730945,0.0554636967419392,0,0
PC731071,0.0610709142927368,0,0
PC731220,0.921144128730982,0,1
PC731242,0.077570076175417,0,0
PC731284,0.0006895684412255,0,0
PC731368,0.0071304840967059,0,0
PC731402,0.0022060989867895,0,0
PC731497,0.0398816336250841,0,0
PC731572,0.304134787264642,0,0
PC731713,0.0551940606225847,0,0
PC731802,0.170469258653806,0,0
PC731838,0.0058588222855971,0,0
PC731916,0.143828123048134,0,0
PC731930,0.663250198398297,1,1
PC732070,0.571405926370443,0,1
PC732083,0.307668747427765,1,0
PC732144,0.058965312827165,0,0
PC732160,0.0778214730617759,0,0
PC732345,0.0485579795112109,0,0
PC732424,0.0004384211976592,0,0
PC732826,0.247981470493132,0,0
PC733202,0.125660584253423,0,0
PC733214,0.0100937215844781,0,0
PC733592,0.152156757683217,0,0
PC733741,0.0315740591452527,0,0
PC733760,0.0031619573480214,0,0
PC733794,0.390167960748097,0,0
PC733818,0.032766847439816,0,0
PC733889,0.226579453674393,1,0
PC733891,0.034974829161223,0,0
PC733892,0.115406214610538,0,0
PC733924,0.0618415748197321,0,0
PC734149,0.0495364824193794,0,0
PC734242,0.0541151911020279,0,0
PC734302,0.0206247987942997,0,0
PC734393,0.490272325711116,0,0
PC734489,0.0206318446633658,0,0
PC734528,0.478459356865889,0,0
PC734635,0.144077451948315,0,0
PC734807,0.982739186408568,1,1
PC735223,0.322579482250665,0,0
PC735280,0.128450427444056,0,0
PC735306,0.0257837362587452,0,0
PC735516,0.0787058311054221,0,0
PC735725,0.203856249847034,0,0
PC735808,0.0113794496282935,0,0
PC735934,0.122167330804129,0,0
PC735965,0.0420884185253882,0,0
PC736026,0.494107093557691,1,0
PC736107,0.0044770609767308,0,0
PC736351,0.0139312175618452,0,0
PC736456,0.502178768942218,0,1
PC736495,0.38955241136417,0,0
PC736560,0.0040165943300194,0,0
PC736586,0.819039195298603,0,1
PC736610,0.0987959275538153,1,0
PC736726,0.546110132116915,1,1
PC736886,0.0558394665025903,0,0
PC736927,0.0033060572782017,0,0
PC737078,0.0797285687324117,0,0
PC737112,0.184347090436868,0,0
PC737293,0.179824270435466,0,0
PC737513,0.0695094982027821,0,0
PC737792,0.742821331011833,1,1
PC737813,0.0345319186422849,0,0
PC737885,0.056311022490263,0,0
PC738027,0.0173754454220189,0,0
PC738030,0.0176216898488897,0,0
PC738080,0.13803842663765,0,0
PC738259,0.0564988477324897,0,0
PC738355,0.0145259712802939,0,0
PC738445,0.0049301539770376,0,0
PC738467,0.676992850734833,0,1
PC738649,0.105147115286999,0,0
PC738763,0.0227214609071054,0,0
PC738858,0.67757478252641,1,1
PC738946,0.0037695448845624,0,0
PC739045,0.0224404784409718,0,0
PC739140,0.145357758320277,1,0
PC739150,0.126748530223729,0,0
PC739257,0.0319949313998222,0,0
PC739299,0.0703231278950206,0,0
PC739537,0.450282769031682,0,0
PC739581,0.0112644776685095,0,0
PC739834,0.228521304220713,0,0
PC739988,0.0249758493155241,0,0
PC740024,0.151791035826143,0,0
PC740062,0.0490391000372464,0,0
PC740344,0.111142943645346,0,0
PC740357,0.29825681672255,0,0
PC740647,0.853151214162642,1,1
PC740725,3.19843297802436e-06,0,0
PC741006,0.237342429388627,0,0
PC741349,0.22486739783473,0,0
PC741473,0.224304998749558,0,0
PC741532,0.994483949192276,0,1
PC741635,0.145681768655777,0,0
PC741688,0.598628983169843,0,1
PC741696,0.0757761570224131,0,0
PC741744,0.0176338657014089,0,0
PC741943,0.0001300077710766,0,0
PC742101,0.0210191281569283,0,0
PC742112,0.0019207410406346,0,0
PC742313,0.426944313978231,0,0
PC742511,0.167872846126556,0,0
PC742512,0.111097568618298,0,0
PC742720,0.0121266191328554,0,0
PC742838,0.085427956156927,1,0
PC743111,0.0079710024645267,0,0
PC743304,0.0365083419082793,0,0
PC743371,0.219373787969526,0,0
PC743670,0.137136126249893,0,0
PC743713,0.0985828549114626,0,0
PC743808,0.0666384423891324,0,0
PC743844,0.158322556947856,0,0
PC743853,0.0074744003617203,0,0
PC743865,0.0046685331155786,0,0
PC743873,0.301765568249882,0,0
PC743907,0.0623321840880667,0,0
PC743919,0.228793702138578,0,0
PC743961,0.0405951910199242,0,0
PC744133,0.0093709593905035,0,0
PC744170,0.0544564286764297,0,0
PC744384,0.0109077533322532,0,0
PC744653,0.283099474440563,0,0
PC744663,0.0011080373078584,0,0
PC744665,0.0002337507578369,0,0
PC744702,0.0544625818729401,0,0
PC744740,0.0453213346841887,0,0
PC744820,0.957335770130157,0,1
PC745098,0.0252196393391823,0,0
PC745141,0.784895181655884,0,1
PC745170,0.0434052954299815,0,0
PC745367,0.52973781737878,0,1
PC745580,0.0001917643969163,0,0
PC745594,6.5075311492252e-05,0,0
PC745748,0.087405301630497,0,0
PC745827,0.0290047973394394,0,0
PC745965,0.0542595081699839,0,0
PC746034,0.193374583924308,0,0
PC746209,0.0171111232831682,0,0
PC746235,0.0080942104041979,0,0
PC746247,0.0130089920329109,0,0
PC746256,0.44037619406657,0,0
PC746387,0.749906558033818,1,1
PC746444,0.216039449303536,1,0
PC746451,0.0213359314457249,0,0
PC746585,0.0183967126774269,0,0
PC746720,0.0001566636302984,0,0
PC746750,0.0156407490636785,0,0
PC746848,0.26996931300035,1,0
PC747023,0.145389841867567,1,0
PC747056,0.675247457987236,0,1
PC747155,0.0001268937383805,0,0
PC747211,0.0129874526228853,0,0
PC747219,0.0097427941163522,0,0
PC747271,0.0228368980330347,0,0
PC747338,0.998474538326263,1,1
PC747560,0.535299314123721,0,1
PC747574,0.0175976008176804,0,0
PC747696,0.0704771654188998,0,0
PC747805,0.0141697189483997,0,0
PC747830,0.431923614338244,0,0
PC747909,0.0335850294312122,0,0
PC748147,0.313852413338825,0,0
PC748306,0.0718760363636889,0,0
PC748386,0.0296142786243366,0,0
PC748393,0.0065596106470269,0,0
PC748394,0.050719965450667,1,0
PC748424,0.301265575097433,0,0
PC748498,0.111655579444549,0,0
PC748602,0.0001807383814593,0,0
PC748633,0.0183748694877309,0,0
PC748651,0.795672006385271,1,1
PC748758,0.0670715116856383,0,0
PC748761,0.0010434901341795,0,0
PC748975,0.101663179961957,0,0
PC749230,0.0508895228143598,0,0
PC749359,0.0117146023326864,0,0
PC749390,8.67819981067441e-05,0,0
PC749423,7.93846120359376e-05,0,0
PC749449,0.0226297192275524,0,0
PC749511,0.0328502478348217,0,0
PC749704,0.832625443956165,1,1
PC749762,0.0832487767125013,0,0
PC749826,0.215548164405106,0,0
PC750011,0.127528694171318,0,0
PC750058,0.283325125139288,0,0
PC750118,0.0164517330083566,0,0
PC750227,0.0596541466256274,0,0
PC750251,0.102315550180573,0,0
PC750280,0.186205423805752,0,0
PC750460,0.0122087085619569,0,0
PC750482,0.0254051778999389,0,0
PC750520,0.66487991809845,0,1
PC750549,0.0278718912444789,0,0
PC750593,0.309808610360565,0,0
PC750675,0.0654066456481814,0,0
PC750878,0.0208968458321297,0,0
PC750940,0.0221297522491096,0,0
PC750947,0.0333766637522316,0,0
PC751035,0.116569266152914,0,0
PC751068,0.191549711009164,0,0
PC751082,0.0238141817859856,0,0
PC751116,0.0022302583763397,0,0
PC751192,0.924209788441658,1,1
PC751232,0.0033125292989687,0,0
PC751394,0.31959782258071,0,0
PC751451,0.0875130811155064,0,0
PC751521,0.591243917274164,1,1
PC751654,0.0694746259110204,0,0
PC751870,0.120676150675184,0,0
PC751877,7.23690709492075e-06,0,0
PC751966,0.0449610892248684,1,0
PC751968,0.0297163091599941,0,0
PC751984,0.0165700258166143,0,0
PC751992,0.481759955443933,1,0
PC752093,0.0055105512974635,0,0
PC752238,0.504215687848827,1,1
PC752371,0.129464317922936,1,0
PC752451,0.889183054140895,1,1
PC752486,0.0090936908268358,0,0
PC752722,0.0136804655194283,0,0
PC752846,0.721435380763695,0,1
PC753158,0.0665519461035728,0,0
PC753198,0.63284558057785,0,1
PC753279,0.699191502092226,0,1
PC753358,0.013143150189786,0,0
PC753365,0.0512357948747625,0,0
PC753370,0.110533979958956,0,0
PC753399,0.73800370329991,1,1
PC753464,0.00133025390096,0,0
PC753542,0.18800041141154,0,0
PC753543,0.172369417501921,0,0
PC753660,0.580874299591734,1,1
PC753724,0.0658416342323975,0,0
PC753803,0.0378775151342411,0,0
PC753876,0.0132505431434932,0,0
PC753965,0.0363446147528522,0,0
PC754160,0.447766214609146,0,0
PC754304,0.0709569364488552,0,0
PC754362,0.0001441085599181,0,0
PC754376,0.0005602845984165,0,0
PC754391,0.809772432017627,0,1
PC754508,0.0209347493946552,0,0
PC754682,0.0475252229742871,0,0
PC754701,0.260401798163775,0,0
PC754852,0.0180590860545635,0,0
PC754936,0.216917805714369,0,0
PC755029,0.0021753387867769,0,0
PC755084,0.0631338990506729,0,0
PC755162,0.26568940281868,0,0
PC755227,0.128123100847006,0,0
PC755322,0.0207106200215444,0,0
PC755356,0.0688136529626339,0,0
PC755365,0.462790111270335,0,0
PC755417,0.0062197774602293,0,0
PC755507,0.139656315684931,0,0
PC755510,0.0002656445865461,0,0
PC755519,0.248962247641238,0,0
PC755659,0.0007710881486708,0,0
PC755732,0.354085117578506,0,0
PC755870,0.0220692398984663,0,0
PC755953,0.0674751102924347,0,0
PC756099,0.151492803299071,0,0
PC756171,0.180139537465289,0,0
PC756177,0.0285691057291368,0,0
PC756230,0.0239873248086326,0,0
PC756288,0.0525324260140592,0,0
PC756328,0.0085814493168114,0,0
PC756338,0.0569847178261755,0,0
PC756472,0.784199118614197,0,1
PC756473,0.0240626082076208,0,0
PC756532,0.105343609346513,0,0
PC756606,0.0073062110890875,0,0
PC756624,0.353098753055744,0,0
PC756658,0.0026988068054867,0,0
PC756742,0.0132170272656239,0,0
PC756784,0.326838597980204,0,0
PC756854,0.0446056149169028,0,0
PC756977,0.602367460727692,0,1
PC757194,0.0920998482613351,0,0
PC757219,0.0108164934666302,0,0
PC757271,0.350412420824226,0,0
PC757370,0.0195189177502244,0,0
PC757392,0.308909741659565,0,0
PC757415,0.0296615622484481,0,0
PC757560,0.0390742521050275,0,0
PC757656,0.113601577057069,0,0
PC757856,0.0114471853461001,0,0
PC757858,0.795508623123169,0,1
PC757926,0.239953666944502,1,0
PC758058,0.015765056014061,0,0
PC758119,0.005346551225405,0,0
PC758173,0.355659178840852,1,0
PC758191,0.717366072568331,1,1
PC758221,0.273999124765396,0,0
PC758223,0.137799844145775,0,0
PC758416,0.227208271622658,0,0
PC758453,0.0016172269219094,0,0
PC758477,0.678247431360579,1,1
PC758478,0.122978526938667,0,0
PC758536,0.001468691509217,0,0
PC758755,0.0001530971057945,0,0
PC758852,0.0953418386171462,0,0
PC758893,0.0274827741086483,0,0
PC758908,2.37102666005022e-06,0,0
PC758981,0.324093903142497,0,0
PC759059,0.100339730956561,0,0
PC759080,0.0002123611047863,0,0
PC759247,0.0181093595820446,0,0
PC759250,0.001021397760912,0,0
PC759282,0.0240169177429481,0,0
PC759455,0.62933767602262,1,1
PC759683,0.269642152603237,0,0
PC759811,0.0461376666359905,0,0
PC759839,0.19396011531353,0,0
PC759916,0.0050300590570018,0,0
PC759974,0.0617469946228228,0,0
PC760098,0.0313805932147081,0,0
PC760211,0.003192312934042,0,0
PC760266,0.016269789539217,0,0
PC760325,0.006202752194335,0,0
PC760588,0.0766118757305593,0,0
PC760718,0.0096505163237452,0,0
PC760923,0.707534976761241,1,1
PC760968,0.0357031798631879,0,0
PC760988,0.0273018963634968,0,0
PC761097,0.0607390890869512,0,0
PC761180,0.163284925403947,0,0
PC761223,0.0190271659674148,0,0
PC761305,0.101619812055335,0,0
PC761353,1.72967444227484e-05,0,0
PC761420,0.481644799306378,1,0
PC761525,0.0030375064249329,0,0
PC761610,0.527394334999427,1,1
PC761727,0.0198497530072927,0,0
PC761742,0.539421962815854,0,1
PC761863,0.0507844616892075,0,0
PC762035,0.247355648527495,0,0
PC762129,0.788141533648417,0,1
PC762172,0.101464032573472,0,0
PC762248,0.0424333810806274,0,0
PC762404,0.268995091156052,0,0
PC762418,0.0336232623686075,0,0
PC762645,0.310490703737703,0,0
PC762664,0.619249635989765,1,1
PC762759,0.0084390677511692,0,0
PC762962,0.7809778407966,1,1
PC762971,0.0001683837797964,0,0
PC763061,0.0542613848476289,0,0
PC763078,0.0061713460824453,0,0
PC763254,0.272472191523525,1,0
PC763313,0.095125060893681,0,0
PC763329,0.0023494116724622,0,0
PC763337,0.336102211923808,0,0
PC763393,0.0689057890028708,0,0
PC763406,0.0289938537750045,0,0
PC763530,0.0004513497816375,0,0
PC763643,0.0713288203042739,0,0
PC763660,0.0078879714962256,0,0
PC763666,0.280657812887582,0,0
PC763738,0.0832336927178303,0,0
PC763739,0.695528404816016,1,1
PC763840,0.0028480463661253,0,0
PC763906,0.449664066483496,1,0
PC763952,0.0061356977301754,0,0
PC763996,0.0322230749297887,0,0
PC764062,0.0137488862818392,0,0
PC764096,0.0054183280896408,0,0
PC764141,0.0186495501548052,0,0
PC764166,0.278666183389754,0,0
PC764226,2.54117585427593e-05,0,0
PC764298,0.106373761784339,0,0
PC764305,0.0478240624070167,0,0
PC764369,0.0746366242953104,0,0
PC764676,0.0008895782580129,0,0
PC764677,0.0067129381355766,0,0
PC764766,0.0603985423990518,0,0
PC764859,0.151811922389712,1,0
PC764868,0.552900016635329,0,1
PC764912,0.148072100425825,0,0
PC765146,0.185299276485166,0,0
PC765329,0.327481421439544,0,0
PC765433,0.0036991258914868,0,0
PC765478,0.418020208968835,0,0
PC765544,0.0438645635040673,0,0
PC765599,0.098595658040931,0,0
PC765861,0.0148934424778177,0,0
PC765942,0.0191350402078946,0,0
PC765998,0.237798965245114,0,0
PC766086,0.0026771676508506,0,0
PC766198,0.0215781573206186,0,0
PC766342,0.527054585904793,0,1
PC766418,0.509942393324459,1,1
PC766609,0.0960955999915172,0,0
PC766628,0.0677519973349741,0,0
PC766805,0.0102739297744931,0,0
PC766855,0.0041188299655914,0,0
PC766901,0.0692426826449945,0,0
PC766908,0.236458547140043,1,0
PC766925,0.005376912844351,0,0
PC767167,0.0033637506421655,0,0
PC767237,0.191324511519245,1,0
PC767271,0.0612290725111961,0,0
PC767513,0.162192943849062,0,0
PC767642,0.0523587075416787,0,0
PC767850,0.0058453409980588,0,0
PC767922,0.161309560542282,0,0
PC767960,0.1117919459939,0,0
PC768035,0.0620482544949714,0,0
PC768070,0.0974093601107597,0,0
PC768108,0.0464101545512676,0,0
PC768183,0.0152931221554725,0,0
PC768299,0.125833865491502,0,0
PC768391,0.0023257201537489,0,0
PC768453,0.318077846048225,0,0
PC768668,0.111662860427584,0,0
PC768706,0.0428694819055033,0,0
PC768765,0.103283013407491,0,0
PC768893,0.177314847707748,0,0
PC769429,0.0098416013643145,0,0
PC769464,0.320975883854382,0,0
PC769532,0.45058021784462,1,0
PC769556,0.492166960311254,0,0
PC769591,0.274197988941196,1,0
PC769668,0.0951718613505363,0,0
PC769828,0.131051017804758,0,0
PC769892,0.0060898291560174,0,0
PC769902,0.0254043847262337,0,0
PC769910,0.107526463235734,1,0
PC769985,0.531883895397186,0,1
PC770009,0.0031997342302929,0,0
PC770053,0.396743193114306,1,0
PC770134,0.669261961399376,0,1
PC770533,0.302824975102393,0,0
PC770609,0.256818722866125,0,0
PC770645,0.682263015497421,1,1
PC770674,0.174543628504294,0,0
PC770734,0.0437524783859193,0,0
PC770776,0.476410363720339,1,0
PC771154,0.0148342784221579,0,0
PC771222,0.0210285880214446,0,0
PC771263,0.278325218468758,0,0
PC771296,0.0021131868717228,0,0
PC771376,0.0651577206524609,0,0
PC771471,0.220311755479278,0,0
PC771506,0.716797451045977,1,1
PC771700,0.018763643513178,0,0
PC771741,0.029637667891784,0,0
PC772132,0.367141516576605,0,0
PC772165,0.0185934057923657,0,0
PC772256,0.0917328340095162,0,0
PC772299,0.296887423142663,0,0
PC772470,0.758131218289662,1,1
PC772679,0.367601600863296,0,0
PC772685,0.166416422212758,0,0
PC772697,0.176099144986698,0,0
PC772746,0.00147550701472,0,0
PC772821,0.0021633972684419,0,0
PC772856,0.166920342300044,0,0
PC772902,0.130638015629184,0,0
PC772914,0.0255031969666836,0,0
PC772976,0.010666853371093,0,0
PC773025,0.0106459183672678,0,0
PC773081,0.649360630555674,0,1
PC773117,0.170500582123136,1,0
PC773129,0.0064706155098974,0,0
PC773158,0.144101733916274,0,0
PC773433,0.0005394497391578,0,0
PC773437,0.143249124288559,0,0
PC773481,0.257693771820735,0,0
PC773598,0.163500030149092,0,0
PC774208,0.0719238966703415,0,0
PC774218,0.108498791982569,0,0
PC774343,0.0480658956844958,0,0
PC774458,0.0004863877352279,0,0
PC774467,0.0397383384406567,0,0
PC774638,0.0173603610160913,0,0
PC774981,0.0033611373363242,0,0
PC774984,0.447364841647403,0,0
PC775003,0.144266545772552,0,0
PC775179,0.117144945890689,0,0
PC775235,0.0017318744212389,0,0
PC775367,0.597505509853363,1,1
PC775473,0.0221706107258797,0,0
PC775620,0.0931670723352311,0,0
PC775715,0.0036022348429996,0,0
PC776012,0.0142951882161652,0,0
PC776091,0.0148108555004001,0,0
PC776104,0.0004521751252468,0,0
PC776289,0.0516602426040463,0,0
PC776409,0.0209214044847952,0,0
PC776535,0.0096948314458131,0,0
PC776698,0.385142112498755,1,0
PC776937,0.88623706020158,1,1
PC777049,0.0084678084676758,0,0
PC777194,0.0008485080942843,0,0
PC777203,0.644298917260663,1,1
PC777243,0.572194218635559,0,1
PC777361,0.934620320796967,0,1
PC777477,0.015274415206578,0,0
PC777584,0.0607043780661502,0,0
PC777592,0.159841238497692,0,0
PC777864,0.140785735222754,0,0
PC777878,0.0001796427161603,0,0
PC777885,0.0055401735007762,0,0
PC778199,0.0425516408981223,0,0
PC778234,0.0079589125622684,0,0
PC778259,0.0569187073536793,0,0
PC778397,0.0542716701164124,0,0
PC778414,0.493719440220673,0,0
PC778425,0.158032516179525,0,0
PC778509,0.0509008170242486,0,0
PC778524,0.763712816361052,1,1
PC778554,0.300236563615623,1,0
PC778636,0.178508281772657,0,0
PC778700,0.0987635857664761,0,0
PC778826,0.486139988325605,1,0
PC778922,0.0364403369294607,0,0
PC779028,0.0275567213690897,0,0
PC779036,0.761167097886968,0,1
PC779054,0.12783187717032,0,0
PC779199,0.10231458790162,0,0
PC779325,0.0481628020277281,0,0
PC779530,0.077944777905941,0,0
PC779686,0.268410262826653,1,0
PC779700,0.0116869320020894,0,0
PC779714,0.0005616694477011,0,0
PC779815,0.0501154371210046,0,0
PC779823,0.0589438244741795,0,0
PC779839,0.0314904525876045,0,0
PC779913,0.0380614746323834,0,0
PC780102,0.133380101091918,0,0
PC780106,0.0094136195703979,0,0
PC780127,0.0271675419062376,0,0
PC780182,0.0277767293155193,0,0
PC780205,0.000400052669409,0,0
PC780248,0.0945343835078114,0,0
PC780285,0.0251270595815827,0,0
PC780290,0.674679545397611,0,1
PC780312,0.422723484222534,1,0
PC780314,0.0904420149739955,0,0
PC780388,0.0021820373979871,0,0
PC780433,0.133168079718671,0,0
PC781127,0.009358344330255,0,0
PC781183,0.177050998142486,0,0
PC781255,0.0103859767179097,0,0
PC781263,0.0066592307114817,0,0
PC781281,0.0413382402132518,0,0
PC781322,0.0448518500145392,0,0
PC781420,0.0251828166151423,0,0
PC781536,0.0231800973415375,0,0
PC781565,0.107806819777951,0,0
PC781615,0.105964099699946,0,0
PC781681,0.306812942028046,0,0
PC781761,0.0400966596005601,0,0
PC781899,0.257726399660783,0,0
PC781989,0.566835490561239,0,1
PC782001,0.192576701261842,0,0
PC782177,0.277676228784751,0,0
PC782178,0.0250504264781614,0,0
PC782216,0.0202444743358104,0,0
PC782233,0.0106097199125859,0,0
PC782316,0.0020112852677164,0,0
PC782318,0.399729958183675,0,0
PC782447,0.0272991387169764,0,0
PC782482,0.343405154949664,0,0
PC782504,0.0016937150077369,0,0
PC782526,0.117276389468235,0,0
PC782648,0.32675532916684,1,0
PC782662,0.0515532791663809,0,0
PC782770,0.368850141861829,0,0
PC783096,0.0628714932455863,0,0
PC783132,0.0067846588557514,0,0
PC783185,0.171797995337623,0,0
PC783293,0.0658981805712087,0,0
PC783430,0.0391289219260216,0,0
PC783540,0.0268756209936163,0,0
PC783609,0.441818432927452,0,0
PC783728,0.002142644720152,0,0
PC783763,0.0004666184982645,0,0
PC783872,0.118254454670831,0,0
PC783914,0.0526239558453678,0,0
PC784238,0.0172241967079485,0,0
PC784264,0.127198562305421,0,0
PC784361,0.754443309738498,0,1
PC784381,1.47155515151098e-06,0,0
PC784411,0.427664518356323,0,0
PC784435,0.0042794140921687,0,0
PC784812,0.0151396477594972,0,0
PC784882,0.0460255447908336,0,0
PC784885,0.0270924673425798,0,0
PC784911,5.89331320952624e-05,0,0
PC785225,0.0052791507914662,0,0
PC785314,0.0312221937338657,0,0
PC785399,0.168192481311659,1,0
PC785411,0.0054042043199172,0,0
PC785525,0.0198490098118782,0,0
PC785535,0.206450308573096,0,0
PC785753,0.0002942605351563,0,0
PC785809,0.260374400302586,0,0
PC785822,0.0954303769935569,0,0
PC785855,0.0099686741739334,0,0
PC785949,0.131535038568494,0,0
PC786180,0.074290900977904,0,0
PC786249,0.0874201452537572,0,0
PC786252,0.718619369239428,1,1
PC786310,0.037752990109987,0,0
PC786429,0.290260301304183,1,0
PC786452,0.369654908702637,0,0
PC786474,0.0499199492268149,0,0
PC786690,0.0121232720190144,0,0
PC786721,0.0769259449111447,0,0
PC786862,0.0071720991312988,0,0
PC787121,0.0106375310570002,0,0
PC787172,0.362733354795972,0,0
PC787337,0.0866466969129269,0,0
PC787431,1.91830968105933e-05,0,0
PC787480,0.176120115079428,0,0
PC787586,4.14512564297372e-06,0,0
PC787594,0.0708714835641003,0,0
PC787730,0.57820740001253,0,1
PC787742,0.0562547576812382,0,0
PC787786,0.13210385597549,0,0
PC787841,0.126928353548601,1,0
PC787865,0.120206045067387,0,0
PC787885,0.137204889626041,0,0
PC787948,0.160145513927955,0,0
PC788138,0.075944156498922,1,0
PC788217,0.0716988416642798,0,0
PC788218,0.0142869900741855,0,0
PC788575,0.0052267658603289,0,0
PC788600,0.0436138958521694,0,0
PC788629,0.0719105083504269,0,0
PC788711,0.292452496569665,0,0
PC788910,0.0970944166183472,0,0
PC788920,0.0609920134798425,0,0
PC788934,0.0185506381094456,0,0
PC788980,0.069822479806309,0,0
PC789058,0.307428359985352,0,0
PC789078,0.24556156857831,0,0
PC789085,0.0652859792691588,0,0
PC789117,0.0010768181206464,0,0
PC789121,0.682272735971464,1,1
PC789162,0.0484990403056145,0,0
PC789221,0.0239055510610342,0,0
PC789395,5.77334546978896e-05,0,0
PC789403,0.0217424402394322,0,0
PC789525,0.0179384100985167,0,0
PC789543,0.0173356219153055,0,0
PC789668,0.0001955536572495,0,0
PC789775,0.0039747657972653,0,0
PC789937,0.407599777388965,0,0
PC789941,0.0115960218275665,0,0
PC789956,0.471177493793405,0,0
PC790009,0.217722985869139,0,0
PC790060,0.0123600857332349,0,0
PC790184,0.389606416225433,0,0
PC790242,0.262773104670556,0,0
PC790296,0.287097841501236,0,0
PC790383,0.236777392524365,0,0
PC790398,0.24526519478745,0,0
PC790527,0.101903725019161,0,0
PC790577,0.154108751423751,0,0
PC790607,0.0456636482877082,0,0
PC790795,0.0131900027486562,0,0
PC790866,0.0329388024848561,0,0
PC790978,0.115945726945465,0,0
PC791025,0.0109685335217993,0,0
PC791181,0.578636653671772,1,1
PC791284,2.98466129606823e-05,0,0
PC791379,0.0071455845609307,0,0
PC791385,0.0607663951814175,0,0
PC791448,0.362592807601755,0,0
PC791546,0.0057750003711308,0,0
PC791655,0.569693326950073,0,1
PC791766,0.0508216427141926,0,0
PC792092,0.200535294957284,0,0
PC792194,0.216811527209107,0,0
PC792304,0.0564653724431992,0,0
PC792355,0.118766383795226,0,0
PC792411,0.187498473952571,0,0
PC792927,0.364677319246116,1,0
PC792935,0.0074712934047483,0,0
PC793088,0.628289433557596,0,1
PC793103,0.11295638662623,0,0
PC793108,0.790882303528814,0,1
PC793193,0.139105778625202,0,0
PC793297,0.428444053754401,1,0
PC793392,0.0040237477600029,0,0
PC793460,0.0169587834279393,0,0
PC793591,0.0244315811250999,0,0
PC793640,0.0040854248218238,0,0
PC793731,0.0025250701819954,0,0
PC794221,0.0016651060903117,0,0
PC794292,0.269231260304109,1,0
PC794340,0.047058392316103,0,0
PC794369,0.0722347386323001,0,0
PC794772,0.082421185273875,0,0
PC794989,0.125903209509294,0,0
PC795038,0.347129036954592,0,0
PC795130,0.101206868622129,0,0
PC795183,0.91578269759311,0,1
PC795210,0.0086015329373429,0,0
PC795321,0.0017861912492662,0,0
PC795438,0.0279637532985109,0,0
PC795656,0.0175100028313495,1,0
PC795665,0.0063372848573379,0,0
PC795717,0.0410199808941241,0,0
PC795730,0.0879912969537977,0,0
PC796035,0.233842174205611,0,0
PC796040,0.128147974257182,0,0
PC796214,0.548340232451079,0,1
PC796348,0.0219601147712315,0,0
PC796415,0.0059217543547017,0,0
PC796745,0.0001824396479475,0,0
PC796915,0.198578715324402,0,0
PC796950,0.513413285893156,0,1
PC797056,0.0023169165942817,0,0
PC797161,0.064086006713037,0,0
PC797177,0.01567903232204,0,0
PC797278,1.17626996143372e-06,0,0
PC797421,0.0776962989693298,0,0
PC797458,0.198262515722746,0,0
PC797570,0.243827789153868,1,0
PC797575,0.0382014324986132,0,0
PC797777,0.0110061390874294,0,0
PC797944,0.0020079815294593,0,0
PC798021,0.0184935974842989,0,0
PC798195,0.124643690831767,0,0
PC798232,0.0307707951722809,0,0
PC798257,0.215973093537509,1,0
PC798367,0.0014431596655135,0,0
PC798424,0.0705814978141316,0,0
PC798611,0.0029616796792569,0,0
PC798636,0.0325978834585971,0,0
PC798649,0.650417327715175,0,1
PC798792,0.532965196366132,1,1
PC798873,0.111663463183228,0,0
PC798890,0.131702656415775,0,0
PC798907,0.0470628173956611,0,0
PC798947,0.66870217349627,0,1
PC798985,0.0102067487244002,0,0
PC798986,0.240437929694717,0,0
PC799033,0.003900725627318,0,0
PC799038,0.036696933020816,0,0
PC799066,0.0066377305488844,0,0
PC799109,0.29617021917937,1,0
PC799138,0.0199401537577721,0,0
PC799214,0.0273647867554295,0,0
PC799222,0.206686449383782,0,0
PC799335,0.0414073087080963,0,0
PC799346,0.243849839482989,0,0
PC799457,0.358677050406006,0,0
PC799485,0.180928154358946,0,0
PC799713,0.0014485761057585,0,0
PC799727,0.276537642370937,0,0
PC800095,0.0987108780800666,0,0
PC800185,0.0481600984742776,0,0
PC800338,0.0903350755597284,0,0
PC800370,0.0732937645487624,0,0
PC800505,0.0121079917047443,0,0
PC800685,0.745077136096421,0,1
PC800694,0.0052538352184341,0,0
PC800939,0.0589074051535841,0,0
PC801048,0.0013527386116459,0,0
PC801138,0.394975715177976,0,0
PC801174,7.98166943685745e-05,0,0
PC801266,0.0097225485369563,0,0
PC801342,0.0100668944487812,0,0
PC801358,0.263534020274022,1,0
PC801470,0.321574021612058,1,0
PC801508,0.0285519958773921,0,0
PC801526,0.0072690095803881,0,0
PC801628,0.0281238069511809,0,0
PC801775,0.36133754508519,0,0
PC801839,0.0915698711354062,0,0
PC801882,0.763193299594605,0,1
PC801900,0.0001849054388003,0,0
PC801931,0.0839962307903986,1,0
PC802021,0.0843168883407608,0,0
PC802053,0.0002592073578853,0,0
PC802147,0.225799801384326,0,0
PC802208,0.0956467744402185,1,0
PC802410,0.459096682320615,1,0
PC802545,0.0025616512098845,0,0
PC802551,0.267101860096019,1,0
PC802580,0.176634764389975,0,0
PC802710,0.124760151757169,0,0
PC802734,0.185892538781921,0,0
PC802756,0.0267879478633404,0,0
PC802924,0.44162682524183,1,0
PC802934,0.210895629604677,0,0
PC803282,0.0319188613256873,0,0
PC803288,0.0234484410346978,0,0
PC803363,0.0307553213873397,0,0
PC803368,0.219180250885643,0,0
PC803494,0.295298731341411,0,0
PC803564,0.0597543100146756,0,0
PC803586,0.28960960537425,0,0
PC803969,0.756043384211729,0,1
PC803986,0.0041554596978622,0,0
PC804002,0.419423051947682,0,0
PC804036,0.0418893691034478,0,0
PC804051,0.0042323688976466,0,0
PC804070,0.192750062062043,0,0
PC804073,0.770152797780363,0,1
PC804140,0.0922986757809052,0,0
PC804436,0.0219322238117456,0,0
PC804449,0.0756821561759959,0,0
PC804481,0.0006924250229934,0,0
PC804566,0.101240269131008,1,0
PC804714,0.0105315669473614,0,0
PC804781,0.0804826980414442,0,0
PC804804,0.107675633273676,0,0
PC804907,0.0001690731589783,0,0
PC804945,0.26135466649419,0,0
PC805045,0.438006029757735,0,0
PC805178,0.803807159724263,1,1
PC805273,0.0069790119675315,0,0
PC805426,0.521334232652889,0,1
PC805440,0.257932364940643,0,0
PC805564,0.0114678703248501,0,0
PC805743,0.634092456255967,1,1
PC805856,0.0338211641411956,0,0
PC806021,0.197364111589679,0,0
PC806069,0.638814631523111,0,1
PC806160,8.95989705895772e-06,0,0
PC806238,0.474195561688203,1,0
PC806401,0.0196293726386059,0,0
PC806464,0.0234525271309958,1,0
PC806503,0.0040026587278377,0,0
PC806504,0.0408151316088299,0,0
PC806657,0.6164367463812,0,1
PC806864,0.0024091378610137,0,0
PC806964,0.114619285989178,0,0
PC807082,0.0147061398760839,0,0
PC807259,0.0128109790568281,0,0
PC807326,0.0894665027600582,0,0
PC807384,0.660632914216918,0,1
PC807587,0.667654901217454,1,1
PC807602,0.197941192468293,0,0
PC807752,0.144546016102616,0,0
PC808008,0.0419044051049715,0,0
PC808244,0.0195917394437905,0,0
PC808375,0.0274821460544638,0,0
PC808438,0.0120561841047472,0,0
PC808543,9.64070636655379e-07,0,0
PC808628,0.0166861585396328,0,0
PC808642,0.0202962939690572,0,0
PC808696,0.255333699259895,0,0
PC808915,0.003073360319124,0,0
PC808960,0.0305743864998686,0,0
PC809232,0.0476761784433659,0,0
PC809324,0.426542455839141,1,0
PC809360,0.0509764748043778,0,0
PC809409,0.324282425291398,0,0
PC809429,0.0456587591324933,0,0
PC809644,0.0696403119382169,0,0
PC809693,0.0250960992932777,0,0
PC809842,0.314362480108124,0,0
PC809885,0.215327165659192,0,0
PC809922,0.0272634189176441,0,0
PC809948,0.0437866136493525,0,0
PC810154,0.000971688714344,0,0
PC810261,0.322391882851563,0,0
PC810275,0.318676908770633,1,0
PC810315,0.0177948223761298,0,0
PC810363,0.723460065709148,1,1
PC810508,0.330258762780704,0,0
PC810630,0.0898199092900992,0,0
PC810656,0.207903693204385,0,0
PC810832,0.11579197463957,0,0
PC810872,2.55146806011908e-05,0,0
PC810984,0.92682652361146,1,1
PC811011,0.0183067171460062,0,0
PC811024,0.205279135691332,0,0
PC811091,0.0154949446861078,0,0
PC811345,0.0533181923698475,0,0
PC811399,0.0288537525440622,0,0
PC811454,0.0142727365255191,0,0
PC811613,0.0327543841555875,0,0
PC811621,0.127656663189358,0,0
PC811670,0.0467619156621731,0,0
PC811677,0.150398489180374,0,0
PC812004,0.927944396680658,1,1
PC812074,0.0004560459346976,0,0
PC812250,0.0005861480603925,0,0
PC812251,0.446010906631714,0,0
PC812270,0.215674185008454,0,0
PC812318,0.410298891635896,0,0
PC812328,0.069600447933736,0,0
PC812442,0.0281892324898653,0,0
PC812465,0.0026086543572871,0,0
PC812638,0.103683911263943,0,0
PC812698,0.0465461287708098,0,0
PC812702,0.256779075570856,0,0
PC812722,0.019174755199261,0,0
PC812785,0.0010392823228737,0,0
PC812803,0.306640732608687,0,0
PC812886,0.0783508515773245,0,0
PC812912,0.140231292356144,0,0
PC812963,0.0362944625343052,0,0
PC813007,0.330360072033911,0,0
PC813137,0.0638018188788401,0,0
PC813175,0.0221642915964374,0,0
PC813494,0.204340186661185,0,0
PC813721,0.010641235191373,0,0
PC813724,0.313660928054361,0,0
PC813737,0.680231058134207,1,1
PC814249,0.260453665376123,0,0
PC814320,0.572561517738977,1,1
PC814374,0.26236089466527,0,0
PC814401,0.162681078628412,0,0
PC814886,0.531235549903377,0,1
PC814924,0.268848283809397,1,0
PC815421,0.0821879179470802,0,0
PC815423,0.285448461771011,0,0
PC815521,0.0216870945243975,0,0
PC815687,5.1785147661576e-05,0,0
PC816081,0.0063178568189251,0,0
PC816164,0.957631816287949,0,1
PC816175,1.83048450708156e-06,0,0
PC816269,0.007087711896222,0,0
PC816376,0.0056600404293784,0,0
PC816485,0.313436723906615,0,0
PC816539,0.0201730269209165,0,0
PC816655,0.164584752457936,0,0
PC816802,0.0191741189170241,0,0
PC817269,0.135082960128784,0,0
PC817301,0.201851235696973,0,0
PC817529,0.0234350917227133,0,0
PC817592,0.740229782657996,1,1
PC817643,0.0058956481516361,0,0
PC817679,0.0172483655565147,0,0
PC817791,0.230095943639244,0,0
PC817890,0.0491200275719166,0,0
PC818071,0.418876248760026,1,0
PC818073,0.617481589317322,0,1
PC818095,0.117995928608432,0,0
PC818155,0.0003128428361378,0,0
PC818352,0.120298133047132,0,0
PC818493,0.0729980460037248,0,0
PC818513,0.0544347086850601,0,0
PC818705,6.16573606748716e-06,0,0
PC818775,7.82361567022943e-06,0,0
PC818852,0.009884512836701,0,0
PC818937,0.0787172168632762,0,0
PC819020,0.0658474124372537,0,0
PC819046,0.147837402370532,0,0
PC819282,0.018569890409708,0,0
PC819285,0.204775850845405,0,0
PC819396,0.0287823587858758,0,0
PC819407,0.000111231332994,0,0
PC819544,0.121587583121328,0,0
PC819644,0.0334855951770052,0,0
PC820074,0.155050099837844,0,0
PC820378,0.0131468805010712,0,0
PC820402,0.0275346014665896,0,0
PC820443,0.0442978405235034,0,0
PC820607,0.0162235325926624,0,0
PC820637,0.0400326829515621,0,0
PC820817,0.0721718632593388,0,0
PC821086,0.159998558155034,0,0
PC821106,0.0035462563730568,0,0
PC821149,0.0362763257156051,0,0
PC821222,0.253090899721984,0,0
PC821255,0.0198731480409842,0,0
PC821330,0.0034323778255423,0,0
PC821413,0.721055626869202,0,1
PC821469,0.0847186959217715,0,0
PC821575,0.0478087646456866,0,0
PC821776,0.00254637748003,0,0
PC821801,0.0223904208335902,0,0
PC821841,0.939088350526172,1,1
PC821892,0.0083193238824605,0,0
PC821969,0.140698873045366,0,0
PC822012,0.0106675969436765,0,0
PC822085,0.0042090252973139,0,0
PC822150,0.165980227057757,0,0
PC822185,0.406890988349915,0,0
PC822404,0.180204787188106,0,0
PC822417,0.346612078204219,0,0
PC822437,0.289414498275123,0,0
PC822578,0.02858692035079,0,0
PC822856,0.0876026004701258,0,0
PC822861,0.0311541518667344,0,0
PC822883,0.007984312365031,0,0
PC822943,0.109100325286181,0,0
PC823008,0.188191959599972,0,0
PC823126,0.624407511698475,0,1
PC823273,0.135714884703853,0,0
PC823294,0.068851397343467,0,0
PC823298,0.122513264417648,0,0
PC823346,0.0455598870477299,0,0
PC823384,0.201518709696103,0,0
PC823567,0.0160207394510508,0,0
PC823610,0.0165718960366687,0,0
PC823710,0.501910622454872,1,1
PC824115,0.0631343684662347,0,0
PC824212,0.422993049902075,0,0
PC824220,0.324366102142939,0,0
PC824271,0.0234084039436169,0,0
PC824457,0.128165317044508,0,0
PC824750,0.0024601254972849,0,0
PC824856,0.0275576953742519,0,0
PC824956,0.556791437146678,1,1
PC825088,0.0200778094994039,0,0
PC825112,0.509252267368769,1,1
PC825128,0.0735332918271555,0,0
PC825237,0.117213558775647,0,0
PC825247,0.002231530614194,0,0
PC825515,0.713954536388498,0,1
PC825823,0.0594170516843249,0,0
PC826147,0.0643545299741678,0,0
PC826384,0.0569740092004569,0,0
PC826547,0.178817348017724,0,0
PC826568,0.0444261768499996,0,0
PC826632,0.497709560280185,1,0
PC826696,0.167053668016014,0,0
PC826805,0.004859144485434,0,0
PC826815,0.0414400897481553,0,0
PC826938,0.337798107988155,0,0
PC827033,0.294751666696621,1,0
PC827055,0.311006156485861,1,0
PC827075,0.866679413145452,1,1
PC827084,0.251252710819244,0,0
PC827154,0.0042698680442035,0,0
PC827518,0.0088540428723695,0,0
PC827609,0.0063230687063997,0,0
PC827616,0.184035333538694,0,0
PC827638,0.394269880509272,0,0
PC827739,0.487352329926095,0,0
PC827788,0.195614233813864,0,0
PC827868,0.722335544367394,1,1
PC828105,0.0703738764954912,0,0
PC828113,0.0060143049118951,0,0
PC828132,0.0916064687320668,0,0
PC828133,0.0019475330907163,0,0
PC828397,5.53092331756488e-06,0,0
PC828428,0.0149239546867369,0,0
PC828444,0.0002180439703588,0,0
PC828459,0.0096292943870629,0,0
PC828480,0.066996063018182,0,0
PC828509,0.0827044023428627,0,0
PC828684,0.145209612716345,0,0
PC828697,0.0769639959265259,0,0
PC828920,0.421142040876446,0,0
PC829030,0.0805165559422001,0,0
PC829086,0.0024316282423474,0,0
PC829105,0.0168432542254208,0,0
PC829198,0.0040681337539083,0,0
PC829579,0.105418088665604,0,0
PC829595,0.760062399147654,1,1
PC829614,0.25641540230264,1,0
PC829685,0.0111436307362818,0,0
PC829817,0.0377674274654551,0,0
PC829919,0.0776870968580752,0,0
PC830186,0.0001470632123528,0,0
PC830497,0.0115244669120514,0,0
PC830614,0.0734945475736971,0,0
PC830620,0.510353344035611,0,1
PC830626,0.234142897843756,0,0
PC830691,0.121886001928195,0,0
PC830741,0.0723518322152129,0,0
PC830810,0.0243774492694527,0,0
PC830919,0.103833764791489,0,0
PC830937,0.0391658258874958,0,0
PC830958,0.0006286677671596,0,0
PC831166,0.0375300012910827,0,0
PC831171,0.555125323401818,0,1
PC831403,0.0035811870584263,0,0
PC831653,0.0313500397648487,0,0
PC831698,0.0085644733951114,0,0
PC831837,0.0002296078891959,0,0
PC831893,0.0299282784902273,0,0
PC832027,0.0730369868962204,0,0
PC832082,0.103936431908531,0,0
PC832298,0.0211513321846724,0,0
PC832491,0.15306987638098,0,0
PC832530,0.0095930168727669,0,0
PC832573,0.129842517310626,0,0
PC832916,0.295585271854564,0,0
PC833114,0.0223251935094595,0,0
PC833214,0.230034903214689,0,0
PC833337,0.0117911761626601,0,0
PC833525,0.154411737987657,0,0
PC833562,0.0113399086028975,0,0
PC833567,0.0008814203239091,0,0
PC833651,0.10107043622453,0,0
PC833652,0.86835777759552,0,1
PC833706,0.111189540143211,0,0
PC833748,0.0832675090125315,0,0
PC833768,0.451430022716522,0,0
PC833791,0.0640232217699115,0,0
PC833902,0.365695261570604,0,0
PC833934,0.869940936565399,0,1
PC834077,0.0684989850518769,0,0
PC834181,0.0572178470417952,0,0
PC834458,0.11984013634654,1,0
PC834489,0.030333648937303,0,0
PC834572,0.0004794877313543,0,0
PC834619,0.0135619168171725,0,0
PC834642,0.952764103512564,0,1
PC834827,0.0178982441339863,0,0
PC834852,0.608129731240083,1,1
PC835006,0.0087128475375934,0,0
PC835067,0.0238344284922938,0,0
PC835071,0.298634344365243,0,0
PC835145,0.0616718043013209,0,0
PC835163,0.0018620357505427,0,0
PC835185,0.457039787571811,0,0
PC835190,0.0092795763399131,0,0
PC835368,0.961241426282438,0,1
PC835408,4.59711040978601e-05,0,0
PC835637,0.062508096118972,0,0
PC835674,0.795283209118578,1,1
PC835816,0.234306486939985,0,0
PC835880,0.0161217471888949,0,0
PC836019,0.0304426908446873,0,0
PC836143,0.338176555747892,1,0
PC836183,0.0247587191518422,0,0
PC836397,0.0647941577975474,0,0
PC836488,0.476296752900653,0,0
PC836705,0.0048942792407692,0,0
PC836756,0.611989074663133,1,1
PC836877,0.198771034983578,1,0
PC836899,0.611257182419357,1,1
PC836902,0.185698982187571,1,0
PC836930,0.405422104631957,0,0
PC836945,0.0006444943719543,0,0
PC837013,0.0531523926537026,0,0
PC837094,0.0018358199158683,0,0
PC837110,0.126838086378177,0,0
PC837158,0.0787506407942812,0,0
PC837413,0.559188544540338,0,1
PC837473,0.0038830131433921,0,0
PC837535,0.0056397419502126,0,0
PC837601,0.0013300916554477,0,0
PC837608,0.327568156179917,0,0
PC837656,0.0007039736374281,0,0
PC837752,0.0300723745604314,0,0
PC837763,0.0704038343677512,0,0
PC837822,0.484662074421782,1,0
PC837868,0.0502537712454796,0,0
PC837892,0.0897132412646605,0,0
PC837900,0.176466207993094,0,0
PC837960,0.0672141990933545,0,0
PC838033,0.646914980812267,0,1
PC838116,0.450563122360211,0,0
PC838197,0.110559744900971,0,0
PC838218,0.003396647511814,0,0
PC838266,0.0201106015592813,0,0
PC838333,0.0608589931083141,0,0
PC838390,0.0005976604879833,0,0
PC838546,0.0376653008386881,0,0
PC838661,0.18291511193634,0,0
PC838795,0.0012262270912002,0,0
PC838907,0.0026486485730856,0,0
PC839155,0.112244992750632,0,0
PC839176,0.202415400602977,0,0
PC839375,0.212305746046346,0,0
PC839530,0.85884342848491,1,1
PC839534,0.278780351149401,0,0
PC839593,0.115397417628592,0,0
PC839748,0.269890457391739,0,0
PC839788,0.0627441770518824,0,0
PC839815,0.178004750878249,0,0
PC839956,0.0237320363248023,0,0
PC839977,0.1375364033542,0,0
PC840118,0.0098391927089745,0,0
PC840327,0.0271070708600562,0,0
PC840468,0.429997333595829,0,0
PC840528,0.0100288072050023,0,0
PC840785,0.0006034908001311,0,0
PC840800,0.4682727054462,1,0
PC840910,0.0108948526903987,0,0
PC841017,0.425680143975535,1,0
PC841038,0.115468017756939,1,0
PC841214,3.24545115817419e-05,0,0
PC841345,0.143692327055825,0,0
PC841456,0.0053430884956159,0,0
PC841505,0.866631209850311,0,1
PC841575,0.1818025957896,0,0
PC841594,0.985502892719346,1,1
PC841652,0.0798593322276722,0,0
PC841775,0.0105789041756438,0,0
PC841988,0.101632578729454,0,0
PC842174,0.129569524416975,0,0
PC842534,0.0219407818985389,0,0
PC842575,0.0946119655025739,0,0
PC842614,0.412923850070838,0,0
PC842736,0.196289398069585,0,0
PC842820,0.02012224563609,0,0
PC842859,0.343242734081315,0,0
PC842904,0.0307785662674996,0,0
PC842939,6.43833000816124e-05,0,0
PC842941,0.695807099342346,0,1
PC843154,0.802579740595712,0,1
PC843295,0.255004675570414,0,0
PC843335,0.042684120246055,0,0
PC843471,0.114214332869513,0,0
PC843640,0.0476436375594529,0,0
PC843688,0.119702250261801,0,0
PC843710,0.0012461962178349,0,0
PC843767,0.0229409201494396,0,0
PC843851,0.535337249180741,0,1
PC843902,0.0369503416732305,0,0
PC843983,0.227074184815059,0,0
PC844083,0.301764498709173,0,0
PC844095,0.255267947912216,0,0
PC844185,0.0032668465282768,0,0
PC844285,0.0034126944374293,0,0
PC844367,0.129818657414184,1,0
PC844424,0.0291260624480305,0,0
PC844461,0.0076002382193902,0,0
PC844478,0.234983927539726,0,0
PC844528,0.0632038017114003,0,0
PC844763,0.492073560064202,0,0
PC844806,0.0008703446364961,0,0
PC844828,0.131971862811672,0,0
PC844954,0.0037955567240715,0,0
PC845239,0.142724961444968,0,0
PC845305,0.0492130146428816,0,0
PC845310,0.0111956122316923,0,0
PC845354,0.241013763748647,0,0
PC845425,0.00020328929764,0,0
PC845473,0.0233372450700497,0,0
PC845658,0.071651428937912,0,0
PC845780,0.186379268533684,0,0
PC846006,0.0037647767458111,0,0
PC846079,0.286076138285348,0,0
PC846142,0.0002379502531284,0,0
PC846264,0.176934607064167,0,0
PC846316,0.005366212820828,0,0
PC846388,0.463781051223596,0,0
PC846513,0.015740180388093,0,0
PC846540,0.0078318491578102,0,0
PC846604,0.0364485307213826,0,0
PC846705,0.0726119950413704,0,0
PC846792,0.0525992683803545,0,0
PC846835,0.0058995468536054,0,0
PC846893,0.483644783496857,0,0
PC846899,0.0212707934719531,0,0
PC846968,0.180480444629574,1,0
PC847008,0.740225732326508,0,1
PC847206,0.0169388589904058,0,0
PC847228,0.0221728611283584,0,0
PC847251,0.753661931244838,1,1
PC847443,0.0114439660683274,0,0
PC847831,0.0178974472607176,0,0
PC847921,0.5220470773245,0,1
PC847928,0.0818354033952448,0,0
PC848046,0.310837486706605,0,0
PC848103,0.116918638348579,0,0
PC848203,0.0209100739893628,0,0
PC848210,0.0122306392664408,0,0
PC848473,0.0865609235381499,0,0
PC848500,0.0010577470529824,0,0
PC848555,0.0059372680261731,0,0
PC848717,0.0284622061567467,0,0
PC848759,0.17395643889904,0,0
PC849017,0.0114113101735711,0,0
PC849022,0.0236495921929037,0,0
PC849025,0.0001107922658265,0,0
PC849176,0.411401897668839,0,0
PC849180,0.0839471462342235,0,0
PC849553,0.002844379315271,0,0
PC849593,0.040042836283788,0,0
PC849795,0.0002585168404039,0,0
PC849855,0.0076113603006379,0,0
PC850048,0.0463075784040762,0,0
PC850076,0.0034889720845967,0,0
PC850109,0.0432882727114439,0,0
PC850237,0.774698897253266,0,1
PC850541,0.0215587504208088,0,0
PC850594,0.153867309196211,0,0
PC850599,0.109814293682575,0,0
PC850616,0.482903543996502,0,0
PC850785,0.0639782083002431,0,0
PC850833,0.0014497050576365,0,0
PC850878,0.999687314033508,1,1
PC850907,0.0467986479005983,0,0
PC851021,0.473367578120856,1,0
PC851204,0.0083451643586158,0,0
PC851316,0.0680857897551163,0,0
PC851323,0.105638712644577,0,0
PC851387,0.0663666747084106,0,0
PC851390,0.113758407533169,0,0
PC851454,0.662697665490113,0,1
PC851470,0.0663228808933298,0,0
PC851478,0.0843882643452658,0,0
PC851543,0.0107497584951275,0,0
PC851754,4.78065737890974e-06,0,0
PC851781,0.139059647917747,0,0
PC851820,0.119231164812446,0,0
PC851892,0.0001883968361653,0,0
PC851968,6.57161808469073e-05,0,0
PC851992,0.0010410088700359,0,0
PC852058,0.419933792005764,0,0
PC852062,0.821621298789978,0,1
PC852137,0.0005640496446537,0,0
PC852187,0.22682198882103,0,0
PC852206,0.0358476726520754,0,0
PC852906,0.0013308317334704,0,0
PC852932,0.0011761410860344,0,0
PC852935,0.134672756535372,0,0
PC853158,0.0233805422152072,0,0
PC853214,0.189589401623481,0,0
PC853301,0.0386881966698811,0,0
PC853565,0.0236535929609923,0,0
PC853613,0.0084400151373284,0,0
PC853720,0.0028235359298845,0,0
PC853726,0.001986745612929,0,0
PC853887,0.100997060537338,0,0
PC853889,0.104112388314428,1,0
PC854025,0.0959374495221205,0,0
PC854035,0.021645113825798,0,0
PC854041,9.5735258582863e-06,0,0
PC854090,0.0577707680925656,0,0
PC854185,0.167842285136772,0,0
PC854309,0.0403484911880624,0,0
PC854379,0.165354983023319,0,0
PC854602,8.28433476272039e-05,0,0
PC854624,0.0032318459043223,0,0
PC854644,0.0069288319327042,0,0
PC855026,0.188268492397359,0,0
PC855127,0.0311725906712908,0,0
PC855429,0.0032594006116749,0,0
PC855453,0.0025283168070018,0,0
PC855577,0.668078395036551,0,1
PC855695,0.608093796843323,0,1
PC855701,0.0678760492808549,0,0
PC855722,0.0050163868812401,0,0
PC855896,0.18114661520132,0,0
PC855944,0.0457430006548578,0,0
PC856003,0.420424124802086,0,0
PC856013,0.917240184854226,0,1
PC856136,0.0141364330970581,0,0
PC856379,0.335467881587887,0,0
PC856604,0.0172475220854668,0,0
PC856660,0.0527704647284187,0,0
PC856717,0.0020203243475407,0,0
PC856788,0.057781245559454,0,0
PC856947,0.0299874804913998,0,0
PC856995,0.0358727388083935,0,0
PC857114,0.525824129581451,0,1
PC857183,0.0119546477038127,0,0
PC857237,0.0051894839111413,0,0
PC857244,0.0067385149085231,0,0
PC857372,0.293685760349035,0,0
PC857408,0.0095282263246369,0,0
PC857543,0.336593490280662,0,0
PC857643,0.0363892487969082,0,0
PC857650,0.0576647631824017,0,0
PC857678,0.0449514769731254,0,0
PC857783,0.0898368604349147,0,0
PC857811,0.0391163760818972,0,0
PC857903,0.161749858452652,0,0
PC858022,0.177214437016164,0,0
PC858123,0.007770505794487,0,0
PC858310,0.0255070829455473,0,0
PC858420,0.0047355479349577,0,0
PC858490,0.0031877513974905,0,0
PC858638,0.0426649103266172,0,0
PC858648,0.267132106878774,0,0
PC858842,0.0006366314221693,0,0
PC858972,0.0299235929606482,0,0
PC859102,0.0429570979264331,0,0
PC859293,0.682108075324444,1,1
PC859543,0.143606854164425,0,0
PC860054,0.0627744048833847,0,0
PC860076,0.0851539925661231,0,0
PC860098,0.0281758314316968,0,0
PC860211,0.179446642643938,0,0
PC860216,0.313593936075729,0,0
PC860310,0.0070542424000782,0,0
PC860319,0.139024689793587,0,0
PC860323,0.0039301147017522,0,0
PC860595,0.0050596530002749,0,0
PC860603,0.158571945339157,0,0
PC860738,0.0064177112653851,0,0
PC860858,0.244243845252172,0,0
PC860929,0.0246221974413791,0,0
PC860944,0.028440961589229,0,0
PC860947,0.118933583816562,0,0
PC861069,0.0806229263544083,0,0
PC861078,0.0054270088065803,0,0
PC861086,0.0098512282815396,0,0
PC861141,0.124577590012589,0,0
PC861162,0.121482388995229,0,0
PC861271,0.0350707800062977,0,0
PC861442,0.0857740792094684,0,0
PC861447,0.430313032341683,1,0
PC861495,0.0001350661914329,0,0
PC861635,0.193542953977957,0,0
PC861666,0.018097137107371,0,0
PC861712,0.0236424788906341,0,0
PC861722,0.305858820329628,0,0
PC861771,2.64203496370124e-07,0,0
PC861775,0.192349942386693,0,0
PC861860,0.0781270037912278,0,0
PC861900,0.0527519631638489,0,0
PC861979,0.0126762084018418,0,0
PC862103,0.561257168235424,0,1
PC862122,0.0024474130477756,0,0
PC862134,0.0267019551247358,0,0
PC862146,0.0361787261532955,0,0
PC862198,0.0606647089766796,0,0
PC862212,0.0182204932901918,0,0
PC862296,0.71366735025239,1,1
PC862303,0.0690558615441576,0,0
PC862365,0.463962644338608,0,0
PC862448,0.0629293498644005,0,0
PC862561,0.0118731987907005,0,0
PC862768,0.107012976366481,0,0
PC862796,0.0024453950544842,0,0
PC862943,0.0079130130149485,0,0
PC863088,0.0316114976480754,0,0
PC863206,0.0582542306338118,0,0
PC863324,0.2164693970645,0,0
PC863425,0.328657776117325,0,0
PC863485,0.014445636421442,0,0
PC863534,0.139429968530773,0,0
PC863716,0.0124867605045438,0,0
PC863754,0.091905661310556,1,0
PC863791,0.269369069544329,0,0
PC863822,0.0044342000644816,0,0
PC863907,0.772015212510729,1,1
PC863954,0.0588658331939917,0,0
PC863961,0.854115560983653,1,1
PC863967,0.50176343887137,0,1
PC863984,0.0131754629242013,0,0
PC864030,0.0911045381012947,0,0
PC864057,0.125368737337882,0,0
PC864136,0.0143235177415127,0,0
PC864138,0.0129005377393064,0,0
PC864372,0.143729239979887,0,0
PC864452,0.1064266685986,0,0
PC864477,0.0210823659390641,0,0
PC864619,0.4531429708004,0,0
PC864683,0.0177864041179419,0,0
PC864834,0.895402354513032,1,1
PC864858,0.174128884676469,1,0
PC864885,0.0020200994331389,0,0
PC865077,0.0692922197500619,0,0
PC865172,0.207420337335397,0,0
PC865211,0.0729111844797632,0,0
PC865426,0.0949334441771075,0,0
PC865436,0.0013090455229621,0,0
PC865447,0.0435260361803889,0,0
PC865456,0.100225827718388,0,0
PC865510,0.135757302194969,0,0
PC865702,0.0002621247221843,0,0
PC865730,0.982552409172058,0,1
PC865771,0.263408193985621,0,0
PC865827,0.391010493040085,0,0
PC865984,0.223234997332738,1,0
PC866058,0.0348785532051822,0,0
PC866176,0.174755563958284,0,0
PC866491,0.133814623180259,0,0
PC866496,0.0757499128704012,0,0
PC866545,0.011668398976326,0,0
PC866614,0.0064767305739224,0,0
PC866725,0.0406169616941138,0,0
PC866823,0.131282594134716,0,0
PC866847,0.689158429313638,1,1
PC866898,0.0066823612379789,0,0
PC866941,0.0556419301571737,0,0
PC867110,0.149415965050802,0,0
PC867210,0.0887908419856419,0,0
PC867211,0.505822832758181,0,1
PC867359,0.125774805486326,0,0
PC867784,0.76915908561487,1,1
PC867823,0.0001077194867434,0,0
PC867839,0.434190798182482,0,0
PC867860,0.0175344649506872,0,0
PC868028,0.312828201934161,0,0
PC868082,0.058619100600481,0,0
PC868263,0.0530654088712199,0,0
PC868453,0.0534372424663878,0,0
PC868539,0.0864326014170344,0,0
PC868702,0.0003438816929701,0,0
PC868774,0.0761036778751173,0,0
PC868842,0.0264566479209046,0,0
PC868857,0.0777840243972363,0,0
PC869058,0.0210423969669519,0,0
PC869082,0.508354544639587,0,1
PC869161,0.0418644857713511,0,0
PC869292,0.180052917667121,0,0
PC869805,0.355248187516827,0,0
PC869865,0.0035337895541098,0,0
PC869942,0.0673437044024467,0,0
PC869994,0.802885293960571,0,1
PC870300,0.0001067877819878,0,0
PC870320,0.0008043650886975,0,0
PC870322,0.0235960881365705,0,0
PC870457,0.344658732414246,0,0
PC870501,0.362856135581871,0,0
PC870503,0.319216401913227,0,0
PC870522,0.0292298134326855,0,0
PC870525,0.131190678501294,0,0
PC870656,0.0005124581512063,0,0
PC870723,0.0047403531741238,0,0
PC870780,0.212367683649063,0,0
PC870878,0.0582585122197046,0,0
PC870925,0.0176185781355131,0,0
PC870962,0.420610489313477,0,0
PC871363,0.0441203895893631,0,0
PC871431,0.0086524425411319,0,0
PC871454,0.141804361334092,0,0
PC871507,0.0570462544409324,0,0
PC871560,1.8398330662508e-05,0,0
PC871639,0.0374573815599488,0,0
PC871798,0.526682888772736,1,1
PC871964,0.0569178465482415,0,0
PC872117,0.230421547509751,0,0
PC872229,0.0630942891543942,0,0
PC872264,0.0575545057654381,0,0
PC872275,0.0426468049554104,0,0
PC872320,0.0652291006634472,0,0
PC872449,0.126316765454903,0,0
PC872614,0.134849629234894,0,0
PC872725,0.0277103372553851,0,0
PC872798,0.236754082620811,0,0
PC873058,0.786246525194355,0,1
PC873112,0.0927994804920333,0,0
PC873213,0.216443254775708,0,0
PC873281,0.0198494177311659,0,0
PC873699,0.0389070423247095,0,0
PC873723,0.0594721556676076,0,0
PC873800,0.004241254646331,0,0
PC874057,0.138570371021309,0,0
PC874071,0.0216605179011822,0,0
PC874090,0.0447220637937554,0,0
PC874108,0.008629662535648,0,0
PC874367,0.0838411301374435,0,0
PC874425,0.0647333960701554,0,0
PC874942,0.386272401938257,1,0
PC875257,0.0005763607914559,0,0
PC875347,0.29981721149204,0,0
PC875353,0.0233993833896024,0,0
PC875400,0.2895876236609,0,0
PC875836,0.0129539299759545,0,0
PC875899,0.0397547885546689,0,0
PC875924,0.152144370486016,0,0
PC876128,0.0156113640677157,0,0
PC876240,0.724547676995812,1,1
PC876541,0.233361542224884,0,0
PC876560,0.0004582814477904,0,0
PC876607,0.0003934828327572,0,0
PC876791,0.0137232571069852,0,0
PC876798,0.0329654467184121,0,0
PC876834,0.152870396281233,0,0
PC876934,0.311806441058774,0,0
PC876956,0.127899006009102,0,0
PC877019,0.0003808026676452,0,0
PC877130,0.695864837660973,1,1
PC877140,0.0365317390580116,0,0
PC877150,0.0057567036231396,0,0
PC877232,0.0093933055505251,0,0
PC877456,0.020853803970028,0,0
PC877565,0.0007185911378603,0,0
PC877685,0.173833850239545,0,0
PC878024,0.0952429700724397,0,0
PC878034,0.0393393996957517,0,0
PC878415,0.0437634988252874,0,0
PC878590,0.17553362578922,0,0
PC878687,0.161431958420982,0,0
PC878863,0.0101120143766828,0,0
PC878993,0.0331093673782231,0,0
PC879016,1.993500336539e-05,0,0
PC879445,0.20566808435774,0,0
PC879486,0.042770951966536,0,0
PC879565,0.0531584715568705,0,0
PC879643,0.013008547608148,0,0
PC879646,0.0017883768889537,0,0
PC879799,0.014400864313474,0,0
PC879867,0.0209790174110459,0,0
PC879969,0.985580693048355,1,1
PC880035,0.0404370115771727,0,0
PC880298,0.249767084488668,0,0
PC880343,0.116263567516491,0,0
PC880416,0.108968436496068,0,0
PC880530,0.107002012057149,0,0
PC880546,0.140504936900015,0,0
PC880581,0.582610541148994,0,1
PC880687,0.379185387539485,0,0
PC880689,0.0064707137879737,0,0
PC880697,0.296126067638397,0,0
PC880792,0.20220863322028,0,0
PC880796,0.944307863712311,0,1
PC880888,0.0810750224031264,0,0
PC880953,0.0066666775383055,0,0
PC881017,0.217327917373079,0,0
PC881136,0.10249885804012,0,0
PC881370,0.164955632561943,0,0
PC881380,0.018809946008338,0,0
PC881398,0.0410515926778316,0,0
PC881452,0.0318436131757848,0,0
PC881551,0.0216735615658308,0,0
PC881568,0.0227731536956079,0,0
PC881583,0.0984927843536438,0,0
PC881610,0.0402770448837894,0,0
PC881962,0.121058460388814,0,0
PC881977,0.206780518252135,1,0
PC882239,0.0410788395891457,0,0
PC882278,0.0260113917239275,0,0
PC882433,0.007594447355512,0,0
PC882436,0.0378452599331548,0,0
PC882520,0.0334647803276413,0,0
PC882530,0.210347730824524,0,0
PC882558,0.206203100021835,0,0
PC882570,0.380696510165436,0,0
PC882609,0.0029070234696309,0,0
PC882673,0.0287169685958593,0,0
PC882707,0.84043211550661,0,1
PC882733,0.0204492812184911,0,0
PC882797,0.271301768149072,0,0
PC882897,0.0002936632663477,0,0
PC882914,0.734113682945041,0,1
PC882985,0.378934562206268,0,0
PC883161,0.0974253095335817,0,0
PC883336,0.0852776973228707,0,0
PC883524,0.131657000864516,0,0
PC883533,0.0015063286458126,0,0
PC883560,0.0010151600471352,0,0
PC883587,0.0215171314775944,0,0
PC883622,0.101280252441613,0,0
PC883683,0.543618091994826,1,1
PC883688,0.0128584418545493,0,0
PC883846,0.376537161438089,0,0
PC883912,0.547792811148338,1,1
PC883954,0.666564345359802,0,1
PC884085,0.0021321242513305,0,0
PC884163,0.0161343310603528,0,0
PC884191,0.0082308708091106,0,0
PC884215,0.0006881918525323,0,0
PC884228,0.292042770556041,0,0
PC884345,0.0005464047426357,0,0
PC884427,0.0268699187969866,0,0
PC884567,0.0592145659029484,0,0
PC884590,0.202610005755717,0,0
PC884631,0.308572486599657,0,0
PC884719,0.221896052360535,0,0
PC884839,0.110238671067963,0,0
PC884927,0.603406008987251,0,1
PC884990,0.152407561079898,0,0
PC885187,0.0400666202859658,0,0
PC885289,0.0831534286302746,0,0
PC885371,0.635792371710675,1,1
PC885523,0.11312922090292,0,0
PC885663,0.010369598865509,0,0
PC885716,0.0277995172227256,0,0
PC885769,0.0695707896867623,0,0
PC885822,0.00079151077135,0,0
PC885833,0.0475862490563848,0,0
PC885914,0.827063620090485,0,1
PC885917,0.111806437858858,0,0
PC886236,0.0813242103815646,0,0
PC886435,0.0588055625557899,0,0
PC886525,0.0329242194388383,0,0
PC886586,0.0161875026833274,0,0
PC886676,0.513885805540569,0,1
PC886731,0.0058544891813787,0,0
PC886796,0.296738266944885,0,0
PC886845,0.0061742011457681,0,0
PC886868,0.184321981866731,0,0
PC886909,0.0109500227001046,0,0
PC886932,0.0510228253633921,0,0
PC886976,0.0275133308023214,0,0
PC887277,0.0199897428434952,0,0
PC887348,0.113036699593067,0,0
PC887449,0.0530079296558578,0,0
PC887674,0.0589276403188705,0,0
PC887747,0.0394425801932812,0,0
PC887785,0.272941112518311,0,0
PC887877,0.0001905856042867,0,0
PC887944,0.315806088363338,0,0
PC888070,0.5636186003685,0,1
PC888115,0.0115305179799045,0,0
PC888227,0.62152108544106,0,1
PC888246,0.0116081527143958,0,0
PC888309,0.0304241472494838,0,0
PC888311,0.934171984358153,1,1
PC888356,0.254003027611138,0,0
PC888380,0.194429015521303,1,0
PC888383,0.0913001890708543,0,0
PC888437,0.237403860229471,0,0
PC888504,0.404239634081755,0,0
PC888598,0.349720448255539,0,0
PC888655,2.16127846215386e-05,0,0
PC888764,0.0475845698878417,0,0
PC888799,0.0011205214680775,0,0
PC888888,0.131445977026585,1,0
PC888897,0.0013854042324752,0,0
PC889021,0.134587804246643,0,0
PC889137,0.0009245243342355,0,0
PC889241,0.0769580695972561,0,0
PC889278,0.222312594084389,0,0
PC889513,0.0013375416165217,0,0
PC889515,0.0083278607244315,0,0
PC889638,0.0377526874224887,0,0
PC889766,0.0769900265484864,0,0
PC889840,0.0214056248142587,0,0
PC889966,0.0002077048146138,0,0
PC890245,0.509328892095241,1,1
PC890340,5.19836776098393e-05,0,0
PC890621,0.136335913140182,0,0
PC890699,0.785168766975403,0,1
PC890825,0.186293184757233,0,0
PC891010,0.19631268500348,0,0
PC891025,0.69600694401921,1,1
PC891054,0.156410396267307,0,0
PC891231,0.0156034109340578,0,0
PC891314,0.0281871978264418,0,0
PC891361,0.0161587144937769,0,0
PC891426,0.048111422594886,0,0
PC891654,0.0596137352089202,0,0
PC891664,0.0234213966384462,0,0
PC891689,0.0532679669976145,0,0
PC892060,0.0142244764393224,0,0
PC892181,0.0748228393442807,0,0
PC892208,0.0679482820303465,0,0
PC892235,0.42675992846489,0,0
PC892339,0.0236833301394908,0,0
PC892407,0.0728789382066924,0,0
PC892461,0.0048064548217763,0,0
PC892496,0.104042356727433,0,0
PC892511,0.0287711343462516,0,0
PC892670,0.0429179746814348,0,0
PC892953,0.0116561292880134,0,0
PC892999,0.0019703548467017,0,0
PC893048,0.353960268704229,0,0
PC893075,0.0728914546625274,0,0
PC893154,0.0477184080931368,0,0
PC893297,0.0518784160649562,0,0
PC893366,0.0632496987804406,0,0
PC893435,0.317965771898877,0,0
PC893479,0.817377122965726,1,1
PC893662,0.0382582159204916,0,0
PC893763,0.21609665408665,0,0
PC893780,0.171983337267731,0,0
PC893807,0.136290681283296,1,0
PC893816,0.019967256363472,0,0
PC893873,0.0112994989838952,0,0
PC893891,0.05133352083831,0,0
PC894133,0.0054921647533774,0,0
PC894176,0.0270272040337034,0,0
PC894200,0.180819866649958,0,0
PC894213,0.166441848922515,0,0
PC894247,0.228041371896891,1,0
PC894292,0.0011741062626242,0,0
PC894309,0.0100235075846089,0,0
PC894411,0.0104410831390882,0,0
PC894455,0.199307246058665,1,0
PC894511,1.50478020098108e-05,0,0
PC894581,0.016220313434619,0,0
PC894702,0.292143136262894,0,0
PC894813,0.116036200169094,0,0
PC894839,0.028203656044234,0,0
PC895000,0.0297624723630657,0,0
PC895037,0.0205218305092101,0,0
PC895112,0.153992591821716,0,0
PC895205,0.0919435026556426,0,0
PC895438,0.0700649171715169,0,0
PC895484,0.0176525271613296,0,0
PC895486,0.0150598557286734,0,0
PC895541,0.0208103163938923,0,0
PC895686,0.272524050352088,0,0
PC895784,0.0197671178597545,0,0
PC895885,0.684002781048753,1,1
PC895916,0.58291840600589,1,1
PC895947,0.0541483062461778,0,0
PC896022,0.10728767537404,0,0
PC896070,0.238151455737033,0,0
PC896076,0.015797721222043,0,0
PC896154,0.0153966439696683,0,0
PC896286,0.0103010080879624,0,0
PC896389,0.0059443679638207,0,0
PC896390,0.0421140343408263,0,0
PC896510,0.0843304991722107,0,0
PC896534,0.282992992321206,0,0
PC896547,0.0812600056135749,0,0
PC896591,0.154117477884204,0,0
PC896598,0.0028333332119782,0,0
PC896713,0.0531756281852722,0,0
PC896744,0.0179902835745975,0,0
PC896763,0.131278440356255,0,0
PC896777,0.646248101800036,1,1
PC896984,0.110873661946703,0,0
PC897027,0.0043048688990293,0,0
PC897370,0.270436761366885,1,0
PC897779,0.0421261452138424,0,0
PC897785,0.0484882332384586,0,0
PC897798,0.989389438142059,0,1
PC897820,0.0001500382490756,0,0
PC898061,0.0297480566966298,0,0
PC898222,0.367456090159533,0,0
PC898365,0.0181174613535404,0,0
PC898411,0.0065938060633972,0,0
PC898639,0.0067403926514089,0,0
PC898701,0.314838071196223,0,0
PC899028,0.244164133178898,0,0
PC899063,0.0246930330907617,0,0
PC899094,0.0952468835068553,0,0
PC899152,0.0092001457134736,0,0
PC899343,0.0074700810946524,0,0
PC899379,0.661256681484586,1,1
PC899384,0.0790125597258209,0,0
PC899481,0.0161962825927142,0,0
PC899505,0.0088192867058245,0,0
PC899667,0.0222970548415957,0,0
PC900069,0.602091324589769,0,1
PC900102,0.0207433382780935,0,0
PC900456,0.0306364360428131,0,0
PC900573,0.0064872600889021,0,0
PC900657,0.0028807534097563,0,0
PC900693,0.006606728476205,0,0
PC900708,0.0055447067134082,0,0
PC900882,0.0715575963258743,0,0
PC900923,0.0830368080000947,0,0
PC900995,0.186745199981097,0,0
PC901013,0.0075083625599677,0,0
PC901192,0.349162408467048,1,0
PC901260,0.0460084773443952,0,0
PC901314,0.0443741637968215,0,0
PC901382,0.673167498732136,0,1
PC901399,0.0501081496477127,0,0
PC901526,0.56777618590477,0,1
PC901529,0.017561343588656,0,0
PC901638,0.004271107537185,0,0
PC901646,0.59918208600511,0,1
PC901863,0.02763242892028,0,0
PC901947,0.131282672519385,0,0
PC902007,0.607613027095795,0,1
PC902123,0.0009819168556442,0,0
PC902326,0.255712355605474,0,0
PC902493,0.0888191311047849,0,0
PC902538,0.0716341718567584,0,0
PC902558,0.0914693953919003,0,0
PC902670,0.040716796506704,1,0
PC902749,0.0092719395837763,0,0
PC902815,0.0219894140534283,0,0
PC902851,0.158709959280482,0,0
PC903074,0.0071774553507566,0,0
PC903149,0.163525059819221,0,0
PC903522,0.177301329211562,0,0
PC903543,0.0326252371945995,0,0
PC903620,3.82960242859554e-05,0,0
PC903709,0.0571145303547382,0,0
PC903729,0.0221978309192008,0,0
PC904010,0.0370550844046843,0,0
PC904212,0.0356897914316505,0,0
PC904256,0.195655190894513,1,0
PC904265,0.0315652637678275,0,0
PC904418,0.245500117540359,0,0
PC904493,0.214777870557314,0,0
PC904538,0.215510371778539,0,0
PC904715,0.0005748250354688,0,0
PC904885,0.0269858422006442,0,0
PC905002,0.984939428200399,1,1
PC905267,0.160943043887963,0,0
PC905303,0.758309738478284,0,1
PC905400,0.0226262958021835,0,0
PC905425,0.0158835026731986,0,0
PC905540,0.0382268227646843,0,0
PC905593,0.0393806649652721,0,0
PC905811,0.0447907577219763,0,0
PC905836,0.0032779911998659,0,0
PC905845,0.0442949421779687,0,0
PC905937,0.0060718990862369,0,0
PC905986,7.51404440961778e-05,0,0
PC906048,0.604417254229657,0,1
PC906057,0.0030825718569955,0,0
PC906124,0.0454573747701943,0,0
PC906134,0.0732088929686981,0,0
PC906323,0.516652524471283,0,1
PC906408,0.385921984910965,0,0
PC906627,0.376732824992869,1,0
PC906779,0.0134228604555678,0,0
PC906912,0.0653838110256748,0,0
PC906960,0.205779314041138,0,0
PC906965,0.0096425488591194,0,0
PC906973,2.81834945781156e-06,0,0
PC907006,0.414005677338462,1,0
PC907008,0.28370600938797,0,0
PC907072,0.120727797825838,0,0
PC907136,0.193755503533022,0,0
PC907144,0.162146697850494,0,0
PC907255,0.035288656517857,0,0
PC907268,0.390207911012328,0,0
PC907362,0.552674263032396,0,1
PC907410,0.734617098386082,0,1
PC907470,0.534065956882555,0,1
PC907490,0.154127809984442,0,0
PC907874,0.672624471338716,1,1
PC907890,0.0425532577960375,0,0
PC907920,0.0643818028522341,0,0
PC907938,0.0569966180946971,0,0
PC907967,0.0392191757335567,0,0
PC907982,9.77735381299677e-07,0,0
PC908022,0.0189480800181627,0,0
PC908139,0.001708114034444,0,0
PC908282,0.508556720314904,1,1
PC908309,0.0133713330797036,0,0
PC908594,0.0603212917116501,0,0
PC908634,0.146915192754071,0,0
PC908687,0.062374590662835,0,0
PC908688,0.259730845689774,0,0
PC908692,0.0005338431801646,0,0
PC908713,0.0949134915837484,0,0
PC908719,0.0334189496934414,0,0
PC908813,0.216164126107681,0,0
PC908854,0.240744780150682,0,0
PC909160,0.110276703027103,1,0
PC909361,0.336805293453635,1,0
PC909410,0.176344612008275,0,0
PC909506,0.30785171347535,1,0
PC909749,0.0473396444162836,0,0
PC909907,0.0555355697870255,0,0
PC910037,0.0126230278865339,0,0
PC910056,0.164693987780828,0,0
PC910167,0.628083884716034,0,1
PC910217,0.11068975090096,0,0
PC910395,0.0002183084870921,0,0
PC910407,0.0012622976763205,0,0
PC910428,0.0127824751532,0,0
PC910560,0.0445309395984564,0,0
PC910743,1.54994686454302e-05,0,0
PC911061,0.183222975469845,0,0
PC911146,0.0472323636691877,0,0
PC911244,0.0021805108780271,0,0
PC911247,0.0309607624311184,0,0
PC911249,0.0091935945674777,0,0
PC911317,0.500629425048828,0,1
PC911442,0.0668457659039071,0,0
PC911560,0.0269575901329517,0,0
PC911654,0.0007084333837088,0,0
PC911673,0.262013256549835,0,0
PC911836,0.0469338038744586,0,0
PC911851,0.245952377576647,0,0
PC912015,0.139698803424835,0,0
PC912053,0.0179613400635064,0,0
PC912223,0.163248307110431,0,0
PC912268,0.0016624190611764,0,0
PC912707,0.0044254743805649,0,0
PC912719,0.0005507124811896,0,0
PC912966,0.410579253351799,0,0
PC912983,0.0822618787765202,0,0
PC913065,0.19700805188092,0,0
PC913214,0.148526805044619,0,0
PC913253,0.914823452908679,0,1
PC913322,0.195977174448811,0,0
PC913427,0.0168819230702831,0,0
PC913434,0.294832477043333,0,0
PC913543,0.0625970241202321,0,0
PC913582,0.0063336356543004,0,0
PC913592,0.0838201263887089,0,0
PC913768,0.0047904370439743,0,0
PC913911,0.0755919516086578,0,0
PC914073,0.0402851939822235,0,0
PC914082,0.0894494812040808,0,0
PC914089,0.0045677202618842,0,0
PC914447,0.0010320917936042,0,0
PC914508,0.15752744796187,0,0
PC914521,0.0086442768750178,0,0
PC914697,0.165622692302586,0,0
PC914739,0.175801932199959,0,0
PC914756,0.0455291204394155,0,0
PC914779,0.330411002357857,0,0
PC914789,0.0083627002313733,0,0
PC914832,0.0753755400444896,0,0
PC914908,0.0231895346756677,0,0
PC914957,0.109185337832351,0,0
PC915308,0.153926829657247,1,0
PC915433,0.133031970189505,0,0
PC915492,0.129061982035637,0,0
PC915881,0.0136181695748176,0,0
PC915976,0.0225017019386949,0,0
PC915997,0.152001326017261,0,0
PC916350,0.0087040977073927,0,0
PC916423,0.0129457690341421,0,0
PC916530,0.556441550842959,1,1
PC916633,0.084987528406281,0,0
PC916699,0.681549310684204,0,1
PC916786,0.0570012788032112,0,0
PC916792,0.027028182703726,0,0
PC916917,0.0011850603935602,0,0
PC916995,0.0113868156022014,0,0
PC917126,0.226707695260265,0,0
PC917144,0.0936599033497159,0,0
PC917171,0.318454753917727,0,0
PC917172,0.139121268649359,0,0
PC917253,0.0004299611609894,0,0
PC917267,0.142156886772464,0,0
PC917365,0.19436759033962,0,0
PC917579,0.0038720950031199,0,0
PC917850,0.317228705197587,0,0
PC917961,0.0404948567449102,0,0
PC918241,0.998886425901114,1,1
PC918475,0.0930513292551041,0,0
PC918651,0.0254262536764145,0,0
PC918782,0.0337093325609365,0,0
PC918875,0.400494433805531,0,0
PC918917,0.807418373021295,1,1
PC918990,0.0461203917426774,0,0
PC919273,0.0604528161367957,0,0
PC919314,0.0542967367233409,0,0
PC919315,0.0920230499609853,0,0
PC919339,0.0370983585365759,0,0
PC919411,0.108728068503153,0,0
PC919664,0.118640194856821,0,0
PC919808,0.549258378683476,0,1
PC919826,0.530767813412948,1,1
PC919902,0.427745517381688,0,0
PC919937,0.405687766124226,0,0
PC919952,0.190029811117432,0,0
PC920277,0.0036311398959263,0,0
PC920452,0.287163988751993,0,0
PC920535,0.0131783270972628,0,0
PC920599,0.132137760323546,0,0
PC920671,0.0011025558634196,0,0
PC920713,0.0080925588836888,0,0
PC920760,0.0225115161856789,0,0
PC920793,0.0124354818835855,0,0
PC920891,0.339865266175523,1,0
PC920904,0.0008564802965338,0,0
PC921039,0.972352430790285,1,1
PC921047,0.633778056449916,0,1
PC921240,0.149701164672133,0,0
PC921260,0.052776935627097,0,0
PC921281,0.0011604282772168,0,0
PC921284,0.0123674101616643,0,0
PC921457,0.326758516638467,1,0
PC921475,0.0039435133196581,0,0
PC921528,0.211336965116511,0,0
PC921549,0.219696872815226,0,0
PC921615,0.371358092504819,0,0
PC921925,0.237231619701378,1,0
PC921970,0.0228885039687157,0,0
PC922208,0.0275558761555616,0,0
PC922323,0.0102486094883427,0,0
PC922349,0.043104501988142,0,0
PC922383,0.438860211390564,0,0
PC922493,0.0439437888562679,0,0
PC922550,0.128497647477502,0,0
PC922677,0.451486336725778,1,0
PC922685,0.187682791737516,0,0
PC922781,0.0397083411059741,0,0
PC922868,0.0873932583424133,0,0
PC923221,0.161442456337122,0,0
PC923262,0.0228059571236372,0,0
PC923466,0.0779018675516274,0,0
PC923467,0.141158536797081,0,0
PC923475,0.0073155250180072,0,0
PC923696,0.0111536945514321,0,0
PC923736,0.0197034159430251,0,0
PC923784,0.125003112470812,0,0
PC923845,0.272467279779738,0,0
PC923919,0.268568835391155,0,0
PC923949,0.301620248928794,0,0
PC923966,0.132003812971762,0,0
PC923980,0.0020671251695603,0,0
PC924080,0.282812541001927,0,0
PC924245,0.0980847552418709,0,0
PC924313,0.507433943993476,0,1
PC924406,0.304240158280811,0,0
PC924439,0.0555380182253956,0,0
PC924538,0.0177404845865726,0,0
PC924670,0.0696005815177467,0,0
PC924677,0.157243026738849,0,0
PC924680,0.291654944419861,0,0
PC924717,0.169656019605191,0,0
PC924758,0.0464153523273616,0,0
PC924797,0.443822887987284,1,0
PC924822,0.0009972675795224,0,0
PC924824,0.0025154949878183,0,0
PC924951,0.100260887418158,0,0
PC925053,0.569649906572467,0,1
PC925068,0.0240752798032238,0,0
PC925267,0.103102342936936,0,0
PC925458,0.399508038544678,0,0
PC925461,0.0246883227425568,0,0
PC925524,0.540338424355703,1,1
PC925706,0.370177143610804,0,0
PC925718,0.0184710436945874,0,0
PC925885,0.33706135391466,0,0
PC925930,0.0629566904332479,0,0
PC926008,0.169250133431564,0,0
PC926028,0.0002343084811556,0,0
PC926054,0.130332514643669,0,0
PC926173,0.0436389908587577,0,0
PC926216,0.201896722327648,0,0
PC926266,0.0356331765651703,0,0
PC926325,0.327035158872604,0,0
PC926330,0.182833045547785,0,0
PC926396,0.0301301705617759,0,0
PC926659,0.382241964979402,1,0
PC926727,0.0848664932483988,0,0
PC926819,0.0485723916488357,0,0
PC926848,0.0244717047120103,0,0
PC926885,0.033092676990415,0,0
PC926946,0.267065394702525,0,0
PC927022,0.141768524390337,0,0
PC927096,0.142886289190955,0,0
PC927110,0.0135711134027057,0,0
PC927210,0.097299953502985,0,0
PC927223,0.0003070124657824,0,0
PC927294,0.0306128211708788,0,0
PC927344,0.000167987800349,0,0
PC927522,0.0790900216017257,0,0
PC927864,0.146684007386291,0,0
PC927885,0.0316069410667777,0,0
PC927907,0.213167085746112,0,0
PC928097,0.107160332377572,1,0
PC928221,0.0057357944118994,0,0
PC928251,0.009012215770781,0,0
PC928273,0.0131146758179034,0,0
PC928311,0.0013852595740422,0,0
PC928330,0.0007387169470585,0,0
PC928394,0.0013219775303824,0,0
PC928506,0.0757178764630191,1,0
PC928549,0.224291716891464,0,0
PC928637,0.0070837555363503,0,0
PC928647,0.0063974186255328,0,0
PC928763,0.0200098316691926,0,0
PC928865,0.014281745667585,0,0
PC928868,0.0868410456971061,0,0
PC928915,0.573213914213212,1,1
PC928995,0.0247021227021564,0,0
PC929046,0.0344437339915989,0,0
PC929152,0.0244881444676532,0,0
PC929323,0.0805092427700299,0,0
PC929441,0.0469009704695417,0,0
PC929579,0.0407021654988751,0,0
PC929664,0.0614668297167028,0,0
PC929742,0.0549700783943902,0,0
PC929754,0.94776451587677,0,1
PC929885,0.0077817564590731,0,0
PC929916,0.588608086109161,0,1
PC929973,0.0100605983594561,0,0
PC930385,0.441218246284645,0,0
PC930400,0.065469084514809,0,0
PC930456,0.564956953143922,0,1
PC930569,0.11426517533903,0,0
PC930624,0.0716714727154829,0,0
PC930681,0.0143328956375849,0,0
PC930779,0.0099023030342758,0,0
PC930816,0.0261534797306546,0,0
PC930881,0.801115980495658,0,1
PC930901,0.662698814321494,1,1
PC931106,0.131364824973523,0,0
PC931251,0.0088083165686882,0,0
PC931255,0.173929958524154,0,0
PC931335,0.804749790011653,1,1
PC931401,0.091416375110707,1,0
PC931509,0.118118483668146,0,0
PC931510,0.286718226636551,1,0
PC931564,0.0071606840938329,0,0
PC931617,0.323586523532867,0,0
PC931679,0.949983134780503,1,1
PC931700,0.0922249281150503,0,0
PC931738,0.105428779655429,0,0
PC931883,0.0469921991390969,0,0
PC932036,0.0684459996193844,0,0
PC932166,0.0069958795793354,0,0
PC932212,0.600792058341102,0,1
PC932229,0.0790694877505302,0,0
PC932380,0.0463427920701795,0,0
PC932602,0.136054290730334,0,0
PC932666,0.0012529186577229,0,0
PC932843,0.351403797505589,1,0
PC932871,0.0008389863602893,0,0
PC932987,0.150616595035076,0,0
PC933090,0.0103041337738539,0,0
PC933139,0.147781059145927,0,0
PC933400,0.0132744192774614,0,0
PC933613,0.129347393032292,0,0
PC933781,0.0501516275107861,0,0
PC933867,0.343616512663097,0,0
PC934041,0.0010873489786027,0,0
PC934132,0.0349754408286204,0,0
PC934170,0.0006580196786671,0,0
PC934208,0.203092514424904,0,0
PC934231,0.0088096313118015,0,0
PC934278,0.0008215589348861,0,0
PC934286,0.0168164186179638,0,0
PC934292,0.005359028048865,0,0
PC934312,0.0116371568292379,0,0
PC934347,0.91575184235206,0,1
PC935130,0.563987375460108,0,1
PC935162,0.731196202233874,1,1
PC935204,0.480413460456858,1,0
PC935217,0.147201694373406,0,0
PC935546,0.054524881369788,0,0
PC935783,0.0163141237498116,0,0
PC935890,0.228191524744034,0,0
PC935923,0.0403984155007235,0,0
PC935990,0.120858154404003,0,0
PC936057,0.0369440224370393,0,0
PC936127,0.0003170570416841,0,0
PC936196,0.174820081784074,0,0
PC936276,0.0067499989785416,0,0
PC936459,0.115352319720729,0,0
PC936466,0.689527538218517,0,1
PC936493,0.0221275190759085,0,0
PC936655,0.0433347336947918,0,0
PC936689,0.0655794663901885,0,0
PC936700,0.125496769881724,0,0
PC936846,0.345197379589081,0,0
PC936866,0.305371952646319,0,0
PC937076,0.0060121080627965,0,0
PC937103,0.006296166366742,0,0
PC937123,0.0011517251841723,0,0
PC937406,0.432129971485222,0,0
PC937441,0.0713524899452096,1,0
PC937452,0.0304389955759171,0,0
PC937506,0.0003328094317112,0,0
PC937541,0.0104310158640146,0,0
PC937630,0.0194850022644334,0,0
PC937726,0.556870243033847,1,1
PC937799,0.0054440795246398,0,0
PC937855,0.807243899596448,0,1
PC937873,0.999428927898407,1,1
PC938187,0.328063658517591,0,0
PC938271,0.101454120278359,0,0
PC938311,0.544827368902589,0,1
PC938328,0.136971094091659,0,0
PC938378,0.0914130893952157,0,0
PC938502,6.10414253094548e-07,0,0
PC938682,0.0244504210382405,0,0
PC938861,0.302355924309772,0,0
PC938930,0.0052738622762262,0,0
PC938973,0.0284376832075775,0,0
PC939064,0.252283561118158,0,0
PC939212,0.0052379062399268,0,0
PC939476,0.0131549279514012,0,0
PC939505,0.0516126792708038,0,0
PC939600,0.225513270578991,0,0
PC939768,0.481184408743885,0,0
PC939865,0.0964744185398672,0,0
PC939893,0.118254360159633,0,0
PC939903,0.221653418177342,0,0
PC939941,0.46321493078739,0,0
PC940010,0.0336322068039246,0,0
PC940346,0.0906490871941869,0,0
PC940528,0.945265650749207,0,1
PC940572,0.259051413912523,0,0
PC940714,0.028966690996568,0,0
PC940806,0.275711933206046,0,0
PC940964,0.021370379441795,0,0
PC941152,0.014666042290628,0,0
PC941216,0.0074494760319404,0,0
PC941433,0.412733479249533,0,0
PC941452,4.90794487692575e-05,0,0
PC941530,0.336271166388964,0,0
PC941536,0.134768374484971,0,0
PC941593,0.0003861680391156,0,0
PC941652,0.002796669723466,0,0
PC941831,0.0155720947466623,0,0
PC941835,0.0075946310307202,0,0
PC941871,0.245980733895195,0,0
PC942179,0.0167489614184589,0,0
PC942311,0.361956850657601,1,0
PC942466,0.0471354034158851,0,0
PC942521,0.468778184126313,0,0
PC942531,0.0057652504183352,0,0
PC942548,0.015830326165275,0,0
PC942767,0.291486870897703,0,0
PC942778,0.0831697581766415,0,0
PC942828,0.0799058775216867,0,0
PC942944,0.0118857430707388,0,0
PC943298,0.444166331415804,1,0
PC943324,0.0303917642485631,0,0
PC943348,0.0127413707913079,0,0
PC943422,0.0487432359349965,0,0
PC943558,0.0397934907426437,0,0
PC943628,0.0635331983346234,0,0
PC943646,0.664985463551596,1,1
PC943773,0.252987203482812,0,0
PC943849,0.45894597260556,0,0
PC943881,0.843628401438877,1,1
PC943959,0.116226526993157,1,0
PC943992,0.549163764757401,0,1
PC944011,0.861483626446482,1,1
PC944023,0.520152121792467,1,1
PC944160,0.0203251581125991,0,0
PC944265,0.006605807031106,0,0
PC944390,0.0600827455565044,0,0
PC944392,0.160439415742104,0,0
PC944546,0.0164969693869352,0,0
PC944603,0.0037973624761593,0,0
PC944628,0.209455671385589,0,0
PC944736,0.692313313484192,0,1
PC944822,0.219567843712866,1,0
PC944927,0.0275305288165626,0,0
PC945018,0.100675478744071,0,0
PC945186,0.0074110187181501,0,0
PC945297,0.203611474037171,0,0
PC945320,0.0417418469626465,0,0
PC945431,0.0064464984530191,0,0
PC945442,0.0679498674502051,0,0
PC945493,0.0154773680895885,0,0
PC945505,0.0531574262762969,0,0
PC945648,0.0109337677252691,0,0
PC945650,0.10344426060494,1,0
PC945713,0.0044068274045122,0,0
PC945855,0.0004923115484416,0,0
PC946016,0.0254652756002714,0,0
PC946028,0.69687810993572,0,1
PC946046,0.0252149745581611,0,0
PC946105,0.0262649671281814,0,0
PC946133,0.145856480007128,0,0
PC946322,0.531370265179684,1,1
PC946438,0.481734589855866,0,0
PC946581,0.515229493858217,0,1
PC946624,0.0891570423172783,0,0
PC946723,0.118693654104185,0,0
PC946750,0.117020090325521,0,0
PC946768,0.0597253848386803,0,0
PC946834,0.0846059173345566,0,0
PC946837,0.255595302111224,0,0
PC946877,0.0491463717627168,0,0
PC946887,0.21783284842968,0,0
PC946978,0.299766110337299,0,0
PC947310,0.0057217495288301,0,0
PC947323,0.0566912243147346,0,0
PC947510,0.0168330605111776,0,0
PC947597,0.225381824587072,0,0
PC947646,0.0783921627982895,0,0
PC947674,0.0091648073866963,0,0
PC947728,0.0404820643507942,1,0
PC947956,0.336199024860407,0,0
PC948022,0.0420236284528875,0,0
PC948177,0.0246363371742802,0,0
PC948308,0.0142851569768336,0,0
PC948329,0.262843877077103,0,0
PC948381,7.11204193066806e-05,0,0
PC948519,0.0620928222943387,0,0
PC948770,0.220010742660086,0,0
PC948820,0.142755922775974,0,0
PC948847,0.033078420242478,0,0
PC948860,3.56328412468289e-05,0,0
PC948899,0.493077152225098,0,0
PC948952,0.0465928633944898,0,0
PC948967,0.0010475631570443,0,0
PC948979,0.041032274375485,0,0
PC949192,0.280395792178817,1,0
PC949196,0.147426253982953,1,0
PC949303,0.140071919891059,0,0
PC949601,0.000534915172182,0,0
PC949620,0.548882762090988,0,1
PC949676,0.43619884756947,0,0
PC949712,0.455238029445269,1,0
PC949965,0.135859752944199,0,0
PC950037,0.0060087870483919,0,0
PC950569,0.0665166954621492,0,0
PC950620,0.352945566177368,0,0
PC950667,0.01520540415208,0,0
PC950678,0.0009101791492006,0,0
PC950733,0.0058152681126831,0,0
PC950802,0.307210884753142,1,0
PC950855,0.332046631271037,0,0
PC950929,0.65126837024151,1,1
PC951158,0.282008975041613,1,0
PC951234,0.508034884929657,0,1
PC951326,0.963882588423215,1,1
PC951413,0.174792567550906,0,0
PC951495,0.0248545706272125,0,0
PC951648,0.019991718997481,0,0
PC951822,0.0269197453852838,0,0
PC951911,0.0471658885460977,0,0
PC951953,0.0065319073086572,0,0
PC952005,0.0114527220056811,0,0
PC952044,0.000199714226175,0,0
PC952054,0.466054197663153,1,0
PC952173,0.0315294425426431,0,0
PC952281,0.0043371636420488,0,0
PC952398,0.353524544736841,0,0
PC952402,0.470576187807355,0,0
PC952418,0.113388523037703,0,0
PC952421,0.222224314868783,0,0
PC952470,0.0059050819836556,0,0
PC952563,0.366537700615473,0,0
PC952640,0.0658886382739367,0,0
PC952852,0.0378753990295725,0,0
PC952883,0.457472776929986,0,0
PC952987,0.016723645851016,0,0
PC953142,0.110961265412502,0,0
PC953155,0.0153140576108347,0,0
PC953239,0.0258275751111796,0,0
PC953329,0.346732527017593,0,0
PC953669,0.254842987527018,0,0
PC954124,0.0311789516699334,0,0
PC954192,0.0876262956853779,1,0
PC954399,0.0602037117720764,0,0
PC954446,0.0352198120339754,0,0
PC954455,0.0018778755329549,0,0
PC954651,0.0563815836229958,0,0
PC954707,0.0004409826651681,0,0
PC954736,0.0067385724111598,0,0
PC954816,0.104530538230211,0,0
PC954824,0.0682344064116478,0,0
PC954852,0.166070084140351,0,0
PC954889,0.443212805848036,1,0
PC954914,0.109095705861456,0,0
PC954995,0.0002813025659569,0,0
PC955242,0.0425150505069246,0,0
PC955376,0.0916990483687684,0,0
PC955475,0.0458977594971657,0,0
PC955561,0.380581118928677,0,0
PC955822,0.0004160974438499,0,0
PC955864,0.189499620066221,0,0
PC955998,0.0295995424840771,0,0
PC956031,0.0096968353689146,0,0
PC956166,0.0081645312789609,0,0
PC956305,0.828301857566737,1,1
PC956349,0.107707064028872,0,0
PC956544,0.0003837937256321,0,0
PC956554,0.143472333332902,0,0
PC956556,0.205912105253358,0,0
PC956628,0.345944856323899,0,0
PC956792,0.0012491769782106,0,0
PC956802,0.438620974148721,0,0
PC956928,0.10110544461873,0,0
PC956976,0.307923312908594,0,0
PC956984,0.356546635070165,0,0
PC957020,0.0259776785376063,0,0
PC957045,0.0325936560613522,0,0
PC957061,0.0054735179494091,0,0
PC957071,0.0301782656461,0,0
PC957080,0.0091357182613329,0,0
PC957097,0.0645398497581482,0,0
PC957104,0.0001238175173057,0,0
PC957145,0.0301074397416469,0,0
PC957255,0.0047144608189589,0,0
PC957390,0.0173286211913454,0,0
PC957561,0.031534968034154,0,0
PC957759,0.0446166030295269,0,0
PC957895,0.0066442773068593,0,0
PC958084,0.118367675217218,0,0
PC958086,0.0139444433152676,0,0
PC958251,0.0554491348435144,0,0
PC958359,0.0097272828205863,0,0
PC958462,0.0113400253651537,0,0
PC958705,0.12743766994451,0,0
PC958712,0.000639400701197,0,0
PC958964,0.267398463704219,0,0
PC959190,0.0525860409660821,0,0
PC959287,0.244711384001625,0,0
PC959326,0.112097995402988,0,0
PC959402,0.26328390791702,0,0
PC959516,0.132796073651343,0,0
PC959548,0.294420670055116,0,0
PC959625,0.185651606638881,0,0
PC959679,0.0053719975639329,0,0
PC959771,0.0042565794708683,0,0
PC959974,0.0657688751019209,0,0
PC960096,0.06291732669705,1,0
PC960187,0.247218757198193,0,0
PC960428,0.0301274782965474,0,0
PC960529,0.10312120923027,0,0
PC960568,0.212040782866315,0,0
PC960723,0.219775412220483,0,0
PC960819,0.0073059526870825,0,0
PC961228,0.451613963743572,0,0
PC961401,0.0904080212878232,0,0
PC961463,0.0880327545995014,0,0
PC961477,0.0321799726195919,0,0
PC961502,0.0698044379093692,0,0
PC961711,0.0483868426586914,0,0
PC961732,0.0965680330991745,0,0
PC961759,0.0083526819944381,0,0
PC961875,0.0090317018330097,0,0
PC962255,0.0092902891337871,0,0
PC962299,0.0305649786795735,0,0
PC962374,0.0016005372162908,0,0
PC962380,0.0086340508385886,0,0
PC962461,0.0697759679502684,0,0
PC962536,0.114664495639179,0,0
PC962654,0.382440949685825,0,0
PC962729,7.58989554014988e-05,0,0
PC962749,0.0941654959387144,0,0
PC962876,0.121297709643841,0,0
PC962916,0.0084900784265064,0,0
PC962944,0.973431112446152,1,1
PC962988,0.021597944778459,0,0
PC962992,0.434289119118973,1,0
PC963186,0.0610640089055003,0,0
PC963187,0.0759158511592566,0,0
PC963202,0.0119582161285456,0,0
PC963266,0.0349559505293901,0,0
PC963569,0.0115126044198719,0,0
PC963576,0.0007287628832273,0,0
PC963589,0.134057685696057,1,0
PC963605,0.350949703043352,0,0
PC963610,0.195415319059439,0,0
PC963693,0.0059648287531576,0,0
PC963695,0.0227120551193995,0,0
PC963786,0.0037501764018088,0,0
PC964000,0.0014043441871296,0,0
PC964049,0.0280846919204953,0,0
PC964194,0.474827184579273,0,0
PC964411,0.314550010312177,0,0
PC964957,0.0110049359500408,0,0
PC965025,0.222894575922154,0,0
PC965089,0.0040825037512469,0,0
PC965303,0.225509542257641,1,0
PC965567,0.0016597407797997,0,0
PC965606,0.0072228135541081,0,0
PC965779,0.329760386841557,0,0
PC965791,0.560853958209568,1,1
PC965847,0.005236871918608,0,0
PC966023,0.176119011470942,0,0
PC966048,0.0107833258721292,0,0
PC966114,0.0348084811752732,0,0
PC966267,0.475503718497697,1,0
PC966327,0.265811734592608,1,0
PC966411,0.562535221502905,0,1
PC966436,0.131700856984834,0,0
PC966577,0.0004815372474823,0,0
PC966593,0.0039609069269677,0,0
PC966720,1.34454776343773e-05,0,0
PC966790,0.0014065619944948,0,0
PC966840,0.122400090599737,0,0
PC966936,0.079357631653349,0,0
PC967207,0.0310395490378141,0,0
PC967377,0.0002173314715037,0,0
PC967425,0.0426982553897598,0,0
PC967488,0.112429244076229,0,0
PC967561,0.0012746313586831,0,0
PC967566,0.12686887383461,0,0
PC967681,0.0014353474298267,0,0
PC967728,0.0764844888914206,0,0
PC967910,0.207887982346112,0,0
PC967918,0.296554416418076,0,0
PC967966,0.0602557866381953,0,0
PC968003,0.0126126842823491,0,0
PC968081,0.482174985169985,0,0
PC968190,0.459583165183336,0,0
PC968222,0.238965647859371,0,0
PC968646,0.452833525862489,1,0
PC968654,0.0118148510745906,0,0
PC968741,0.0870666881922614,0,0
PC968815,7.7588039857801e-05,0,0
PC968927,0.0244939979545925,1,0
PC968966,0.0077987453848377,0,0
PC969402,0.0905756329483326,0,0
PC969519,0.0027989058153892,0,0
PC969529,0.017365525507413,0,0
PC969775,0.0229601425156411,0,0
PC969800,0.0578767857817853,0,0
PC969871,0.640268817345484,0,1
PC970073,0.0141123672947288,0,0
PC970123,0.312578914509656,0,0
PC970271,0.215547756310245,0,0
PC970585,0.0391052737832069,0,0
PC970680,0.0219493950717151,0,0
PC970774,0.0824530446925013,0,0
PC970824,4.67464382622813e-05,0,0
PC970835,0.0401444324444746,0,0
PC970961,0.060921798407641,0,0
PC971053,0.303441476909743,0,0
PC971201,0.052943030254373,0,0
PC971406,0.286337243440824,0,0
PC971407,0.011451009158194,0,0
PC971467,0.439506429425567,1,0
PC971545,0.0069226268570758,0,0
PC971564,0.0478920583996503,0,0
PC971719,0.064112615746521,0,0
PC971792,0.0706891889495931,0,0
PC971966,0.0016482520264046,0,0
PC972518,0.268110642386548,0,0
PC972543,0.0039163287271372,0,0
PC972921,0.0443195389877809,0,0
PC973026,0.0132182630520973,0,0
PC973036,0.11707962536245,0,0
PC973130,0.668107984520914,1,1
PC973196,0.0158987362860938,0,0
PC973600,0.0162853385181935,0,0
PC973811,0.157955113283132,0,0
PC974038,0.0628383159637451,0,0
PC974064,0.304011046886444,0,0
PC974244,0.261746875159806,0,0
PC974250,0.101994127035141,0,0
PC974264,0.0258798835460353,0,0
PC974286,0.003100760428441,0,0
PC974295,0.261255623480008,0,0
PC974347,0.105639181401073,0,0
PC974656,0.0392171025975201,0,0
PC974731,0.15749119418663,0,0
PC974771,0.0208148827876643,0,0
PC974785,0.137464682585049,0,0
PC974890,0.323020964584562,0,0
PC974903,0.0523799269000201,0,0
PC974997,0.0079739049521875,0,0
PC975002,0.0015167413512244,0,0
PC975200,0.575154424913777,1,1
PC975210,0.77380683659259,1,1
PC975402,0.185165628790855,0,0
PC975443,0.181334368382741,0,0
PC975447,0.115321204430509,0,0
PC975488,0.119126153725878,0,0
PC975619,0.113570972742911,0,0
PC975998,0.452114917932808,1,0
PC976001,0.59698759993551,0,1
PC976032,0.303078364415773,1,0
PC976092,0.109133049845695,0,0
PC976101,0.013161919351251,0,0
PC976164,0.006541748410513,0,0
PC976258,0.027603447878391,0,0
PC976358,0.0514505027338516,0,0
PC976638,0.0045243191877525,0,0
PC976786,0.000269431913117,1,0
PC977062,0.0040164212696254,0,0
PC977085,0.0168292878143242,0,0
PC977173,0.416105078055324,0,0
PC977217,0.408961921930313,0,0
PC977344,0.0282751224657821,0,0
PC977624,0.0649174140156569,0,0
PC977668,0.0048687602393329,0,0
PC977787,0.0102857426392772,0,0
PC977791,0.0489348667953143,0,0
PC977845,0.0845863127352851,0,0
PC977895,0.0560529222324943,0,0
PC977966,0.0258958227932453,0,0
PC977983,0.385026812553406,0,0
PC978020,0.272956580548279,1,0
PC978074,0.323077059681152,0,0
PC978377,0.038588254174716,0,0
PC978596,0.0348093821360991,0,0
PC978729,0.133985040749743,0,0
PC978855,0.0776387793885027,0,0
PC978875,0.107816867530346,0,0
PC978955,0.0465547798201442,0,0
PC978978,0.0187103582068909,0,0
PC979145,0.0191083393417434,0,0
PC979155,0.144364476203918,0,0
PC979182,0.0119481509252225,0,0
PC979334,0.818008693390688,1,1
PC979552,0.0075254286639392,0,0
PC979624,0.0513428738340734,0,0
PC979699,0.0006911427341644,0,0
PC979734,0.0419995707885034,0,0
PC979842,0.108466059225247,0,0
PC979936,0.655070722103119,0,1
PC980016,0.0842845260753521,0,0
PC980096,0.0334834335646155,0,0
PC980215,0.555879354511643,1,1
PC980308,0.268080792720012,0,0
PC980354,0.0064573893208562,0,0
PC980439,0.0039098649302448,0,0
PC980819,0.0475728162317612,0,0
PC980986,0.191029250621796,0,0
PC981117,0.0036830199507834,0,0
PC981130,0.220805637612201,0,0
PC981137,0.0001505215041106,0,0
PC981208,0.061462650903138,0,0
PC981221,0.137957335743576,0,0
PC981554,0.456974835064662,1,0
PC981774,0.0046174750265753,0,0
PC982034,0.0519419796764851,0,0
PC982113,0.579603265283445,1,1
PC982245,0.360757629054308,0,0
PC982273,0.888028366657094,1,1
PC982298,0.0040198390368735,0,0
PC982433,0.0002914151118602,0,0
PC982448,0.0062243407890857,0,0
PC982529,0.568771752583507,1,1
PC982553,0.0152582693845034,0,0
PC982645,0.0432854984479452,0,0
PC982780,0.766505525059944,0,1
PC982867,0.181130764010551,0,0
PC982968,0.0602265931665897,0,0
PC983121,0.448292243538045,1,0
PC983246,0.061529351482378,0,0
PC983568,0.010028391429332,0,0
PC983795,0.384354397344523,0,0
PC983803,0.0561603785008581,0,0
PC983898,0.0150108141824603,0,0
PC983920,0.0430125041884628,0,0
PC983982,0.0359054801385265,0,0
PC983993,0.272898222042235,0,0
PC984157,0.0007629380019742,0,0
PC984316,0.0846273968336454,0,0
PC984462,0.0230214531932558,0,0
PC984768,0.682789385318756,0,1
PC984796,0.08403430877951,0,0
PC984842,0.0592914857573596,0,0
PC985223,0.284660674358744,0,0
PC985235,0.0139116549969844,0,0
PC985250,0.0032384364345787,0,0
PC985295,0.0092636951512896,0,0
PC985406,0.110890053212643,0,0
PC985438,0.007893470760548,0,0
PC985483,0.443614306785568,1,0
PC985577,0.0210694398063456,0,0
PC985596,0.101155537260746,0,0
PC985727,0.0437291376292706,0,0
PC985988,0.0627284241228328,0,0
PC986002,0.11002951319666,0,0
PC986043,0.0002664648156371,0,0
PC986082,0.029539647557146,0,0
PC986192,0.109178356876309,0,0
PC986441,0.0045367603222654,0,0
PC986446,0.0344095242157615,0,0
PC986540,0.0917977200938271,0,0
PC986827,0.0366837401914288,0,0
PC986971,0.0281252954124283,1,0
PC987109,0.35017823834847,0,0
PC987119,0.105600576453618,1,0
PC987208,0.130750135941939,0,0
PC987372,0.144225613899227,0,0
PC987450,0.0460119712224696,0,0
PC987585,0.0261331684887409,0,0
PC987646,0.0107909981161356,0,0
PC987673,0.645812392234802,0,1
PC987683,0.0580083429813385,0,0
PC987756,0.0584929652588478,0,0
PC987794,0.899248134647334,0,1
PC987816,0.0024561880428816,0,0
PC987927,0.33974643219672,0,0
PC988032,0.0109878493124097,0,0
PC988171,0.0540371560666805,0,0
PC988282,0.132820457220078,0,0
PC988400,0.0457539067269777,0,0
PC988411,0.0037204477589429,0,0
PC988744,0.061319637722865,0,0
PC988750,0.0002103227598126,0,0
PC988821,0.126595272951933,0,0
PC988915,0.12149342520033,0,0
PC988919,0.118128391907902,0,0
PC989126,0.595253325212407,0,1
PC989253,0.431973042793688,0,0
PC989390,0.0202658679336309,0,0
PC989451,0.0368796475231647,0,0
PC989602,0.125903060985636,0,0
PC990205,0.0148021170015146,0,0
PC990301,0.0527701100603265,0,0
PC990348,0.0910751394471344,0,0
PC990408,0.113790554559485,0,0
PC990552,0.106134280906976,0,0
PC990559,0.007657581474632,0,0
PC990723,0.242802817887123,0,0
PC990741,0.1132301576889,0,0
PC990746,0.296977992874364,0,0
PC990849,0.0016527790041142,0,0
PC990906,0.207287058234215,0,0
PC991092,0.0441039978435754,0,0
PC991185,0.0734306071708327,0,0
PC991379,0.0060644139675962,0,0
PC991490,0.195103605588277,0,0
PC991577,0.224306510264422,0,0
PC991579,0.0609184855167671,0,0
PC991680,0.0358993233657815,0,0
PC991768,0.0362092890702985,0,0
PC991875,0.21591800678454,0,0
PC991921,0.197759158656265,0,0
PC991964,0.0344444611467994,0,0
PC992073,0.0135893073235658,0,0
PC992249,0.0207770856216782,0,0
PC992278,0.0192884633006787,0,0
PC992401,9.0666465330195e-05,0,0
PC992443,0.0109943485031136,0,0
PC992647,0.223020096157873,0,0
PC992655,0.0351333758121528,0,0
PC992666,0.0217603101649671,0,0
PC992704,0.0880793424095489,0,0
PC992805,0.235756247692554,0,0
PC992834,0.466555505990982,0,0
PC992850,0.027283104958592,0,0
PC992939,0.0141561198979616,0,0
PC993173,0.986669357055738,1,1
PC993251,0.0056113861338298,0,0
PC993425,0.36298859874536,0,0
PC993496,0.0003940243790528,0,0
PC993574,0.0089015024116216,0,0
PC993635,0.10591683035658,0,0
PC993877,0.0310458440446906,0,0
PC993896,0.025382439944106,0,0
PC993989,0.0034972988768878,0,0
PC994067,0.0130576387403799,0,0
PC994129,0.0641345427687472,0,0
PC994244,0.0585239339397949,0,0
PC994291,0.266529199612015,0,0
PC994338,0.0658143933999343,0,0
PC994391,0.0347789349122567,0,0
PC994713,0.083194366948281,0,0
PC994797,0.0990277677774429,0,0
PC994825,0.0041841528350145,0,0
PC994883,0.0552043803036213,0,0
PC995188,9.56262283580145e-06,0,0
PC995342,0.0195592566508151,0,0
PC995399,0.0152781500479007,0,0
PC995551,0.132023320659189,0,0
PC995569,0.0004109653788666,0,0
PC995694,0.0210338144281242,0,0
PC995760,0.136535794350598,0,0
PC995779,0.178226025943008,0,0
PC995875,0.0916558405244003,0,0
PC995900,0.606971204280853,0,1
PC995959,0.00489197159186,0,0
PC995973,0.0041570957096854,0,0
PC995997,0.209569931030273,0,0
PC996024,0.475943029111384,0,0
PC996124,8.31445695058246e-06,0,0
PC996187,0.235532372804551,0,0
PC996248,0.147705276219848,0,0
PC996467,0.0037684165872633,0,0
PC996521,0.469393757945038,1,0
PC996551,0.147263149360576,1,0
PC996695,0.142634869460991,0,0
PC996709,0.052823846958459,0,0
PC996711,0.235743741837808,0,0
PC997059,0.241637587547302,0,0
PC997067,0.0272639087491261,0,0
PC997079,0.0708888923295801,0,0
PC997241,0.210912118962401,0,0
PC997331,0.0050605381655706,0,0
PC997461,0.2210186464302,0,0
PC997577,0.0167396165294483,0,0
PC997705,0.0444210483209727,0,0
PC997834,0.0368304800940677,0,0
PC997863,0.022239102050662,0,0
PC997866,0.26556506825973,0,0
PC997891,0.0448429029855566,0,0
PC997898,0.0027339215947474,0,0
PC998019,0.0749364984485339,0,0
PC998070,0.254659455140863,0,0
PC998114,0.292677422764066,1,0
PC998314,0.0931020006537437,0,0
PC998368,0.0200607769847742,0,0
PC998541,0.0042249325577457,0,0
PC998675,0.136092936407066,0,0
PC998727,0.0361691817612491,0,0
PC998842,0.186701878905296,0,0
PC998920,9.0320041636005e-05,0,0
PC998950,0.356208102623689,0,0
PC999078,0.0668136223060329,0,0
PC999121,0.28897987242027,0,0
PC999228,0.708865780700073,1,1
PC999633,0.430234181064719,0,0
PC999668,0.491371677832657,0,0
PC999698,0.0004107929125893,0,0
PC999731,0.0868097536689531,0,0
PC999858,0.367806599043651,1,0
PC999887,0.0794790666328521,0,0
PC999910,0.0311767142587534,0,0
PC999992,6.4028034103103e-05,0,0
PC1000228,0.0060596737608526,0,0
PC1000421,0.0229122356064896,1,0
PC1000432,0.0036449989042535,0,0
PC1000529,0.0025951804127544,0,0
PC1000597,0.529205833913371,0,1
PC1000600,0.0141187004867147,0,0
PC1000704,0.152557011457401,0,0
PC1000766,0.0976155235917344,0,0
PC1000774,0.161830998603412,0,0
PC1001011,0.863147258758545,0,1
PC1001100,0.114656622985177,0,0
PC1001201,0.598471751121031,1,1
PC1001242,0.0007594506001929,0,0
PC1001379,0.0216423870409743,0,0
PC1001425,0.254878993645076,1,0
PC1001561,0.0001834749889795,0,0
PC1001563,0.0448860009829567,0,0
PC1001799,0.0087481900091487,0,0
PC1001865,0.0542280564715392,0,0
PC1002046,0.123182873107326,0,0
PC1002093,0.665160958196076,0,1
PC1002152,0.0594411171045089,0,0
PC1002346,0.0239482242614031,0,0
PC1002438,0.276237515989178,1,0
PC1002545,0.0004591661170871,0,0
PC1002632,0.039209458976984,0,0
PC1002734,0.0014368067495524,0,0
PC1002868,0.0394402811768619,0,0
PC1002988,0.777083503563385,0,1
PC1003044,0.401567188385482,0,0
PC1003066,0.0109977327156655,0,0
PC1003157,0.0081835904222505,0,0
PC1003206,0.164689949750415,0,0
PC1003277,0.118385885581557,0,0
PC1003313,0.125298041446381,0,0
PC1003418,0.0022079390473663,0,0
PC1003454,0.0160171826239008,0,0
PC1003492,0.0452511943876743,0,0
PC1003590,0.0158614199608564,0,0
PC1003686,0.64984114180092,1,1
PC1003723,0.0223089898092018,0,0
PC1003825,0.0365323578272922,0,0
PC1003953,0.623466175706948,1,1
PC1004034,0.0007343780668357,0,0
PC1004124,0.0466057402568881,0,0
PC1004374,0.0705718097136323,0,0
PC1004401,0.0703730751534691,0,0
PC1004522,0.22287356044532,0,0
PC1004569,0.00713689622669,0,0
PC1004662,0.425976248610486,0,0
PC1004823,0.0006580153713002,0,0
PC1004878,0.0032001654617488,0,0
PC1004971,0.127196370989064,0,0
PC1004977,0.0001850537245254,0,0
PC1005008,0.0099045301919819,0,0
PC1005118,0.0005539891426451,0,0
PC1005167,0.0721916184517584,0,0
PC1005184,0.016784675436526,0,0
PC1005222,0.0037451121958747,0,0
PC1005331,0.0027328275120679,0,0
PC1005385,0.0359376785000768,0,0
PC1005452,0.101323090493679,0,0
PC1005479,0.230389552777959,1,0
PC1005501,0.0877562388397012,0,0
PC1005526,0.0720781983125412,0,0
PC1005571,0.0936950230966219,0,0
PC1005678,0.0071986127326877,0,0
PC1005714,0.0315067321062088,0,0
PC1005820,0.123866962805184,0,0
PC1005839,0.0138649686184619,0,0
PC1005906,0.155590713937503,0,0
PC1006113,0.0144945037992377,0,0
PC1006281,0.0953669949219777,0,0
PC1006424,0.0196283482726458,0,0
PC1006577,0.117305415415932,0,0
PC1006641,0.131932277146572,0,0
PC1006677,0.0195904087105935,0,0
PC1006685,0.0722556951289049,0,0
PC1007574,0.0111864395439625,0,0
PC1007623,0.261584848165512,0,0
PC1007628,0.674012184143066,0,1
PC1007662,0.0528697287721388,0,0
PC1007926,0.0689051918388213,0,0
PC1007965,0.068057241609461,0,0
PC1007973,0.0440606398013369,0,0
PC1007975,0.0314312890982002,0,0
PC1008241,0.0188697712034068,0,0
PC1008263,0.351523290614273,0,0
PC1008546,0.109618898325411,0,0
PC1008600,0.423040699565721,0,0
PC1008660,0.188489676457452,1,0
PC1008674,0.0011340374298551,0,0
PC1008865,5.95239143876825e-05,0,0
PC1008883,0.0085399919995202,0,0
PC1008966,0.0036604246923058,0,0
PC1008970,0.327120471201586,0,0
PC1008980,0.881039578318922,1,1
PC1009039,0.12450685352087,0,0
PC1009088,0.35682916529584,0,0
PC1009236,0.0081700089357385,0,0
PC1009242,0.378194706135773,0,0
PC1009250,0.789392836456907,0,1
PC1009367,0.188555742990322,0,0
PC1009723,0.0373804799068727,0,0
PC1009817,0.200200303984913,0,0
PC1009896,0.0154273560458034,0,0
PC1009922,0.018705680119081,0,0
PC1009925,0.0004640952733186,0,0
PC1010036,0.400075410594676,0,0
PC1010042,0.0130054075270891,0,0
PC1010106,6.89515502472204e-08,0,0
PC1010258,0.204031720757484,0,0
PC1010408,0.028866907581687,0,0
PC1010524,0.0313252675679228,0,0
PC1010821,0.0539445160630338,0,0
PC1010882,0.0185679718852043,0,0
PC1010945,0.0025280063425231,0,0
PC1010949,0.0151548855966978,0,0
PC1011298,0.0055839391627438,0,0
PC1011304,0.0097551187500357,0,0
PC1011325,0.0550164996982342,0,0
PC1011393,0.445469866250568,0,0
PC1011506,0.0598042272578055,0,0
PC1011633,0.0074740438642439,0,0
PC1011920,0.0859192394131619,0,0
PC1012123,0.292067953131415,1,0
PC1012179,0.705709909322686,0,1
PC1012681,0.201110926112337,0,0
PC1012747,0.0066173407249152,0,0
PC1012789,0.0179384530311019,0,0
PC1012939,0.158503666520119,0,0
PC1012992,0.24382019472833,0,0
PC1012994,0.0273871780620575,0,0
PC1013062,0.994084616822581,1,1
PC1013129,0.0433490111657361,0,0
PC1013212,0.0350681079491492,0,0
PC1013244,0.028159137815237,0,0
PC1013275,0.937767903527659,1,1
PC1013315,0.0159307901689596,0,0
PC1013504,0.0351370792924683,0,0
PC1013552,0.0147153693375378,0,0
PC1013627,0.324225463411511,0,0
PC1013631,0.102882274786275,0,0
PC1013643,0.0046892113500286,0,0
PC1013733,0.250080254963145,0,0
PC1013797,0.003658878384158,0,0
PC1014152,0.206231330041364,0,0
PC1014192,0.0058944721622013,0,0
PC1014273,0.0046186385465982,0,0
PC1014740,0.0764330091436258,0,0
PC1014942,0.0605609089721886,0,0
PC1015020,0.0731897974662253,0,0
PC1015101,0.0004919591258114,0,0
PC1015155,0.035385897413629,0,0
PC1015206,0.0004248702947381,0,0
PC1015232,0.343394959001179,0,0
PC1015332,0.0004858545066384,0,0
PC1015366,0.112167600508577,0,0
PC1015423,0.167182688972983,0,0
PC1015629,0.03072388264093,0,0
PC1015771,0.419881163491416,0,0
PC1015858,0.0522652765487699,0,0
PC1016080,0.0151439057663083,0,0
PC1016164,0.128440409721864,0,0
PC1016173,0.0166928440138891,0,0
PC1016278,6.84961646170863e-05,0,0
PC1016351,0.167521639098785,0,0
PC1016368,0.0062928997204267,0,0
PC1016513,0.193741000826949,0,0
PC1016527,0.163650991753654,0,0
PC1016574,0.251156134701754,0,0
PC1016779,0.0019174645283293,0,0
PC1016970,0.137064293026924,0,0
PC1017226,0.814524907790966,1,1
PC1017288,0.129491122466343,0,0
PC1017310,0.0314983849462259,0,0
PC1017324,0.0474774315715213,0,0
PC1017348,0.154461883075865,0,0
PC1017380,0.0030507618149529,0,0
PC1017407,0.0032815330684856,0,0
PC1017409,0.0460005542989173,0,0
PC1017433,0.127740814675232,0,0
PC1017449,0.0003588052350096,0,0
PC1017501,0.038713930594995,0,0
PC1017553,0.0447995202087625,0,0
PC1017574,0.0362542524970427,0,0
PC1017591,0.786466938962071,0,1
PC1017770,0.036947145511251,0,0
PC1017811,0.0218179058283567,0,0
PC1017834,0.261504972014508,1,0
PC1017838,0.161239626655189,0,0
PC1017870,0.143357646925484,0,0
PC1018324,0.159411041591705,1,0
PC1018395,0.130012384345034,1,0
PC1018425,0.287189493885602,1,0
PC1018863,0.382521216590262,0,0
PC1018925,0.0030275717084665,0,0
PC1018929,0.575619335164675,1,1
PC1019095,0.020503299751065,0,0
PC1019248,0.174620808897451,0,0
PC1019269,0.24674317240715,0,0
PC1019313,0.0007616414265555,0,0
PC1019367,0.100617030159248,0,0
PC1019591,0.0002457261816486,0,0
PC1019597,0.0639323985774017,0,0
PC1019618,0.170166688142339,0,0
PC1019669,0.0045361067833645,0,0
PC1019731,0.21320335267455,0,0
PC1019889,0.0209223097383531,0,0
PC1019927,0.0114721946425816,0,0
PC1019972,0.126009249007764,0,0
PC1019978,0.219112556550867,0,0
PC1020023,0.0002120364928196,0,0
PC1020151,0.0472588586352244,0,0
PC1020160,0.0038870024332483,0,0
PC1020211,0.0194036309661838,0,0
PC1020258,0.0008325093107199,0,0
PC1020276,0.481495921973322,0,0
PC1020427,0.0414422537856799,0,0
PC1020470,0.0003855555842164,0,0
PC1020673,0.140481611002025,0,0
PC1020712,0.189461788968461,0,0
PC1020743,0.0316932414572279,0,0
PC1020757,0.136330882079042,0,0
PC1020760,0.162732602305599,0,0
PC1020797,0.0006900801076205,0,0
PC1020821,0.393308794812152,0,0
PC1020847,0.278234875136679,0,0
PC1020971,0.0301424786448479,0,0
PC1021243,0.086105577647686,0,0
PC1021408,0.0063915317878127,0,0
PC1021659,0.0962401107547424,0,0
PC1021710,0.0007215948375412,0,0
PC1021744,0.0067874797347105,0,0
PC1021812,0.774825317018172,0,1
PC1021896,0.514581689626345,0,1
PC1021985,0.723453177970416,1,1
PC1022000,0.0022824873148417,0,0
PC1022227,0.679850981724973,0,1
PC1022259,0.0471937773792791,0,0
PC1022297,0.165485191849932,0,0
PC1022302,0.0230589626040826,0,0
PC1022515,0.380601600058611,1,0
PC1022521,0.115352876484394,0,0
PC1022589,0.0276989167053408,0,0
PC1022617,0.0216762120225439,0,0
PC1022704,0.135585185493436,0,0
PC1022980,0.0721668301028432,0,0
PC1023016,0.152376144200084,0,0
PC1023033,0.116891927404995,0,0
PC1023192,0.227884614740057,0,0
PC1023223,0.169957478102902,0,0
PC1023237,0.0174145324117909,0,0
PC1023293,0.0039205262437462,0,0
PC1023438,0.0394620075821877,0,0
PC1023443,0.099360484693798,0,0
PC1023782,8.12082453194307e-06,0,0
PC1023815,0.006605262402445,0,0
PC1023878,0.153840697886095,0,0
PC1024112,0.987588562628569,1,1
PC1024539,0.0891264063751934,0,0
PC1024680,0.162330106893337,0,0
PC1024709,0.0148689246396557,0,0
PC1024926,0.0220973026007414,0,0
PC1024984,0.0558457844922021,0,0
PC1025012,0.289434608331156,0,0
PC1025097,0.121318365302934,0,0
PC1025167,0.485381553070004,1,0
PC1025252,0.0062620458193123,0,0
PC1025380,2.70885830104817e-05,0,0
PC1025410,0.288607371905525,0,0
PC1025484,0.0115342845396597,0,0
PC1025598,0.0896527767181396,0,0
PC1025621,0.275114755366227,1,0
PC1025656,0.0814185813069344,0,0
PC1025695,0.0052293839467929,0,0
PC1025747,0.0925900355765695,0,0
PC1025961,0.018037043249141,0,0
PC1026040,0.148985836602297,0,0
PC1026065,0.372459142262666,0,0
PC1026291,0.0066534642381817,0,0
PC1026294,0.534967412194671,0,1
PC1026372,0.520609997181488,1,1
PC1026389,0.0455374971548634,0,0
PC1026545,0.0119772000459702,0,0
PC1026558,0.178320427560435,0,0
PC1026658,0.0025678914971649,0,0
PC1027004,0.0271566857705759,0,0
PC1027072,0.142845316074703,0,0
PC1027086,0.108046667238179,0,0
PC1027121,0.0543069111571895,0,0
PC1027123,0.0113386196213064,0,0
PC1027132,0.0371674560010433,0,0
PC1027256,0.457106143527257,0,0
PC1027339,0.0707093922015874,0,0
PC1027397,0.0042275337962411,0,0
PC1027661,0.408822903359719,0,0
PC1028020,0.0359572526721055,0,0
PC1028056,0.323223062923976,0,0
PC1028071,0.136015114761949,0,0
PC1028110,0.0024812354375933,0,0
PC1028319,0.0009712348692119,0,0
PC1028362,0.324662537790177,0,0
PC1028372,0.125419640775062,1,0
PC1028711,0.258254334653546,0,0
PC1028744,0.0005634240372751,0,0
PC1028764,0.0202816987839739,0,0
PC1029046,1.40196823394945e-06,0,0
PC1029197,0.0113221190182838,0,0
PC1029224,0.0560726560652256,0,0
PC1029341,0.0365697733883328,0,0
PC1029352,0.254323642461482,0,0
PC1029363,0.0508617039267107,0,0
PC1029383,0.168935995312407,0,0
PC1029394,0.264939211849194,0,0
PC1029621,0.621564838921885,1,1
PC1029719,0.0525717251002789,0,0
PC1029796,0.26466386102058,1,0
PC1029811,0.0462306542451751,0,0
PC1029848,0.0340349052797927,0,0
PC1030044,0.611247766407158,1,1
PC1030093,0.965816881004914,0,1
PC1030303,0.153076746548065,0,0
PC1030451,0.0071883288933741,0,0
PC1030464,0.0149971071697839,0,0
PC1030465,0.40594827705779,0,0
PC1030635,0.03110271330493,0,0
PC1030816,0.158675173060748,0,0
PC1030905,0.705088633718457,1,1
PC1031012,0.235512353406973,0,0
PC1031152,0.0143094923073916,0,0
PC1031162,0.156980460037753,0,0
PC1031401,0.0080257514409259,0,0
PC1031414,0.179965185749949,0,0
PC1031497,0.119666846490644,0,0
PC1031651,0.182784735413469,0,0
PC1031703,0.713050738791105,0,1
PC1031884,0.107993681721179,0,0
PC1031897,0.0330197104111404,0,0
PC1032017,0.889069708471509,0,1
PC1032031,0.0253963272817154,0,0
PC1032112,0.0040638274934164,0,0
PC1032197,0.279957891907543,0,0
PC1032487,0.0132584774355772,0,0
PC1032674,0.0078051756136119,0,0
PC1032887,0.0303498644268874,0,0
PC1032903,0.0374585288292353,0,0
PC1033043,0.0317502516978433,0,0
PC1033095,0.0553507408743905,0,0
PC1033142,0.0414713826645875,0,0
PC1033156,0.965047987663478,1,1
PC1033157,0.846568996651567,1,1
PC1033472,0.135263929162483,0,0
PC1033539,0.0075954526613192,0,0
PC1033614,0.126419904597652,0,0
PC1033826,0.112766758972905,0,0
PC1033865,0.687041288292768,1,1
PC1033879,0.119744646295039,0,0
PC1034209,0.213808478896783,0,0
PC1034249,0.0181874986737967,0,0
PC1034429,0.0178487952798605,0,0
PC1034492,0.0021716207265853,0,0
PC1034592,0.153824388980865,0,0
PC1034611,0.344549001734934,0,0
PC1034999,0.224237580522851,0,0
PC1035140,0.0883795171976089,0,0
PC1035304,0.0963978882929807,0,0
PC1035360,0.0108843939378858,0,0
PC1035491,0.0247444063719554,0,0
PC1035509,0.0197812273058718,0,0
PC1035517,0.0213890594284426,0,0
PC1035577,0.139288046507675,0,0
PC1035656,0.325287663714313,0,0
PC1035712,0.477350285867366,1,0
PC1035811,0.136918334125533,0,0
PC1035927,0.0132948793371995,0,0
PC1035952,0.0403358297715548,0,0
PC1035980,0.187623083591461,0,0
PC1036211,0.0986012629735018,0,0
PC1036281,0.0545469656110156,0,0
PC1036356,0.0096207554123134,0,0
PC1036446,4.85171312902821e-06,0,0
PC1037178,0.439147551667663,0,0
PC1037331,0.0293246870933559,0,0
PC1037362,0.124856235485048,1,0
PC1037406,0.0805725159488643,0,0
PC1037620,0.180880046159693,0,0
PC1037900,0.0100230289820841,0,0
PC1038101,0.0026942491054596,0,0
PC1038216,0.0010914431045455,0,0
PC1038264,0.143788338177533,0,0
PC1038400,0.0790791003430476,0,0
PC1038417,0.0950871454445984,0,0
PC1038579,0.629277469058971,0,1
PC1038707,0.0125716693352821,0,0
PC1038779,0.0121855167672038,0,0
PC1038905,0.327472799710989,0,0
PC1038971,0.387209531789768,1,0
PC1038975,0.0004172713670413,0,0
PC1039008,0.128074495194315,0,0
PC1039059,0.0166968337542473,0,0
PC1039213,0.154395645795829,0,0
PC1039234,0.0057173666705612,0,0
PC1039288,0.004256222397089,0,0
PC1039352,0.0044723437167704,0,0
PC1039401,0.0965255594991316,0,0
PC1039429,0.157178536057472,0,0
PC1039529,0.208912219653599,0,0
PC1039556,0.863645195960999,0,1
PC1039637,0.565200327148845,0,1
PC1039642,0.0459968151963049,0,0
PC1039775,0.0157898686249061,0,0
PC1039834,0.497131774073671,0,0
PC1039937,0.0156501661986113,0,0
PC1040009,0.280657441455268,0,0
PC1040254,0.105969039472202,1,0
PC1040385,0.0365415838737383,0,0
PC1040570,0.323823800780539,0,0
PC1040588,0.0305799437273777,0,0
PC1040680,0.386048196094263,1,0
PC1040871,0.175661132057829,0,0
PC1041012,0.122588317018825,0,0
PC1041124,0.0168736479670603,0,0
PC1041165,0.0300926068459699,0,0
PC1041205,0.114531822502613,0,0
PC1041219,0.0061523716377167,0,0
PC1041458,0.0852587185507808,0,0
PC1041611,0.597488880157471,0,1
PC1041802,0.388240903615952,0,0
PC1042012,0.0722361872313727,0,0
PC1042021,0.008046901643471,0,0
PC1042092,0.0097979337998717,0,0
PC1042103,0.269091984447167,0,0
PC1042167,0.0944244730430588,0,0
PC1042202,0.0554838533490999,0,0
PC1042299,0.017944622387923,0,0
PC1042379,0.0586622866510971,0,0
PC1042392,0.0014501102268695,0,0
PC1042488,0.163238205980948,0,0
PC1042588,6.80006607872044e-06,0,0
PC1042675,0.0030274012568223,0,0
PC1042683,0.0525847594629675,0,0
PC1042708,0.138264805078506,0,0
PC1042891,0.065212077847605,0,0
PC1042981,0.073593302854835,0,0
PC1042994,0.1291531254089,0,0
PC1043020,0.0007518088674325,0,0
PC1043030,0.0021541895343169,0,0
PC1043046,0.30311247527087,0,0
PC1043050,0.12011346709622,0,0
PC1043088,0.125754699110985,0,0
PC1043414,0.153463094525657,0,0
PC1043418,0.502419441687769,0,1
PC1043455,0.0061424740633345,0,0
PC1043469,0.0090581952302751,0,0
PC1043571,0.452793918543903,0,0
PC1043726,0.173001090734589,0,0
PC1043752,0.149545315227399,0,0
PC1043834,0.0879345364763887,0,0
PC1043841,0.897588963120036,1,1
PC1044038,0.0095687918564215,0,0
PC1044052,0.0368902345672799,0,0
PC1044053,0.0298478933470958,0,0
PC1044202,0.315780857361235,0,0
PC1044218,0.570490834839121,0,1
PC1044268,0.0731287879416184,0,0
PC1044273,0.0322316767065014,0,0
PC1044343,0.864912676737405,1,1
PC1044451,0.293741674073161,1,0
PC1044539,0.0139877526089549,0,0
PC1044595,0.0001576259528519,0,0
PC1044718,0.0377520828046354,0,0
PC1044747,0.0174631588160992,0,0
PC1044770,0.902093988783816,0,1
PC1044920,0.0679391534346511,0,0
PC1044959,0.633307819692498,0,1
PC1044964,0.347289234900181,0,0
PC1045060,0.0831901345070313,0,0
PC1045113,0.0053340431543127,0,0
PC1045161,0.0350942875046541,0,0
PC1045505,0.175932645797729,0,0
PC1045702,0.0626257926127628,0,0
PC1045804,0.773113272503202,1,1
PC1045828,0.0659449672451195,0,0
PC1045901,0.0525776520371437,0,0
PC1045995,0.117567330598831,0,0
PC1046037,0.0205522127387383,0,0
PC1046487,0.0477874525192357,0,0
PC1046539,0.385103728133018,1,0
PC1046554,0.162382024878831,0,0
PC1046573,0.0029545312281698,0,0
PC1046588,0.0006900953594595,0,0
PC1046672,0.0036760359071195,0,0
PC1046829,0.0845180779606814,0,0
PC1046875,0.0617823998280405,0,0
PC1047197,0.0892542661957793,0,0
PC1047210,0.0489339328112718,0,0
PC1047277,0.001606420148164,0,0
PC1047526,0.0546204559504986,0,0
PC1047953,0.0172580732385812,0,0
PC1048105,0.0744093351794364,0,0
PC1048229,0.0287855463555322,0,0
PC1048248,0.0131535157099171,0,0
PC1048680,0.0959493070840836,0,0
PC1048791,0.415871769189835,0,0
PC1048892,0.0847381655091596,1,0
PC1048908,0.238829748670078,0,0
PC1048927,0.0780138090535199,0,0
PC1049010,0.0004977900669584,0,0
PC1049046,0.0074309481790607,0,0
PC1049130,0.003715418341109,0,0
PC1049258,0.0424082194646646,0,0
PC1049308,0.0054294346912037,0,0
PC1049357,0.04611642800057,0,0
PC1049358,0.0073168573839347,0,0
PC1049453,0.337178321953591,0,0
PC1049781,0.131257052443065,0,0
PC1049901,0.137321964606507,0,0
PC1050099,0.0131170559199928,0,0
PC1050105,0.149452973200653,0,0
PC1050188,0.0001376313930868,0,0
PC1050191,0.115773709619094,0,0
PC1050300,0.0135940945711433,0,0
PC1050341,0.106730967278108,0,0
PC1050458,0.0025074976577967,0,0
PC1050479,0.0050939919868705,0,0
PC1050510,0.235202463632459,0,0
PC1050603,0.15245727429274,0,0
PC1050611,0.220261428774017,0,0
PC1050652,0.261706047330635,0,0
PC1050664,0.250126555317738,0,0
PC1050667,0.0020787820200671,0,0
PC1050815,0.0858465371640411,0,0
PC1050835,0.0003848642992877,0,0
PC1050855,0.0056292473271362,0,0
PC1050856,0.0201600696505215,0,0
PC1050873,0.221408181069562,0,0
PC1050878,0.473114709357755,1,0
PC1050916,0.0416843871325043,0,0
PC1051330,0.855538785457611,0,1
PC1051358,0.203434300746104,1,0
PC1051433,0.143378540873528,0,0
PC1051440,0.0024658778891141,0,0
PC1051503,0.041843077672335,0,0
PC1051574,0.0165890094085419,0,0
PC1051633,0.0826901356076592,0,0
PC1051857,0.0369363017380238,0,0
PC1051895,0.54173019199163,1,1
PC1052111,0.0744334987490252,0,0
PC1052167,0.696318046469029,0,1
PC1052251,0.369045697285698,0,0
PC1052375,0.109938241301639,0,0
PC1052414,0.0020237790886312,0,0
PC1052486,0.0403650007568873,0,0
PC1052526,0.0710528494613897,0,0
PC1052585,0.0084992191681431,0,0
PC1052788,0.233698968247568,0,0
PC1052801,0.259913723084166,0,0
PC1052824,0.000129405327926,0,0
PC1052898,0.0438159868818084,0,0
PC1052914,0.57311615672442,1,1
PC1052922,0.122879957725148,0,0
PC1052944,0.256145611796009,1,0
PC1052958,0.0605814934575133,0,0
PC1053018,0.0868019058323161,0,0
PC1053499,0.0414813304618454,0,0
PC1053505,0.402114215747259,0,0
PC1053562,0.0054409219883382,0,0
PC1053620,0.0346509802817221,0,0
PC1053754,0.225965022141962,0,0
PC1053891,0.0119131131057617,0,0
PC1053963,0.0646387328944242,0,0
PC1054017,0.207716948352754,0,0
PC1054034,0.591248766555414,1,1
PC1054181,0.509453278594475,0,1
PC1054206,0.0910695826783718,0,0
PC1054292,0.153055634914377,0,0
PC1054303,0.0614242547141837,0,0
PC1054305,0.576561312056962,1,1
PC1054310,0.0756951219419017,0,0
PC1054326,0.0033646820521483,0,0
PC1054456,0.0884088262121873,0,0
PC1054619,0.944289922714233,0,1
PC1054637,0.169196413598792,0,0
PC1054656,0.180787324905396,0,0
PC1054669,0.0060950280167162,0,0
PC1054832,0.013522488065064,0,0
PC1054852,0.0244875510547965,0,0
PC1054865,0.390406306385634,0,0
PC1054889,0.161894468079073,0,0
PC1055399,0.0004040063613501,0,0
PC1055427,0.0561139411292971,0,0
PC1055440,0.509962499141693,0,1
PC1055443,0.008849220515817,0,0
PC1055493,0.268622740505045,0,0
PC1055581,0.043538477070846,0,0
PC1055647,0.195837018927479,0,0
PC1055660,0.434412844952246,0,0
PC1056011,0.111875924721333,0,0
PC1056439,0.0088672954589128,0,0
PC1056441,0.0006202993472817,0,0
PC1056481,0.0793132402218906,1,0
PC1056567,0.157807286477574,0,0
PC1056676,0.199564718479669,0,0
PC1056969,0.244086652008476,1,0
PC1057018,0.0254342416732158,0,0
PC1057248,0.152358771263382,0,0
PC1057342,0.190244536777312,0,0
PC1057457,0.0579696100994557,0,0
PC1057534,0.0747812115609885,0,0
PC1057728,0.184773945236859,0,0
PC1057729,0.0815678834915161,0,0
PC1057853,0.124796065703096,0,0
PC1058007,0.551327933411213,0,1
PC1058195,0.729825429933398,0,1
PC1058201,0.0177471023052931,0,0
PC1058292,0.0537420563923295,0,0
PC1058654,0.0723260347757631,0,0
PC1058828,0.0468760308574977,0,0
PC1058887,0.025297322918312,0,0
PC1059081,0.985114872455597,0,1
PC1059135,0.170106723019393,0,0
PC1059203,0.0446116216480732,1,0
PC1059252,0.000751404377256,0,0
PC1059353,0.734733979029699,0,1
PC1059367,0.0082467647230582,0,0
PC1059437,0.004665701650083,0,0
PC1059527,0.07342448869103,0,0
PC1059541,0.177447443250981,0,0
PC1059897,0.0752114580868346,0,0
PC1059998,0.131994560360909,0,0
PC1060004,0.246767543317353,1,0
PC1060026,0.013486543116074,0,0
PC1060053,0.0573433365117031,0,0
PC1060096,0.382126007005603,0,0
PC1060112,0.0483462798540573,0,0
PC1060145,0.0052560371146842,0,0
PC1060223,0.008781067743035,0,0
PC1060265,0.0609708726299701,0,0
PC1060501,0.519506825013759,0,1
PC1060784,0.001944932504557,0,0
PC1060794,0.0243254827958948,0,0
PC1061086,0.0942145616178346,0,0
PC1061162,0.325015688352204,0,0
PC1061383,0.488783156233925,0,0
PC1061557,0.0564535671098581,0,0
PC1061610,0.0491920791808826,0,0
PC1061835,0.427348000801877,1,0
PC1061962,0.116231973986236,0,0
PC1062216,0.534100584801724,0,1
PC1062219,0.0162291772407593,0,0
PC1062268,0.0110522755658167,0,0
PC1062300,0.0004892097203992,0,0
PC1062308,0.82531684250322,0,1
PC1062486,0.0140593655309788,0,0
PC1062527,0.0099363606423139,0,0
PC1062730,0.120879746973515,0,0
PC1062807,0.0270938792454842,0,0
PC1062938,0.0022555699768513,0,0
PC1063037,6.94441624204956e-08,0,0
PC1063044,0.0669829404691892,0,0
PC1063088,0.0003232665413508,0,0
PC1063236,0.019732149269956,0,0
PC1063373,0.0011917744996026,0,0
PC1063647,0.0036412123133474,0,0
PC1063943,0.018645772261373,0,0
PC1064099,0.566381448991951,1,1
PC1064210,0.0005541335558518,0,0
PC1064454,0.174035630386452,0,0
PC1064787,0.514537071524858,0,1
PC1064838,0.802692532698526,1,1
PC1065204,0.0437461316130645,0,0
PC1065313,0.0097180953387259,0,0
PC1065390,0.0625938851391234,0,0
PC1065402,0.0048722884785786,0,0
PC1065557,0.233466497954802,0,0
PC1065652,0.392671785935634,0,0
PC1065662,0.0159248029424166,0,0
PC1065686,0.0028421701863408,0,0
PC1065754,0.0175816658884287,0,0
PC1065984,0.0070283930484763,0,0
PC1066231,0.0172627686040266,0,0
PC1066234,0.597321335715477,1,1
PC1066356,0.0109694415189828,0,0
PC1066455,0.0051332210146245,0,0
PC1066531,0.103240388249998,0,0
PC1066604,0.0351259567267704,0,0
PC1066831,0.0705207050508194,0,0
PC1066897,0.0321883543114946,0,0
PC1067300,0.317549970554137,0,0
PC1067316,0.0036469004764695,0,0
PC1067376,0.912928342819214,0,1
PC1067513,0.31019749760921,0,0
PC1067618,0.167413100600243,0,0
PC1067635,0.182532365218295,0,0
PC1067698,0.0143150376740167,0,0
PC1067741,0.0521007470022678,0,0
PC1068058,0.781207441902905,0,1
PC1068124,0.138834398565084,0,0
PC1068166,0.0157898012737031,0,0
PC1068229,0.0531096136387693,0,0
PC1068394,0.125744034782032,0,0
PC1068488,0.302197032379505,0,0
PC1068559,0.0558654917704482,0,0
PC1068576,0.001327502140067,0,0
PC1068634,0.150595811837707,0,0
PC1068675,0.0186229303120447,0,0
PC1068693,0.0211156250067105,0,0
PC1068726,0.0304894000291824,0,0
PC1068929,0.028578947744032,0,0
PC1069000,0.145217889613004,0,0
PC1069046,0.0593702557756011,0,0
PC1069099,0.0977553799748421,0,0
PC1069281,0.156374513471275,0,0
PC1069404,0.0082306507974863,0,0
PC1069517,0.53717252984643,0,1
PC1069522,0.002525681260574,0,0
PC1069621,0.207658631285824,0,0
PC1069671,0.152982218198639,1,0
PC1069792,0.0762789031891961,0,0
PC1069876,0.0107580810572467,0,0
PC1069930,0.053504660580557,0,0
PC1069990,0.0371632501482964,0,0
PC1070016,0.0177811806674142,0,0
PC1070042,0.0728505414576325,0,0
PC1070048,0.0097510828106086,0,0
PC1070055,0.136501683475052,0,0
PC1070086,0.166190087795258,0,0
PC1070158,0.052754741423769,0,0
PC1070344,0.0072893451646911,0,0
PC1070782,0.243913065438551,0,0
PC1070976,0.141070185617333,0,0
PC1071015,1.29419513541507e-05,0,0
PC1071202,0.0085930375044857,0,0
PC1071221,0.0015067580491265,0,0
PC1071240,0.445679556749332,1,0
PC1071265,0.126137353340215,0,0
PC1071391,0.0456973094743017,0,0
PC1071459,0.113332021892463,0,0
PC1071490,0.0259977914392948,0,0
PC1071549,0.0158773478931929,0,0
PC1071616,0.48612906594051,0,0
PC1071617,0.1389799502413,0,0
PC1071724,0.319887280464172,0,0
PC1071825,0.0055440597548569,0,0
PC1071826,0.0091552066208455,0,0
PC1071853,0.109929714108346,0,0
PC1072021,0.0022867489606142,0,0
PC1072146,0.924075816418523,1,1
PC1072330,0.161757886956887,0,0
PC1072391,0.316857863203497,0,0
PC1072443,0.291304035589418,1,0
PC1072493,0.61415836359557,0,1
PC1072546,0.239778212989233,0,0
PC1072613,0.454840210594719,0,0
PC1072668,0.0053702331699795,0,0
PC1072723,0.0224730465561152,0,0
PC1072901,0.0311289141807704,0,0
PC1072952,0.000157009169925,0,0
PC1073125,0.209874767034422,0,0
PC1073232,0.302188005922106,0,0
PC1073283,0.58513442332401,1,1
PC1073297,0.0248249686364284,0,0
PC1073301,0.0147992204331709,0,0
PC1073322,0.1173584216786,0,0
PC1073383,0.0728515367997723,0,0
PC1073429,0.260925785791963,0,0
PC1073444,0.0808719318975092,0,0
PC1073557,0.263300924515769,0,0
PC1073632,0.0072112107916855,0,0
PC1073686,0.354112707132841,1,0
PC1073767,0.974307610257083,0,1
PC1073863,0.89005988335582,0,1
PC1073959,0.0956997674056189,1,0
PC1074044,0.236099974075804,0,0
PC1074214,0.130905663294177,0,0
PC1074244,0.0316000936966404,0,0
PC1074494,0.0612563155591488,0,0
PC1074518,0.773199794349877,1,1
PC1074744,0.0156804612345494,0,0
PC1074762,0.0065488549880683,0,0
PC1074815,4.21648409341441e-05,0,0
PC1074824,0.132874008955579,0,0
PC1074998,0.0304343654326348,0,0
PC1075197,0.430857948634936,0,0
PC1075338,0.0448882490844018,0,0
PC1075433,0.0002786238328553,0,0
PC1075489,0.979799723670654,1,1
PC1075498,0.400460811009335,1,0
PC1075508,0.570024255291466,0,1
PC1075798,0.0061786132864654,0,0
PC1075820,0.0044827907969636,0,0
PC1075829,0.0479525207078019,0,0
PC1075870,0.905713975429535,0,1
PC1076114,0.013098036818194,0,0
PC1076254,0.126414123903082,0,0
PC1076298,0.0028318238910287,0,0
PC1076392,0.131798548835707,1,0
PC1076443,0.242390733445063,0,0
PC1076878,0.15009792463549,0,0
PC1077022,0.162664377510516,0,0
PC1077053,0.0010936908175999,0,0
PC1077065,0.284626132502836,1,0
PC1077079,0.743913900542569,1,1
PC1077202,0.0098279668018221,0,0
PC1077260,0.0537121699533958,0,0
PC1077295,0.0120433089900608,0,0
PC1077427,0.365142272451097,0,0
PC1077434,0.025149454015182,0,0
PC1077512,0.0344256501306187,0,0
PC1077660,0.01648216900256,0,0
PC1077698,0.124361824578868,0,0
PC1077798,0.171329631561689,0,0
PC1077897,0.137482978157848,1,0
PC1078099,0.0891259040254278,0,0
PC1078100,0.0718813370559152,0,0
PC1078241,0.0947237470239964,0,0
PC1078288,0.113418705226308,0,0
PC1078318,0.0070833562996846,0,0
PC1078396,0.0390505827963352,0,0
PC1078443,0.128647493881218,0,0
PC1078772,0.39009427592325,0,0
PC1078855,0.0522953956348617,0,0
PC1078879,0.283129034650818,0,0
PC1079034,0.19932852800886,0,0
PC1079072,0.246442730196024,1,0
PC1079073,0.105916362263938,0,0
PC1079212,0.0295293706439864,0,0
PC1079266,0.086729112828132,0,0
PC1079312,0.0223786918752975,0,0
PC1079446,0.280715047181587,1,0
PC1079486,0.531006438312919,0,1
PC1079545,0.176028098077665,0,0
PC1079555,0.005536344282171,0,0
PC1079579,0.0294309686869383,0,0
PC1079644,0.297330737113953,0,0
PC1079740,0.239857450393982,0,0
PC1079752,0.0263877373152372,0,0
PC1079897,0.0081992986023231,0,0
PC1079930,0.372149297868022,0,0
PC1079942,0.304600838057219,0,0
PC1079974,0.0628378022430414,0,0
PC1080171,0.379447776280645,0,0
PC1080208,0.0074053472428588,0,0
PC1080216,0.0116483445150107,0,0
PC1080324,0.0299803763628006,0,0
PC1080328,0.0391878547161382,0,0
PC1080600,0.923073451474028,1,1
PC1080876,0.0333690603455146,0,0
PC1080988,0.0049422397278249,0,0
PC1081158,0.0004540126537904,0,0
PC1081202,0.338756051366773,0,0
PC1081322,0.239563916881251,0,0
PC1081448,0.87078929534943,0,1
PC1081479,0.187884321466372,0,0
PC1081665,0.153415530673,0,0
PC1081734,0.432483287569069,0,0
PC1081753,0.0011767496186264,0,0
PC1081772,0.219395464997915,0,0
PC1081898,0.0680222170272834,0,0
PC1082327,0.45271110534668,0,0
PC1082356,0.122565398734171,0,0
PC1082408,0.0321646172479117,0,0
PC1082528,0.0606400811704133,0,0
PC1082558,0.136209902463985,0,0
PC1082569,0.0033743190348822,0,0
PC1082619,0.0353728562267949,0,0
PC1082649,0.07399894131193,0,0
PC1082658,0.274210323153898,0,0
PC1082767,0.183179303110458,0,0
PC1082788,0.110817721843969,0,0
PC1082937,0.0628563909829854,0,0
PC1083100,0.0031100473642833,0,0
PC1083299,0.0159957249106875,0,0
PC1083388,0.0152287562095637,0,0
PC1083401,0.0057663120844694,0,0
PC1083405,0.549314796924591,1,1
PC1083434,0.0117044556125871,0,0
PC1083709,0.291120946407318,0,0
PC1083744,0.0340228583427828,0,0
PC1083753,0.201018481899419,0,0
PC1083770,0.0060966219573638,0,0
PC1083788,0.0041069980421581,0,0
PC1083908,0.460763591506421,0,0
PC1083939,0.0092008970677852,0,0
PC1083992,0.0727385136030487,0,0
PC1084151,0.283404686621257,0,0
PC1084248,0.198115716346156,0,0
PC1084359,0.0162591331785803,0,0
PC1084399,0.0004834845894947,0,0
PC1084408,0.122915540432337,0,0
PC1084468,0.0117550519092752,0,0
PC1084642,0.0111935116212972,0,0
PC1084663,0.0015034271964395,0,0
PC1084759,0.0014835539041087,0,0
PC1084832,0.168461859226227,0,0
PC1085016,0.141643942853966,0,0
PC1085087,0.138619467616081,0,0
PC1085227,0.207361744423773,1,0
PC1085361,0.0169512914645014,0,0
PC1085388,0.518268028202158,0,1
PC1085414,0.0682915739648409,0,0
PC1085459,0.0742119866587876,0,0
PC1085539,0.002020123811467,0,0
PC1085761,0.0896996828699916,0,0
PC1085964,0.0028498952742666,0,0
PC1085985,0.100039789059526,0,0
PC1086084,0.0095538609954714,0,0
PC1086087,0.106078192599785,0,0
PC1086104,0.0686230182389712,0,0
PC1086137,0.0073748141241712,0,0
PC1086301,0.113867139292545,0,0
PC1086304,0.0732068018533704,0,0
PC1086507,0.484450370073318,0,0
PC1086561,0.11334602659641,0,0
PC1086581,0.0829191040356265,0,0
PC1086606,0.0478358438283437,0,0
PC1087033,0.60365755615667,0,1
PC1087209,0.0757353246586093,0,0
PC1087260,0.0311403402725287,0,0
PC1087313,0.634019315242767,0,1
PC1087387,0.0110658989247853,0,0
PC1087452,0.142668924486364,1,0
PC1087771,0.0002445805137501,0,0
PC1087778,0.0007094761240296,0,0
PC1087797,0.806800484657288,0,1
PC1087954,0.225172091887636,0,0
PC1088036,0.286023804247562,0,0
PC1088045,0.0429079617940583,0,0
PC1088046,0.0345493741333485,0,0
PC1088052,0.197313606084266,0,0
PC1088156,0.0277384277433157,0,0
PC1088176,0.108498926236394,0,0
PC1088194,0.17363308577074,0,0
PC1088250,0.950458671422613,1,1
PC1088263,0.0405195213457809,0,0
PC1088441,0.0356196407491053,0,0
PC1088485,0.301086664199829,0,0
PC1088553,0.0134091977553875,0,0
PC1088625,0.11749703908456,1,0
PC1088715,0.0354304333652564,0,0
PC1088935,0.267720154308814,0,0
PC1089081,0.0060449649763197,0,0
PC1089132,0.0072600715562489,0,0
PC1089139,0.857257183521025,0,1
PC1089171,0.0244595086945027,0,0
PC1089358,0.0519519262924427,0,0
PC1089543,0.702489794008376,1,1
PC1089626,0.0449332141829371,0,0
PC1089665,0.420348697924519,0,0
PC1089727,0.343779070985471,0,0
PC1089786,0.0484628851391682,0,0
PC1089789,0.0055510037328583,0,0
PC1089913,0.0603671277557049,0,0
PC1089993,0.0104468204081059,0,0
PC1090123,0.0331271853916047,0,0
PC1090281,0.0469984591993585,0,0
PC1090430,0.0738981606773351,0,0
PC1090472,0.0054216088500448,0,0
PC1090580,0.0281783835169039,0,0
PC1090585,0.0444928191239209,0,0
PC1090589,0.259108239305034,0,0
PC1090612,0.189532177634986,0,0
PC1090649,0.0603485638992764,0,0
PC1090679,0.282538000142799,0,0
PC1090734,0.469570460667412,0,0
PC1090754,0.930332400075116,1,1
PC1090769,0.534887600711577,1,1
PC1090858,0.493713477433832,0,0
PC1090865,0.0028517234025841,0,0
PC1090970,0.0055487866417058,0,0
PC1091113,0.032508125635235,0,0
PC1091147,0.448160128181248,1,0
PC1091166,0.0001997469868655,0,0
PC1091275,0.0032624772284179,0,0
PC1091348,0.151939230145149,0,0
PC1091408,0.0168900874177862,0,0
PC1091480,0.0035962201654911,0,0
PC1091518,0.0440853834152222,0,0
PC1091540,0.0241137026892325,0,0
PC1091546,0.0701970642478001,0,0
PC1091582,0.228617305610521,0,0
PC1091752,0.5042775178438,0,1
PC1091765,1.48207648846072e-05,0,0
PC1091934,0.135269910304632,1,0
PC1092165,0.465855037497583,1,0
PC1092401,0.0515279583632946,0,0
PC1092411,0.0233323403069733,0,0
PC1092445,0.0829480364918709,0,0
PC1092680,0.0393713259740454,0,0
PC1092715,0.15197480242082,0,0
PC1092744,0.250269924452205,0,0
PC1093037,0.112302037910611,1,0
PC1093111,0.430259799914771,1,0
PC1093165,0.0440935856292831,0,0
PC1093227,0.0005963961119763,0,0
PC1093308,0.793044114533283,0,1
PC1093392,1.61229672812624e-05,0,0
PC1093666,0.279662736970559,0,0
PC1093707,0.0604027770459652,0,0
PC1093736,0.572963833808899,0,1
PC1093846,0.0763654187321663,0,0
PC1093865,0.0173388998955488,0,0
PC1093884,0.187602982366275,0,0
PC1093938,0.145470572893362,0,0
PC1094268,0.0231119562647246,0,0
PC1094325,0.0105680775066668,0,0
PC1094366,0.982866091217137,1,1
PC1094445,0.0032950333855242,0,0
PC1094720,0.0056666382037293,0,0
PC1094793,0.182064382955775,0,0
PC1094863,0.615465212857861,0,1
PC1094980,0.038800984621048,0,0
PC1095058,0.0857789866512773,0,0
PC1095122,0.0063756258717009,0,0
PC1095178,0.0310149212122989,0,0
PC1095374,0.184860962181862,0,0
PC1095440,0.114427391881062,0,0
PC1095489,0.0613329624427024,0,0
PC1095501,0.0272580577758553,0,0
PC1095513,0.491014796573165,0,0
PC1095583,0.0353197866268544,0,0
PC1095657,0.0302922088548402,0,0
PC1095977,0.0039602350443601,0,0
PC1096022,0.016718043313518,0,0
PC1096064,0.630650139941564,1,1
PC1096069,0.002996296621859,0,0
PC1096099,0.0367501709015156,0,0
PC1096172,0.0607671417341457,0,0
PC1096293,0.131253454615088,0,0
PC1096434,0.0084159759822615,0,0
PC1096459,0.242911070402414,0,0
PC1096533,0.0009065020130947,0,0
PC1096911,0.378919462791314,0,0
PC1097409,0.110405061658861,0,0
PC1097488,0.0686325058341025,0,0
PC1097616,0.0645148803349072,0,0
PC1097709,0.161119135750919,0,0
PC1097784,0.0079327145587782,0,0
PC1097993,0.0018075522858921,0,0
PC1098077,0.0427466430613982,0,0
PC1098102,0.364670629901815,0,0
PC1098131,0.0263934433460236,0,0
PC1098138,0.239785883136653,0,0
PC1098226,0.586993813514709,0,1
PC1098285,0.28968209028244,0,0
PC1098311,0.0036533968523144,0,0
PC1098336,0.0054840261373496,0,0
PC1098383,0.0068222622648275,0,0
PC1098486,0.0567217696225271,0,0
PC1098547,0.146478654872363,0,0
PC1098771,0.216039881110191,0,0
PC1098819,0.0032406067475676,0,0
PC1098828,0.0332057924488741,0,0
PC1098901,0.0008562942751652,0,0
PC1098971,4.74445550935343e-05,0,0
PC1099055,0.000193983389181,0,0
PC1099064,0.0107997013255954,0,0
PC1099128,0.0477617443386268,0,0
PC1099148,0.593607400749313,0,1
PC1099170,0.126960727414713,0,0
PC1099220,0.0179731697447387,0,0
PC1099230,0.151049846178013,0,0
PC1099529,0.0033485067226683,0,0
PC1099552,0.138985058561539,0,0
PC1099568,0.255950894865526,0,0
PC1099614,0.0021827092859894,0,0
PC1099779,0.0001151955333748,0,0
PC1099885,0.485549720685656,0,0
PC1099918,0.256037249786118,1,0
PC1099943,0.014792818672091,0,0
PC1099956,0.490536661765836,0,0
PC1100035,0.41348819822254,0,0
PC1100087,0.0444361759433055,0,0
PC1100126,0.0296165419741053,0,0
PC1100256,0.488464849782579,0,0
PC1100305,0.96055385683264,1,1
PC1100332,0.0740487601689825,0,0
PC1100366,0.148008068124195,0,0
PC1100470,0.0328924506902695,0,0
PC1100483,0.0135294853827497,0,0
PC1100517,0.0016680433425128,0,0
PC1100559,0.560139304548089,1,1
PC1100566,0.0505458520223127,0,0
PC1100655,0.619885836627785,1,1
PC1100880,0.12583068711154,0,0
PC1100979,0.576552093029022,0,1
PC1101032,0.0675465106040435,0,0
PC1101040,0.372112215740495,0,0
PC1101099,0.184582503146527,0,0
PC1101149,0.0398267496320252,0,0
PC1101195,0.0792896747323829,0,0
PC1101214,0.0916817575046089,0,0
PC1101224,0.030475839972496,0,0
PC1101244,0.019797941063901,0,0
PC1101376,0.0025258937384933,0,0
PC1101405,0.0077030784450471,0,0
PC1101410,0.0761869631410526,0,0
PC1101453,0.0893167382879972,0,0
PC1101503,0.317643233374249,0,0
PC1101520,0.243391551943293,0,0
PC1101646,0.0401167948695625,0,0
PC1102152,0.41474161439363,0,0
PC1102304,0.0649788592214157,1,0
PC1102336,0.0612412022787282,1,0
PC1102484,0.0137181044916079,0,0
PC1102496,0.135848449608156,0,0
PC1102593,0.0835462862000792,0,0
PC1102786,0.0083881037254752,0,0
PC1102792,0.442497411198848,1,0
PC1102888,0.177141234278679,0,0
PC1102890,0.0315824809162071,0,0
PC1103003,0.432104791302554,0,0
PC1103298,0.774724769541341,0,1
PC1103414,0.0009903770937767,0,0
PC1103467,0.787302760640908,0,1
PC1103611,0.400603398139144,0,0
PC1103698,0.451606692581892,1,0
PC1103820,0.626618535252091,1,1
PC1103822,0.267241414693701,0,0
PC1103854,0.14737100720119,0,0
PC1103870,0.194158580317581,0,0
PC1103923,0.0282369665801525,0,0
PC1104139,0.0004262847182764,0,0
PC1104208,0.0486290755469422,0,0
PC1104451,0.933293998241425,0,1
PC1104478,0.0009890906902565,0,0
PC1104526,0.340370317055306,0,0
PC1104556,0.183591327384898,0,0
PC1104605,0.0040445354729673,0,0
PC1104803,0.0116217632695762,0,0
PC1104875,0.0022539061837405,0,0
PC1105029,0.508703351542517,1,1
PC1105034,0.66606239695832,1,1
PC1105187,0.0388747223858106,0,0
PC1105238,0.990480182499721,0,1
PC1105365,0.481359243392944,0,0
PC1105451,0.0236218342451257,0,0
PC1105599,0.439238641308535,0,0
PC1105621,0.0411162525415421,0,0
PC1105953,0.0246948808865728,0,0
PC1105973,0.0090781552717089,0,0
PC1106036,0.290732275931052,0,0
PC1106067,0.0223750037876814,0,0
PC1106138,0.0567077879469824,0,0
PC1106272,0.826584656846808,0,1
PC1106398,0.097101871626181,0,0
PC1106433,0.0924118603706681,0,0
PC1106516,0.010175907984376,0,0
PC1106820,0.248337979758113,0,0
PC1106839,0.0708308060738174,0,0
PC1106923,0.276130171236988,0,0
PC1107022,0.121809541842884,0,0
PC1107067,0.655012818161121,1,1
PC1107121,0.0961840540130907,0,0
PC1107265,0.0675685223201553,0,0
PC1107275,0.0020091887794851,0,0
PC1107303,0.0353703540672496,0,0
PC1107328,0.0061712329743312,0,0
PC1107351,0.0545174394410985,0,0
PC1107445,0.0064106414952466,0,0
PC1107794,0.06517462243979,0,0
PC1107934,0.017119624432682,0,0
PC1108233,0.040850298232226,0,0
PC1108292,0.512571105700184,1,1
PC1108295,0.0016346900956705,0,0
PC1108356,0.0362672093618864,0,0
PC1108409,0.002319660117026,0,0
PC1108718,0.415613350925945,1,0
PC1108896,0.92338103055954,0,1
PC1108967,0.0143166906766978,0,0
PC1108981,0.0729926242139643,0,0
PC1109048,0.0028538568876683,0,0
PC1109359,0.0003820296265915,0,0
PC1109429,0.0221060155610363,0,0
PC1109440,0.105235386117597,0,0
PC1109517,0.354300247428079,0,0
PC1109520,0.0176916514440098,0,0
PC1109527,0.0019382763007229,0,0
PC1109682,0.0219005742634566,0,0
PC1110035,0.141508720457498,0,0
PC1110122,0.0178941962151564,0,0
PC1110176,0.168316428167898,1,0
PC1110224,0.0082960775333274,0,0
PC1110349,0.0380749352683184,0,0
PC1110367,0.724141297628538,0,1
PC1110434,0.767721612607279,1,1
PC1110562,0.0178903324612931,0,0
PC1110786,0.126660153269768,0,0
PC1110836,0.0456462204456329,0,0
PC1110887,0.377780348062515,0,0
PC1111106,0.0751520983222028,0,0
PC1111149,0.0313927156105638,0,0
PC1111384,0.0158021549476988,0,0
PC1111450,0.01703157995717,0,0
PC1111833,0.12947005297067,0,0
PC1111861,0.0923008114100799,0,0
PC1111982,0.011266628036334,0,0
PC1112035,0.0272582394557687,0,0
PC1112072,0.0010859597241506,0,0
PC1112257,0.0133231804368874,0,0
PC1112265,0.102711299277705,0,0
PC1112392,0.456519613251721,1,0
PC1112419,0.0116555789029867,0,0
PC1112443,0.0011787412035642,0,0
PC1112540,0.0021904948554053,0,0
PC1112551,0.0025399732403457,0,0
PC1112689,0.475855062104755,1,0
PC1112751,0.161719457970725,1,0
PC1112781,0.470113431064176,0,0
PC1112817,0.0066365447185785,0,0
PC1112856,0.0140793675891936,0,0
PC1112896,0.0334168061367683,0,0
PC1113132,0.112630335159023,0,0
PC1113151,0.059155144603677,0,0
PC1113455,0.151156525463153,0,0
PC1113498,0.101047006909075,0,0
PC1113562,0.19548873259471,0,0
PC1113634,0.0001257540570804,0,0
PC1113689,0.0134211909025908,0,0
PC1113756,0.286625840528283,0,0
PC1113827,0.0014908001595111,0,0
PC1113857,0.545541025796718,0,1
PC1113941,0.0650530549106895,0,0
PC1114178,0.0207976438105106,0,0
PC1114244,0.793682483746859,1,1
PC1114459,0.036373619521786,0,0
PC1114624,0.144515587751469,0,0
PC1114893,0.0380356205980049,0,0
PC1115326,0.000405344437919,0,0
PC1115331,0.158233512216828,0,0
PC1115423,0.0101788155908028,0,0
PC1115433,0.0523759908974171,0,0
PC1115529,0.0702351446407646,0,0
PC1115592,0.378619641065598,0,0
PC1115605,0.0009501634451012,0,0
PC1115607,0.13864291514472,0,0
PC1115622,0.0419148132205009,0,0
PC1115929,0.944951152371838,0,1
PC1116050,0.106632691782144,0,0
PC1116298,0.048714049301205,0,0
PC1116464,0.138082973480743,0,0
PC1116741,0.0622433435220613,0,0
PC1116744,0.0114650725750645,0,0
PC1116747,0.0085102635846548,0,0
PC1116784,0.0055737601003525,0,0
PC1116866,0.0536520269988508,0,0
PC1116870,0.045646745711565,0,0
PC1116908,0.599433958530426,0,1
PC1116968,0.0002150192449335,0,0
PC1117036,0.0282816369118029,0,0
PC1117164,0.0007370034581981,0,0
PC1117278,0.0710855161734414,0,0
PC1117280,0.0600966736674309,0,0
PC1117363,0.0730893533680997,0,0
PC1117455,0.287430476288772,0,0
PC1117476,0.0581522854621181,0,0
PC1117577,0.178395522727097,0,0
PC1117635,0.0163935665835027,0,0
PC1117640,0.134658908956732,0,0
PC1117671,0.0012872193474322,0,0
PC1117701,0.0022497165482491,0,0
PC1117804,0.0490775682114587,0,0
PC1117871,0.0003868034439951,0,0
PC1117992,0.10262001695506,0,0
PC1118234,0.905255075423948,0,1
PC1118244,0.293418471429254,0,0
PC1118252,0.0235595928181417,0,0
PC1118364,0.272451626965554,0,0
PC1118500,0.002493335159165,0,0
PC1118722,0.0308916142159125,0,0
PC1118723,0.213985297853856,0,0
PC1118726,0.538929305830604,1,1
PC1118855,0.001224965930503,0,0
PC1118893,0.390323385354983,0,0
PC1119007,0.238764519834386,0,0
PC1119070,0.227425329198167,0,0
PC1119129,0.355346880265203,0,0
PC1119158,0.297838536951414,0,0
PC1119278,0.267085075378418,0,0
PC1119381,0.0278194770216942,0,0
PC1119428,0.0080152209848165,0,0
PC1119451,0.0195897927126252,0,0
PC1119507,0.0118425466315678,0,0
PC1119622,0.0048555179580467,0,0
PC1119761,0.0796039332540668,0,0
PC1120005,0.199224177108767,1,0
PC1120085,0.0767178908282254,0,0
PC1120154,0.0165982924535603,0,0
PC1120379,0.379392641790892,0,0
PC1120419,0.121723361405326,0,0
PC1120551,0.19194800308202,0,0
PC1120680,0.0488872538529053,0,0
PC1120816,0.0136205029779805,0,0
PC1120957,0.0886718867622425,0,0
PC1120980,0.850987131207872,0,1
PC1121010,0.120017772841339,0,0
PC1121050,0.0431610532104969,0,0
PC1121073,0.440690726220348,0,0
PC1121128,0.0064267847575277,0,0
PC1121134,0.856410264968872,0,1
PC1121245,0.0535558754579484,0,0
PC1121585,0.0378458954700546,0,0
PC1121656,0.0655456901039776,0,0
PC1121756,0.0005174478283151,0,0
PC1121805,0.0304028397411005,0,0
PC1121888,0.581051406107451,1,1
PC1121988,0.0029044374408072,0,0
PC1122074,0.0125677604228258,0,0
PC1122082,0.170801205448955,0,0
PC1122187,0.0428771874654237,0,0
PC1122306,0.0326988095681364,0,0
PC1122314,0.0014328088145703,0,0
PC1122326,0.0364067256450653,0,0
PC1122433,0.0379820010615804,0,0
PC1122468,0.0987093881228746,0,0
PC1122478,0.141252647828353,0,0
PC1122582,0.0533358974172704,0,0
PC1122682,0.0872877791752011,0,0
PC1122807,0.0215173903852701,0,0
PC1122885,0.0328249552470395,0,0
PC1122888,0.241155403000968,0,0
PC1122904,0.0089251569938809,0,0
PC1122917,0.843539555518458,0,1
PC1123124,0.109237664275699,0,0
PC1123140,0.0111701749813577,0,0
PC1123236,0.0426646137401849,0,0
PC1123305,0.6463036559817,1,1
PC1123321,0.0042029423639178,0,0
PC1123323,0.0034761143393702,0,0
PC1123403,0.0117583365635968,0,0
PC1123422,0.0679161907499888,0,0
PC1123521,0.858776156830331,0,1
PC1123662,0.128531175862771,0,0
PC1123938,0.237591430544853,0,0
PC1123957,0.0058223232626915,0,0
PC1123992,0.0280482534951759,0,0
PC1124278,0.026893779718897,0,0
PC1124381,0.0176725401282885,0,0
PC1124451,0.0410932603860943,0,0
PC1124461,0.225641929857419,0,0
PC1124507,0.110541457069095,1,0
PC1124613,0.0004101383833522,0,0
PC1124633,0.136380274529536,0,0
PC1124687,0.0063790412747333,0,0
PC1124842,0.306181448772861,0,0
PC1124854,0.0095722991973161,0,0
PC1124876,0.0178037338388808,0,0
PC1124910,0.60968601847769,0,1
PC1125037,0.0227277390658855,0,0
PC1125281,0.00261030770916,0,0
PC1125404,0.117681375555719,0,0
PC1125510,0.249205827945843,1,0
PC1125625,0.0731799006462097,0,0
PC1125754,0.0925891172768173,1,0
PC1125822,0.0398307154809526,0,0
PC1126109,0.0391486674443441,0,0
PC1126125,0.0173509050401445,0,0
PC1126226,0.563501340029808,0,1
PC1126234,0.513131437094315,1,1
PC1126464,0.279313337007937,0,0
PC1126481,0.292967677116394,0,0
PC1126521,0.0020178956910967,0,0
PC1126562,0.0020491791044304,0,0
PC1126721,0.0630531462968564,0,0
PC1126771,0.188399879705768,0,0
PC1126793,0.0634056802299333,0,0
PC1127062,0.862536588409331,0,1
PC1127081,0.0536076756164054,0,0
PC1127258,0.026025862725086,0,0
PC1127313,0.0027158620229461,0,0
PC1127394,0.04820462345936,0,0
PC1127416,0.0088081712459234,0,0
PC1127463,0.958653088280698,1,1
PC1127534,0.134143788483595,0,0
PC1127692,0.0394577048718929,0,0
PC1127760,0.153592355702956,0,0
PC1127798,0.0497290583082722,0,0
PC1127943,0.582030014181232,1,1
PC1127972,0.645656183382663,1,1
PC1127991,0.421895027160645,0,0
PC1128093,0.0970757765817506,0,0
PC1128129,0.0823387439646151,0,0
PC1128176,0.0196290254270976,0,0
PC1128271,0.327221797572242,0,0
PC1128380,0.0641294322440545,0,0
PC1128445,0.114215508920679,0,0
PC1128463,0.0188599937063718,0,0
PC1128521,0.304366797208786,0,0
PC1128544,0.995937560054338,1,1
PC1128821,0.187259295502225,0,0
PC1128828,0.060556708411737,1,0
PC1128956,0.0307950126944843,0,0
PC1128993,0.0943864959071256,0,0
PC1129251,0.240901316991401,0,0
PC1129312,0.141016531611127,0,0
PC1129590,0.079457054808792,0,0
PC1129756,0.498142242431641,0,0
PC1129768,0.0021974384936932,0,0
PC1129960,0.75783588935382,1,1
PC1130043,0.588193796790404,0,1
PC1130107,0.0015445761382579,0,0
PC1130144,0.17187987267971,0,0
PC1130206,0.14299868521435,0,0
PC1130294,0.035287777864005,0,0
PC1130346,0.121920820692144,1,0
PC1130407,0.0193139182122091,0,0
PC1130416,0.064883491426122,0,0
PC1130508,0.185053142535046,0,0
PC1130745,0.0437557351125299,0,0
PC1130787,0.95904255962383,1,1
PC1130857,0.777477213518143,0,1
PC1130942,0.0001510374859208,0,0
PC1131092,0.0505862935652795,0,0
PC1131126,0.122230034974711,0,0
PC1131150,0.162331246840926,0,0
PC1131161,0.0763119187941064,0,0
PC1131267,0.043035610384226,0,0
PC1131310,0.393877536058426,0,0
PC1131452,0.328595473074721,0,0
PC1131464,0.0196681898087263,0,0
PC1131475,0.018473629930138,0,0
PC1131502,0.0081770599012977,0,0
PC1131580,0.0005227887626585,0,0
PC1131620,0.12637385459791,0,0
PC1131674,0.754383768980001,1,1
PC1131709,0.841274350473325,0,1
PC1131832,0.000231065423577,0,0
PC1131895,0.0095664827256567,0,0
PC1132033,0.135221176162879,0,0
PC1132454,0.732841165321448,1,1
PC1132465,4.46447229478508e-05,0,0
PC1132553,0.122268745187982,0,0
PC1132680,0.871713043112743,0,1
PC1133266,0.04331460506775,0,0
PC1133283,0.209666296839714,0,0
PC1133386,0.185342343185403,0,0
PC1133456,0.418924808502197,0,0
PC1133579,0.0327528864145279,0,0
PC1133742,0.0121378300175011,0,0
PC1133959,0.0119111679934893,0,0
PC1134093,0.0015738093061372,0,0
PC1134236,0.0672406438074082,0,0
PC1134269,0.0032532619545836,0,0
PC1134308,0.0025928670228668,0,0
PC1134312,0.268328156058244,0,0
PC1134327,0.338159797895035,0,0
PC1134634,0.0715884546264529,0,0
PC1134646,0.136545699282453,0,0
PC1134701,0.0898119626258575,0,0
PC1134719,0.0269686287862891,0,0
PC1134843,0.282970418536611,0,0
PC1134844,0.0018148515914818,0,0
PC1135133,0.477697657228407,1,0
PC1135194,0.673214324137344,0,1
PC1135456,0.0242510469093761,0,0
PC1135496,0.0001240640868554,0,0
PC1135621,0.10042195481143,1,0
PC1135660,0.828324234160695,1,1
PC1135668,0.331325976367174,0,0
PC1135866,0.0295438971370459,0,0
PC1135884,0.130170031369311,0,0
PC1136093,0.133532621996407,0,0
PC1136169,0.0365598668487707,0,0
PC1136177,0.0020593316125418,0,0
PC1136241,0.043847036916117,0,0
PC1136278,0.0350744382283369,0,0
PC1136539,0.0622116029262542,1,0
PC1136599,0.0008309235563501,0,0
PC1136628,0.0090410402044653,0,0
PC1136673,0.0626083064292157,0,0
PC1136867,0.0020263653514143,0,0
PC1137230,0.317157445439276,0,0
PC1137276,0.049482248818722,0,0
PC1137366,0.0374491598395594,0,0
PC1137472,0.0027146258717156,0,0
PC1137550,0.495903521523073,0,0
PC1137558,0.472178181187368,0,0
PC1137590,0.0134253473952413,0,0
PC1137608,0.0597221384504142,0,0
PC1137629,0.0066169881462609,0,0
PC1137718,0.0358942419945833,0,0
PC1137757,0.0371879240123937,0,0
PC1137771,0.820391017751595,0,1
PC1137807,0.0474855934799705,0,0
PC1137860,0.169560871309605,0,0
PC1138017,0.0054610618390142,0,0
PC1138049,0.242387126447887,0,0
PC1138067,0.009595187950178,0,0
PC1138080,0.729765772819519,0,1
PC1138299,0.710371255874634,0,1
PC1138376,0.0200122725218534,0,0
PC1138450,0.20125104291446,1,0
PC1138571,0.0002733345818498,0,0
PC1138816,0.0286493951596888,0,0
PC1138847,0.0014884720089408,0,0
PC1138889,0.114768591835319,0,0
PC1139188,0.280176944066803,0,0
PC1139210,0.0038235089627001,0,0
PC1139269,0.0174756538723097,0,0
PC1139309,0.0053115514786042,0,0
PC1139442,0.550612726965722,1,1
PC1139457,0.379881857533385,0,0
PC1139564,0.345370762703446,0,0
PC1139654,0.0970782850003036,0,0
PC1139794,0.180995895295338,0,0
PC1139886,0.143097542709074,0,0
PC1140190,0.0784865334081149,0,0
PC1140223,0.182858768347147,0,0
PC1140226,0.0409423997930437,0,0
PC1140260,0.125991409832165,0,0
PC1140350,0.0194800284653154,0,0
PC1140512,0.553635917559494,1,1
PC1140558,0.723503351211548,0,1
PC1140750,0.199200569575867,0,0
PC1140789,0.0049672414374931,0,0
PC1140852,3.9732338336762e-05,0,0
PC1140881,0.476216927348771,1,0
PC1141191,0.0225246494807632,0,0
PC1141238,0.121593022018607,0,0
PC1141407,0.072693652486541,0,0
PC1141538,0.0099432851940802,0,0
PC1141605,0.0010426795852964,0,0
PC1141719,0.322089290319272,0,0
PC1141817,0.261745743396628,0,0
PC1141871,0.0403895961834972,0,0
PC1141888,0.284712650103144,0,0
PC1141928,0.0205238310196353,0,0
PC1142077,0.0004315798528628,0,0
PC1142259,0.0857447197118571,0,0
PC1142301,0.0090611968189477,0,0
PC1142326,0.190639014192941,0,0
PC1142538,0.0523622636109181,0,0
PC1142671,0.0450593730937842,0,0
PC1142674,0.0111417969954865,0,0
PC1142911,0.986937644529282,1,1
PC1143220,0.0134600049254679,0,0
PC1143247,0.179145802223288,0,0
PC1143361,0.0063300694210655,0,0
PC1143426,0.0204461247952079,0,0
PC1143512,0.367267677287642,0,0
PC1143528,0.183026534445742,0,0
PC1143537,0.402354838921202,0,0
PC1143606,0.329561286523897,0,0
PC1143748,0.0248286761188602,0,0
PC1143776,0.0418381140520252,0,0
PC1143811,0.017646012827754,0,0
PC1143901,0.300995508432388,0,0
PC1143904,0.193230725271073,0,0
PC1143972,0.0332107666924775,0,0
PC1144026,0.0526593743513028,0,0
PC1144037,0.125551241788811,0,0
PC1144070,0.0366783050536573,0,0
PC1144160,0.0216946825209198,0,0
PC1144232,0.451054350869594,0,0
PC1144268,0.0970086436518419,0,0
PC1144297,0.233794378158119,0,0
PC1144340,0.0047954893183882,0,0
PC1144407,0.0980300509696265,0,0
PC1144509,0.213107109069824,0,0
PC1144698,0.156161293387413,0,0
PC1144700,0.064576647267109,0,0
PC1144744,0.202746777493783,1,0
PC1144830,0.348616401634109,0,0
PC1144902,0.0816675455210403,0,0
PC1144931,0.0572103665934106,0,0
PC1144991,0.0217619519680738,0,0
PC1145299,0.0011008039261138,0,0
PC1145691,0.0062637161463499,0,0
PC1145743,0.0643951339428282,0,0
PC1146035,0.0589946800211677,0,0
PC1146095,0.0345175999599962,0,0
PC1146301,0.0015406723199264,0,0
PC1146426,0.0028007872085031,0,0
PC1146429,0.207084004983733,0,0
PC1146495,0.168503432304634,0,0
PC1146686,0.0018214939353878,0,0
PC1146785,0.0590669773519039,0,0
PC1147133,0.0372287210833933,0,0
PC1147452,0.0086062009543073,0,0
PC1147545,0.0177966858699289,0,0
PC1147638,0.0027911523357033,0,0
PC1147899,0.118729258206228,0,0
PC1147978,0.0516275471058962,0,0
PC1147986,0.276480718306894,0,0
PC1148494,0.0481976691704786,0,0
PC1148519,0.0298565277270742,0,0
PC1148624,0.157029509883035,0,0
PC1148681,0.0162118098392261,0,0
PC1148701,0.0109646769565999,0,0
PC1148745,0.0089841920583884,0,0
PC1149060,0.0042095673293462,0,0
PC1149095,0.154614854631277,0,0
PC1149455,0.932063093840126,1,1
PC1149552,0.0840607315053887,0,0
PC1149584,0.0412225971068483,0,0
PC1149779,0.174087909165306,0,0
PC1149789,0.0023141568314961,0,0
PC1149791,0.215475130655101,0,0
PC1149811,0.0333696584266291,0,0
PC1150236,0.0157938543990373,0,0
PC1150250,0.0253573749115252,0,0
PC1150291,0.0138013893145609,0,0
PC1150374,0.0211124997586012,0,0
PC1150480,0.200672518738618,0,0
PC1150550,0.399507480043593,0,0
PC1150614,0.799326504677732,1,1
PC1151085,0.0243022337791428,0,0
PC1151194,0.243581029098481,0,0
PC1151230,0.0063142329751652,0,0
PC1151308,0.0051632303400626,0,0
PC1151420,0.12874048948288,0,0
PC1151520,0.0265798554534004,0,0
PC1151609,0.0868896119979652,0,0
PC1151694,0.0607318259682705,0,0
PC1151851,0.151922184167449,0,0
PC1152054,0.770663171114113,1,1
PC1152079,0.14588839593141,0,0
PC1152109,0.0005215851124376,0,0
PC1152286,0.0710614030747294,0,0
PC1152365,0.491718197425744,1,0
PC1152464,0.0030011569615453,0,0
PC1152550,0.110788931304997,0,0
PC1152815,0.237469664832067,0,0
PC1152865,0.0067587086077541,0,0
PC1152910,0.135501844831455,0,0
PC1152933,0.694217859309961,1,1
PC1153103,0.593387583689843,1,1
PC1153104,0.0700413252806954,0,0
PC1153229,0.0500935742803066,0,0
PC1153296,0.0036552896806415,0,0
PC1153411,0.63440190574189,1,1
PC1153632,0.0545631382671436,0,0
PC1153672,0.0808788910508156,0,0
PC1153749,0.000752229858908,0,0
PC1153993,0.224833052061007,1,0
PC1154029,0.0205036885071176,0,0
PC1154083,0.0040387280044043,0,0
PC1154401,0.249466750909504,0,0
PC1154422,0.124498569994653,0,0
PC1154489,0.330966682686833,1,0
PC1154510,0.25055998332766,0,0
PC1154521,0.0425797622428825,0,0
PC1154525,0.0682713389396667,0,0
PC1154528,0.0011669767027442,0,0
PC1154534,0.0002777181216515,0,0
PC1154542,0.0031124537345022,0,0
PC1154577,0.000206454846193,0,0
PC1154636,0.0998894274234772,0,0
PC1154662,0.369653891731094,1,0
PC1154969,0.0004894672322733,0,0
PC1155145,0.14857329340542,0,0
PC1155185,0.0027864319272339,0,0
PC1155305,0.729330922268839,1,1
PC1155364,0.175861020702545,1,0
PC1155399,0.0165993132316552,0,0
PC1155484,4.12667468481231e-05,0,0
PC1155849,0.0095225174329114,0,0
PC1155971,9.23061234061606e-05,0,0
PC1155984,0.372583001989136,0,0
PC1156107,0.0508837920024125,0,0
PC1156317,0.0297756384999827,0,0
PC1156460,0.968083739280701,0,1
PC1156591,0.0580676121705025,0,0
PC1156624,0.0162801630795002,0,0
PC1156688,0.0563428588211536,0,0
PC1156699,0.431842705223967,0,0
PC1156708,0.198703600254274,0,0
PC1156735,0.253140064981659,0,0
PC1156841,0.525194305456056,1,1
PC1156849,0.238304048776627,0,0
PC1156895,0.0578872175665412,0,0
PC1156911,0.0059027037012146,0,0
PC1156931,0.101385042948195,0,0
PC1157109,0.0312427581229032,0,0
PC1157461,0.736157417297363,0,1
PC1157566,0.0469589474810262,0,0
PC1157585,0.0937725449085877,0,0
PC1157591,0.0016086215599097,0,0
PC1157672,0.559452647775102,0,1
PC1157729,0.379339466404422,1,0
PC1157875,0.0840979464949434,0,0
PC1157938,0.0321344535454356,0,0
PC1158012,0.121745785145642,0,0
PC1158075,0.0142991788678317,0,0
PC1158127,0.463139022826602,1,0
PC1158261,0.0146080842268562,0,0
PC1158473,0.0004349971888586,0,0
PC1158557,0.0372282862663269,0,0
PC1158634,0.0147075920482996,0,0
PC1158769,0.0233746466013203,0,0
PC1158947,0.0476311697606991,0,0
PC1158993,0.0049081973434061,0,0
PC1159147,0.350579671173667,0,0
PC1159194,0.452142068747809,1,0
PC1159208,0.903417867858236,1,1
PC1159240,0.0011758158216252,0,0
PC1159290,0.0448340117471212,0,0
PC1159353,0.102525242997387,0,0
PC1159373,0.0044811067285297,0,0
PC1159413,0.176383027563924,0,0
PC1159630,9.05544689554722e-05,0,0
PC1159728,0.0372161790728569,0,0
PC1159883,0.130236043706895,0,0
PC1159903,0.125657338013385,0,0
PC1159912,0.0412563365685759,0,0
PC1159964,0.256187554613392,0,0
PC1160035,0.0137769071719068,0,0
PC1160110,0.0040963506326079,0,0
PC1160213,0.0217045926089798,0,0
PC1160246,0.0725868450121044,0,0
PC1160289,0.009285721466013,0,0
PC1160389,0.543702102266252,1,1
PC1160429,0.174029553165803,0,0
PC1160482,0.0378398348439471,0,0
PC1160569,0.0600981387214668,0,0
PC1160629,0.0194446909649721,0,0
PC1160645,0.141090875149472,0,0
PC1160724,0.0188513340039568,0,0
PC1160889,0.0282776057720184,0,0
PC1160897,0.0055735232308507,0,0
PC1160957,0.799387019581911,1,1
PC1161310,0.0298137385933444,0,0
PC1161315,0.0096890083690078,0,0
PC1161567,0.0553021437661377,0,0
PC1161628,0.0983608016538398,0,0
PC1161632,0.11935120464072,0,0
PC1161648,0.618019759654999,0,1
PC1161662,0.503857314586639,0,1
PC1161674,0.0546154174942212,0,0
PC1161708,0.0086655084779657,0,0
PC1161773,0.0143565180554115,0,0
PC1161834,0.218900009989738,0,0
PC1161865,0.0542503130880324,0,0
PC1161913,0.0001770905801095,0,0
PC1161981,0.0381282972712888,0,0
PC1162074,0.406213252785358,1,0
PC1162078,0.0263237273879196,0,0
PC1162238,0.147504970724391,0,0
PC1162315,0.0517930387108176,0,0
PC1162321,0.0217556789242251,0,0
PC1162568,0.425825105745327,1,0
PC1162570,0.0396714227353011,0,0
PC1162807,0.45363563499241,0,0
PC1162904,0.0724566499628167,0,0
PC1163246,0.10252549759963,0,0
PC1163266,0.0129935359582305,0,0
PC1163303,0.643699121081882,0,1
PC1163403,0.827745904667911,0,1
PC1163520,0.0003195889416905,0,0
PC1163524,0.0156823873096255,0,0
PC1163710,0.0743124919358221,0,0
PC1163761,0.0105742290616035,0,0
PC1163797,0.001179988492044,0,0
PC1163879,0.39764220075509,1,0
PC1163909,0.0324853988883572,0,0
PC1163928,0.0252511443527482,0,0
PC1163956,0.0012901205336675,0,0
PC1164042,0.0049808604505507,0,0
PC1164119,0.0086540686614684,0,0
PC1164203,0.0510479510220966,0,0
PC1164208,0.0985183573649981,0,0
PC1164577,0.0061932429671287,0,0
PC1164764,0.95814847946167,0,1
PC1164828,0.0372850821767463,0,0
PC1164837,0.0136394472792745,0,0
PC1164866,0.397315710327605,0,0
PC1164930,0.658274991557853,1,1
PC1165156,0.106364199041904,0,0
PC1165607,0.626212988697222,1,1
PC1165622,0.0970706849237647,0,0
PC1165867,0.112999758089905,0,0
PC1165955,4.39581745013129e-05,0,0
PC1165961,0.0173236578702927,0,0
PC1166173,0.049138040890113,0,0
PC1166195,0.0452653455864235,0,0
PC1166292,0.0080497234502444,0,0
PC1166386,0.505114346603799,1,1
PC1166397,2.94672407117011e-05,0,0
PC1166563,0.0122754903798681,0,0
PC1166641,0.007602446687898,0,0
PC1166704,0.515127125812554,0,1
PC1166765,0.123663976379148,0,0
PC1166950,0.0093612128217725,0,0
PC1167085,0.0556539694871188,0,0
PC1167201,0.18266786634922,0,0
PC1167216,0.356274921777495,0,0
PC1167343,0.19496051967144,0,0
PC1167452,0.440434355309432,1,0
PC1167537,0.174144468414076,0,0
PC1167598,0.0099192219239981,0,0
PC1167726,0.0864921644257866,0,0
PC1167813,0.0321175138001955,0,0
PC1167986,0.0259595931355144,0,0
PC1167988,0.183843300371223,0,0
PC1168073,0.0018222727812826,0,0
PC1168115,0.0065127104202073,0,0
PC1168234,0.5458240346369,0,1
PC1168248,0.0372388074006751,0,0
PC1168258,0.156528318719455,0,0
PC1168324,0.367905448735532,0,0
PC1168374,0.0116477660389979,0,0
PC1168406,0.0210300213161935,0,0
PC1168417,0.206130858846411,0,0
PC1168554,0.0077571528785725,0,0
PC1168609,0.0036708672417865,0,0
PC1168754,0.0026719395270532,0,0
PC1168893,0.0419939309358597,0,0
PC1168963,0.0054690535992733,0,0
PC1169022,0.149546101689339,0,0
PC1169385,0.137775990229855,0,0
PC1169534,0.0486104115843773,0,0
PC1169582,0.090783846124995,0,0
PC1169603,0.0493416318375325,0,0
PC1169693,0.0007181199611101,0,0
PC1169704,0.0013363742036745,0,0
PC1169843,0.0014117871854317,0,0
PC1169863,0.0116330961314647,0,0
PC1169914,0.51271547282499,1,1
PC1170082,0.0094277984342479,0,0
PC1170206,0.354033651810289,0,0
PC1170333,0.0325615221266118,0,0
PC1170381,0.0312086742009912,0,0
PC1170394,0.0274178993920022,0,0
PC1170396,0.114211377645908,0,0
PC1170550,0.429332929161879,1,0
PC1170567,0.0003603348337577,0,0
PC1170707,0.0069458003466328,0,0
PC1170771,0.0713974376071672,0,0
PC1170953,0.0841261779396443,0,0
PC1171085,0.0432213429547004,0,0
PC1171249,0.125596734246457,0,0
PC1171385,0.029963249169686,0,0
PC1171414,0.0026824448723346,0,0
PC1171464,0.600236834264269,0,1
PC1171469,0.0021756133064627,0,0
PC1171507,0.32800985792808,1,0
PC1171511,0.0025938341859728,0,0
PC1171527,0.0016767588588607,0,0
PC1171563,0.331897908187175,0,0
PC1171567,0.0612610543732027,0,0
PC1171627,0.0073682090371812,0,0
PC1171688,0.0508515901895565,0,0
PC1171798,0.005792552492051,0,0
PC1171860,0.0157390289964175,0,0
PC1171867,0.0215270162714637,0,0
PC1171958,0.0064630209988145,0,0
PC1172140,0.160258368204714,0,0
PC1172157,0.640127539634705,0,1
PC1172175,0.0369277426340748,0,0
PC1172212,0.0266769329788456,0,0
PC1172220,0.382844295383485,0,0
PC1172224,0.0025040580388664,0,0
PC1172418,0.432016946685811,0,0
PC1172434,0.0213102290777697,0,0
PC1172466,0.0203373990952969,0,0
PC1172468,0.0448186387105424,0,0
PC1172617,0.0617619571104676,0,0
PC1172712,0.0051465428921549,0,0
PC1172951,0.0030508415630111,0,0
PC1173372,0.0079250742609684,0,0
PC1173530,0.0049798968449326,0,0
PC1173612,0.0004437455297084,0,0
PC1173640,0.375291526083923,1,0
PC1173686,0.0022723473088319,0,0
PC1173729,0.0117040553718413,0,0
PC1173811,0.0001173919881694,0,0
PC1173849,0.359310775670812,0,0
PC1173888,0.187291485158233,0,0
PC1173989,0.0773269941188412,0,0
PC1174356,0.0058692255988717,0,0
PC1174377,0.0133199035009265,0,0
PC1174667,0.009320001353609,0,0
PC1174685,0.428944274027897,1,0
PC1174927,0.0051443300984746,0,0
PC1174967,0.0036781619295464,0,0
PC1175102,0.24412489951051,0,0
PC1175142,0.253795829720986,0,0
PC1175151,0.0585928029063708,0,0
PC1175171,0.0282823861510093,0,0
PC1175208,0.15797223348838,0,0
PC1175286,0.44419776686404,0,0
PC1175365,0.143618835914394,0,0
PC1175438,0.186251940289246,0,0
PC1175674,0.474052011966705,0,0
PC1175709,0.135557409617145,0,0
PC1175741,0.0191143001682933,0,0
PC1175892,0.0155206331983209,0,0
PC1176070,0.086371764646396,0,0
PC1176128,0.176541752184778,0,0
PC1176132,0.117248355845375,0,0
PC1176235,0.0731657279632344,0,0
PC1176531,0.0901795548958533,0,0
PC1176578,0.0346746891736984,0,0
PC1176588,0.0189818306722273,0,0
PC1176878,0.0455785083751128,0,0
PC1176949,0.0071178367361426,0,0
PC1176983,0.793690265412865,0,1
PC1177217,0.0030053132213652,0,0
PC1177307,0.0090848962902133,0,0
PC1177339,0.0010725503811305,0,0
PC1177393,0.318180417003031,1,0
PC1177423,0.123402237245533,0,0
PC1177438,0.0229839086532593,0,0
PC1177442,0.0322849946835684,0,0
PC1177496,0.186541683993731,0,0
PC1177716,0.366336434198175,0,0
PC1177823,0.25224049031408,0,0
PC1177934,0.427054801996607,1,0
PC1178010,0.0140358970758306,0,0
PC1178087,0.0550294555723667,0,0
PC1178110,0.0657641440629959,0,0
PC1178410,0.0318546786449743,0,0
PC1178494,0.0076428455799705,0,0
PC1178503,0.189199585487541,0,0
PC1178577,0.490669324585836,1,0
PC1178623,0.146944563779326,0,0
PC1178720,0.091809183265344,0,0
PC1178825,0.0312954562678775,0,0
PC1178832,0.0909281236704582,0,0
PC1178878,0.526121837052865,0,1
PC1178925,0.0224428828805685,0,0
PC1178948,0.14199026116127,0,0
PC1179245,0.0969608937959648,0,0
PC1179286,0.041224367916584,0,0
PC1179298,0.477971361713151,1,0
PC1179416,0.237128166518375,0,0
PC1179441,0.0949689156471683,0,0
PC1179473,0.011689391220399,0,0
PC1179478,0.0006494282724438,0,0
PC1179618,0.200177714766414,0,0
PC1179646,0.207879833106337,0,0
PC1179783,0.0190657723102594,0,0
PC1179848,0.0366552987245104,0,0
PC1179914,0.0134961679577827,0,0
PC1180038,0.0078808744681996,0,0
PC1180074,0.162609550986037,0,0
PC1180115,0.114562697708607,0,0
PC1180142,0.400818733498454,0,0
PC1180162,0.334854920370702,1,0
PC1180168,0.0733381370274744,0,0
PC1180368,0.192736851151405,0,0
PC1180532,0.323252781061272,0,0
PC1180690,0.0211973382794076,0,0
PC1180868,0.006565594532508,0,0
PC1180965,0.346397641150864,0,0
PC1181040,0.229011693054196,0,0
PC1181215,0.0388350263237953,0,0
PC1181409,0.0009545182692818,0,0
PC1181444,0.424661206119929,0,0
PC1181595,0.0045613511465489,0,0
PC1181628,0.0531290057821725,0,0
PC1181762,0.0018032033985468,0,0
PC1181914,0.183702428508731,0,0
PC1181980,0.0791863416652286,0,0
PC1182064,0.238834645700541,0,0
PC1182068,0.815840349850042,0,1
PC1182186,0.0275610746345022,0,0
PC1182316,0.150458330797881,0,0
PC1182380,0.714291946804517,1,1
PC1182430,0.0112847134862753,0,0
PC1182502,0.0347195642729997,0,0
PC1182573,0.608290285190032,0,1
PC1182615,0.184104730695169,0,0
PC1182616,0.702487319343539,0,1
PC1182657,0.0470102087746434,0,0
PC1182714,0.0108062762482826,0,0
PC1182901,0.046609134746111,0,0
PC1182902,0.165962665910264,1,0
PC1182924,0.208372114987709,0,0
PC1182930,0.0357758492206758,0,0
PC1182938,0.0119132503739668,0,0
PC1183122,0.0963562101289366,0,0
PC1183169,0.312049214624696,0,0
PC1183187,0.0176516608738475,0,0
PC1183331,0.0845799411422221,1,0
PC1183352,0.023457927445267,0,0
PC1183507,0.327226126954286,0,0
PC1183581,0.0008419964825257,0,0
PC1183597,0.0214143776213691,0,0
PC1183746,0.673467993736267,0,1
PC1183858,0.245553488252557,0,0
PC1184252,0.0476662795834181,0,0
PC1184347,0.596799965802726,0,1
PC1184370,0.0226483177393675,0,0
PC1184455,0.127084856026657,0,0
PC1184456,0.0350133971020377,0,0
PC1184609,0.0030314192271918,0,0
PC1184672,0.0805671917540687,0,0
PC1184706,0.306501542607391,0,0
PC1184816,0.381954850526706,1,0
PC1184832,0.0263716421717972,0,0
PC1184893,0.132523000240326,0,0
PC1184923,0.144414419269661,0,0
PC1185019,0.258497656440455,0,0
PC1185231,0.009726942199412,0,0
PC1185233,0.383460472382937,0,0
PC1185357,0.0827231249643903,0,0
PC1185390,0.0328945278590118,0,0
PC1185432,0.0209442708503108,0,0
PC1185490,0.101825624704361,0,0
PC1185510,0.0083655567235455,0,0
PC1185582,0.715543529704998,0,1
PC1185625,0.559087505735502,0,1
PC1185754,0.0062830202391861,0,0
PC1185811,0.0002496014085738,1,0
PC1185875,0.657233212075723,1,1
PC1186113,0.32370801354937,0,0
PC1186115,0.0038984672090994,0,0
PC1186153,0.627205634378255,1,1
PC1186224,0.0715680228077489,0,0
PC1186252,0.0097769620664709,0,0
PC1186314,0.301770334172508,0,0
PC1186467,0.117894152453704,0,0
PC1186517,0.0299037644233071,0,0
PC1186718,0.0402139721843608,0,0
PC1186875,0.073402683935072,0,0
PC1187038,0.213304873096847,1,0
PC1187282,0.353503853082657,0,0
PC1187294,0.633211815548296,1,1
PC1187362,0.145149069660756,0,0
PC1187749,0.0001720374420983,0,0
PC1187862,0.294711293752809,0,0
PC1187920,0.117125897364104,0,0
PC1188179,0.0853041178650326,0,0
PC1188250,0.14732930424395,1,0
PC1188366,0.262561596191344,1,0
PC1188463,5.86152850701183e-07,0,0
PC1188490,0.0392748489975929,0,0
PC1188538,0.239521955748086,0,0
PC1188865,0.0365602026898877,0,0
PC1188878,0.587476347952968,0,1
PC1188947,0.442259366377297,0,0
PC1189041,0.206860661550299,0,0
PC1189300,0.0112749617803328,0,0
PC1189506,0.0242420400506887,0,0
PC1189665,0.0392433845992467,0,0
PC1189730,0.0002489989554524,0,0
PC1189744,0.614964544773102,0,1
PC1189803,0.154860298624053,0,0
PC1189856,0.203468546271324,0,0
PC1190062,0.162100857679426,0,0
PC1190075,0.0642368074982238,0,0
PC1190324,0.0105007203311198,0,0
PC1190346,0.158474981784821,0,0
PC1190396,0.0258469298207003,0,0
PC1190471,0.0640742555260658,0,0
PC1190540,0.348067355227389,0,0
PC1190653,0.228989695285493,0,0
PC1190941,0.144721269607544,0,0
PC1190944,0.0013948519481346,0,0
PC1190955,0.119694399662337,0,0
PC1191133,0.190230693126972,0,0
PC1191280,0.0110737649878266,0,0
PC1191292,0.0400364472660967,0,0
PC1191326,0.0278598816803831,0,0
PC1191333,0.02665019287451,0,0
PC1191441,0.0242134634338851,0,0
PC1191496,0.369466644498046,0,0
PC1191532,0.0673355576850969,0,0
PC1191729,0.52310585975647,0,1
PC1191763,0.034279577434063,0,0
PC1191783,0.0359637168459014,0,0
PC1191887,0.0645621291461694,0,0
PC1191918,0.385547767194075,0,0
PC1192255,0.0071972049772739,0,0
PC1192374,0.38684328123557,0,0
PC1192392,0.628241343677324,0,1
PC1192547,0.0517459072064053,0,0
PC1192616,0.228554465152599,0,0
PC1192636,0.0040888083167374,0,0
PC1192678,0.101230430991491,0,0
PC1192788,0.070638431596022,0,0
PC1192795,0.0432081297039986,0,0
PC1192864,0.453108534787369,1,0
PC1193066,0.131241586670461,0,0
PC1193097,0.03289341912449,0,0
PC1193105,0.0089103386796856,0,0
PC1193118,0.0991005253616777,0,0
PC1193286,0.126297230701641,1,0
PC1193319,0.044183660279564,0,0
PC1193333,0.0497403471340926,0,0
PC1193417,0.857095088116378,1,1
PC1193445,0.0026322894995285,0,0
PC1193582,0.147693442417894,0,0
PC1193583,0.0126685593522301,0,0
PC1193645,0.459111755430822,0,0
PC1193707,0.0545911850024038,0,0
PC1193760,0.420280467374061,1,0
PC1193824,0.637755893170833,0,1
PC1193839,0.006657815415719,0,0
PC1193957,0.0531105399131775,0,0
PC1194127,0.780915669529326,0,1
PC1194275,0.021277356762683,0,0
PC1194321,0.0079990533858141,0,0
PC1194396,0.485294006362377,0,0
PC1194533,0.13006481348253,0,0
PC1194618,0.0128270898848077,0,0
PC1194623,0.0016347748460248,0,0
PC1194688,0.013407838199576,0,0
PC1194737,0.236411914120307,1,0
PC1194813,0.265152062917798,1,0
PC1194904,0.205194473266602,0,0
PC1194976,0.347740916910112,0,0
PC1194985,0.0016884437322238,0,0
PC1195047,0.745486238406832,0,1
PC1195132,0.21654092889793,1,0
PC1195155,0.0386778001332482,0,0
PC1195186,0.107044547248114,0,0
PC1195223,0.0493146117065937,0,0
PC1195408,0.0665170567924153,0,0
PC1195451,0.203126158853732,0,0
PC1195473,0.25583043950908,0,0
PC1195555,0.002671475283717,0,0
PC1195561,0.0090967715060447,0,0
PC1195564,0.0029558542630415,0,0
PC1195710,0.0235668706880907,0,0
PC1195845,0.12171808630228,0,0
PC1196025,0.450518559056321,0,0
PC1196596,0.157830649096033,0,0
PC1196749,0.305186569690704,0,0
PC1196754,0.535141827780783,1,1
PC1196785,0.0615056628243631,0,0
PC1196934,0.008176670409739,0,0
PC1196949,0.259371484833202,0,0
PC1196952,0.0040413849055767,0,0
PC1196981,0.28898215233232,0,0
PC1197028,0.123565810533786,0,0
PC1197080,0.0002842819353752,0,0
PC1197139,0.0008077590027824,0,0
PC1197201,0.0116979646200179,0,0
PC1197284,0.112893372774124,0,0
PC1197306,0.28248439777282,0,0
PC1197433,0.0017705616002107,0,0
PC1197499,0.78336017936959,1,1
PC1197628,0.0384595057318412,0,0
PC1197790,0.0094593334791374,0,0
PC1197913,0.114807253064465,0,0
PC1198011,0.0123184174784285,0,0
PC1198162,0.0094272068630869,0,0
PC1198213,0.0502622443355794,0,0
PC1198279,0.481293576517233,0,0
PC1198392,0.53655965536692,1,1
PC1198401,0.0007350555253931,0,0
PC1198418,0.22902501993362,0,0
PC1198451,0.0315768682350747,0,0
PC1198515,4.44388297182741e-06,0,0
PC1198581,0.459952735013812,0,0
PC1198884,0.0043186316467787,0,0
PC1198885,0.180962978196747,0,0
PC1198886,0.0469389859962716,0,0
PC1199075,0.0289171497081242,0,0
PC1199089,0.0572086347788956,0,0
PC1199289,0.0492740944027901,0,0
PC1199315,0.0015527849050501,0,0
PC1199343,0.0884778345115197,0,0
PC1199536,0.0465822964906693,0,0
PC1199586,0.0190682819919641,0,0
PC1199596,0.0589004255800454,0,0
PC1199606,0.728306651115417,0,1
PC1199654,0.343707598391898,0,0
PC1199771,0.697044291120162,1,1
PC1199816,0.0893818416756634,0,0
PC1199982,0.145797446370125,0,0
PC1200012,0.158487915992737,0,0
PC1200109,0.213481394115743,0,0
PC1200167,0.0644669806896217,0,0
PC1200179,0.0720696477344753,0,0
PC1200226,0.0487063327328494,0,0
PC1200343,0.0103799495718362,0,0
PC1200383,0.0302426471108837,0,0
PC1200474,0.253628432750702,0,0
PC1200481,0.285829502835205,1,0
PC1200649,0.310723843166003,0,0
PC1200714,0.275197363871111,0,0
PC1200831,0.0097490862168286,0,0
PC1200836,0.0736474622854683,0,0
PC1200897,0.064269371966192,0,0
PC1200900,0.0069121797569096,0,0
PC1201001,0.0529599297999181,0,0
PC1201042,0.0744965377995846,0,0
PC1201103,0.736483425271807,0,1
PC1201135,0.0009852665375863,0,0
PC1201356,0.0360745944082737,0,0
PC1201431,0.0024811292718765,0,0
PC1201588,0.017850536853075,0,0
PC1201639,0.104698903858662,0,0
PC1201692,0.0025970563769626,0,0
PC1201729,0.270471185445786,0,0
PC1201739,0.78633733516858,0,1
PC1201782,0.0092256355217375,0,0
PC1201958,0.0110737315736788,0,0
PC1201982,0.325742720534083,0,0
PC1201987,0.0279386910421351,0,0
PC1202145,0.497364702930375,1,0
PC1202272,0.0625528881856061,0,0
PC1202544,0.02512054150888,0,0
PC1202787,0.0351558209834816,0,0
PC1203017,0.0784439093375373,0,0
PC1203084,0.217881017467051,0,0
PC1203114,0.106661927881127,0,0
PC1203164,0.432265363031484,0,0
PC1203219,0.204264441186973,0,0
PC1203250,0.139553724300293,1,0
PC1203259,0.0340293089072015,0,0
PC1203560,0.226494128220932,1,0
PC1203649,0.0053009397971757,0,0
PC1203673,0.364286145815459,0,0
PC1203812,0.370364918225053,1,0
PC1203984,0.0004018876241586,0,0
PC1204026,0.0896944153881022,0,0
PC1204117,0.179897956320705,0,0
PC1204212,0.365898883074857,0,0
PC1204468,0.072200805299667,0,0
PC1204616,0.0199360209655496,0,0
PC1204623,0.0075434702448546,0,0
PC1204639,0.0019791826550712,0,0
PC1204816,0.0149459035234434,0,0
PC1205243,0.121880041368559,0,0
PC1205313,0.24509251980478,0,0
PC1205372,0.0127284341368685,0,0
PC1205393,0.104944571852684,0,0
PC1205602,0.648964559677804,0,1
PC1205669,0.0373569377847427,0,0
PC1205805,0.128418627647847,0,0
PC1205997,0.0086595917831879,0,0
PC1206263,0.162200696534693,0,0
PC1206392,0.0003776404579775,0,0
PC1206640,0.116521389185937,0,0
PC1206714,0.283181558956927,0,0
PC1206753,0.0024472638269878,0,0
PC1206808,0.0680761270277618,0,0
PC1207161,0.0054462726279177,0,0
PC1207181,0.0897340602745675,1,0
PC1207185,0.0001395274302922,0,0
PC1207560,0.695821920398325,0,1
PC1207568,0.0095549092523388,0,0
PC1207593,0.515868723392487,0,1
PC1207622,0.681065669321025,0,1
PC1207689,0.137026180904776,0,0
PC1207690,0.0027581345736998,0,0
PC1207762,0.0574570364477619,0,0
PC1208077,0.0275118899450029,0,0
PC1208094,0.078219529157609,0,0
PC1208105,0.0301243869442921,0,0
PC1208289,0.00321971600551,0,0
PC1208520,0.19934306869869,0,0
PC1208681,0.0279171134163262,0,0
PC1208903,0.0128633175045252,0,0
PC1208922,0.322816669744622,0,0
PC1208960,0.39115098118782,0,0
PC1209078,0.0157978200873333,0,0
PC1209176,0.0471326952939702,0,0
PC1209217,0.0635513515471545,0,0
PC1209299,0.0097221235178645,0,0
PC1209334,0.199071589935897,0,0
PC1209341,0.0188175348004974,0,0
PC1209354,0.0530937051237616,0,0
PC1209445,0.108480431139469,0,0
PC1209473,0.001397201209329,0,0
PC1209527,0.58992183769765,0,1
PC1209638,0.549533971303893,0,1
PC1209899,0.150232868182207,1,0
PC1209988,0.0088047343183701,0,0
PC1210228,0.0482483444921502,0,0
PC1210243,0.173850008023538,0,0
PC1210249,0.159822555321562,0,0
PC1210255,0.157657378800627,0,0
PC1210290,0.0545305403097428,0,0
PC1210477,0.12377281058301,0,0
PC1210507,0.0237978345432578,0,0
PC1210657,0.0428396305992098,0,0
PC1210719,0.0087640218017538,0,0
PC1210747,0.0048955944366753,0,0
PC1210995,0.0611593467676553,0,0
PC1211078,0.0290006938609135,0,0
PC1211385,0.0569613264823282,0,0
PC1211451,0.0193951145569991,0,0
PC1211675,0.548358847465669,0,1
PC1211763,0.0828050598502159,0,0
PC1211820,0.680939335587114,0,1
PC1211824,0.140579725805606,0,0
PC1211860,0.0083598028868436,0,0
PC1211931,0.0026709593366831,0,0
PC1212289,0.0142604048115623,0,0
PC1212370,0.997307896614075,0,1
PC1212500,0.0155717336646861,0,0
PC1212528,0.0110643277817645,0,0
PC1212536,0.236805425590131,0,0
PC1212599,0.0372035235905836,0,0
PC1212621,0.148550997716574,0,0
PC1212770,0.0068635142267235,0,0
PC1212773,0.016128529368215,0,0
PC1212780,0.0525237806141376,0,0
PC1212850,0.936561710318091,0,1
PC1212868,0.0808471303515407,0,0
PC1213055,0.875190810309692,1,1
PC1213184,0.0061298350522983,0,0
PC1213300,0.009104195990044,0,0
PC1213327,0.573206713056132,0,1
PC1213411,0.182148427918091,0,0
PC1213476,0.0101299379020929,0,0
PC1213486,0.0496733984553117,0,0
PC1213610,0.293819975295188,0,0
PC1213656,0.0794158516704437,0,0
PC1213765,0.0588792926278914,0,0
PC1214076,0.118868642009481,0,0
PC1214197,0.0309656416455981,0,0
PC1214268,0.268463570614565,0,0
PC1214422,0.0651011428760107,0,0
PC1214624,0.160657065487157,0,0
PC1214716,0.0012313795741647,0,0
PC1214783,0.0047271115879659,0,0
PC1214807,0.221754182002447,0,0
PC1214831,0.0493589736299765,0,0
PC1214929,0.0686971247196198,0,0
PC1215305,0.443958051032577,0,0
PC1215737,0.0030034572428789,0,0
PC1215949,0.255210487998374,0,0
PC1216110,0.0251487421040752,0,0
PC1216170,0.0784101556055248,0,0
PC1216224,5.74657724428107e-06,0,0
PC1216480,0.0015786099247634,0,0
PC1216591,0.0596082769334316,0,0
PC1216601,0.248712624942838,0,0
PC1216649,0.0167910202914506,0,0
PC1216811,0.0070448741316795,0,0
PC1216891,0.108144251921637,1,0
PC1217048,0.298176893542526,0,0
PC1217086,0.131308972835541,0,0
PC1217117,0.0686492528139356,0,0
PC1217250,0.0291764922127221,0,0
PC1217353,0.255793394080336,1,0
PC1217521,0.0023166905157268,0,0
PC1217661,0.202831553334188,0,0
PC1218082,0.0522634047802872,0,0
PC1218190,0.141485753747606,0,0
PC1218247,0.146770111894342,0,0
PC1218311,0.0280364836280299,0,0
PC1218494,0.206862034140791,0,0
PC1218549,1.31734688322024e-05,0,0
PC1218658,1.26049548401414e-06,0,0
PC1218826,0.0010154658230021,0,0
PC1218852,0.0173987163314884,0,0
PC1218928,0.0009044944308698,0,0
PC1219061,0.340044290447825,1,0
PC1219117,0.0600932686367449,0,0
PC1219148,0.231334377946651,0,0
PC1219419,0.0339975305492302,0,0
PC1219535,0.0935194093153018,0,0
PC1219723,0.0949795486288791,0,0
PC1219982,0.191970316412436,0,0
PC1220110,0.18560005626464,0,0
PC1220269,0.0694842879289449,0,0
PC1220345,0.0065941755501376,0,0
PC1220580,0.162704199552536,0,0
PC1220665,0.235703234414663,0,0
PC1220758,0.174054479696716,0,0
PC1220774,0.12922235704739,0,0
PC1220783,0.218323460361301,0,0
PC1221077,0.0023620763249856,0,0
PC1221111,0.876018184386779,0,1
PC1221183,0.233848788027822,0,0
PC1221222,0.354096126625087,0,0
PC1221341,0.0192210844747787,0,0
PC1221369,0.0353007595105569,0,0
PC1221396,0.0216117573711346,0,0
PC1221449,0.0051640765741467,0,0
PC1221542,0.22895394849664,0,0
PC1221561,0.362431193985838,0,0
PC1221661,0.935567836853609,1,1
PC1221699,0.148845158728021,1,0
PC1221790,0.0773508362037621,0,0
PC1221806,0.120305283242471,0,0
PC1221810,0.0451162941753864,0,0
PC1221986,0.0562305814708601,0,0
PC1222005,0.11372535028824,0,0
PC1222246,0.0335229127753354,0,0
PC1222250,0.467312933649959,1,0
PC1222338,0.0029311431571841,0,0
PC1222428,0.0025273745487687,0,0
PC1222506,0.0356844203547851,0,0
PC1222634,2.6033568190087e-08,0,0
PC1222842,0.0513594001531601,0,0
PC1222929,0.066076824508929,0,0
PC1223548,0.0331900678575039,0,0
PC1223666,0.672415431819444,1,1
PC1223898,0.339366899411001,0,0
PC1223917,0.0006587284151464,0,0
PC1223989,0.2096341589927,1,0
PC1224161,0.0001921800458747,0,0
PC1224304,0.643488184850018,0,1
PC1224314,0.163619058405828,1,0
PC1224327,0.0009878313357686,0,0
PC1224380,0.253987353235956,0,0
PC1224427,0.0191175976982842,0,0
PC1224469,0.0492829155224472,0,0
PC1224534,0.04727300838722,0,0
PC1224599,0.133653677633551,0,0
PC1224835,0.0046425546310459,0,0
PC1224871,0.277175748057133,0,0
PC1225023,0.161301758074043,0,0
PC1225047,0.0273373682621246,0,0
PC1225148,0.197367200333321,0,0
PC1225464,0.0934535801905984,0,0
PC1225748,0.074067245705647,0,0
PC1225820,0.204734054028482,0,0
PC1226101,0.0054420309023446,0,0
PC1226165,0.1118317594469,0,0
PC1226182,0.026701594821893,0,0
PC1226239,0.413003758781062,1,0
PC1226357,0.340934204341469,0,0
PC1226412,0.0128555036854765,0,0
PC1226514,0.370907813310623,0,0
PC1226915,0.148284482398195,0,0
PC1226918,0.060171770044582,0,0
PC1226998,0.0334214023797895,0,0
PC1227000,0.0006613087607547,0,0
PC1227144,0.119194587357202,0,0
PC1227157,0.0144332376359707,0,0
PC1227248,0.623303387656517,0,1
PC1227367,0.0306349809527294,0,0
PC1227465,0.284330637242437,0,0
PC1227544,0.239020219100091,0,0
PC1227675,0.0031886969227343,0,0
PC1227700,0.0073447870090603,0,0
PC1227729,0.268840439236996,0,0
PC1227858,0.0168786482949926,0,0
PC1227887,0.0023313723504543,0,0
PC1228025,0.0644368380308151,0,0
PC1228051,0.0255106161952193,0,0
PC1228311,0.0002139740725131,0,0
PC1228344,0.490379565564178,1,0
PC1228501,0.0292731942500659,0,0
PC1228633,8.80246152519248e-05,0,0
PC1228845,0.0056001957441341,0,0
PC1229010,0.498601240097915,0,0
PC1229205,0.185675197648832,0,0
PC1229288,0.045907749581947,0,0
PC1229289,0.0361133528499655,0,0
PC1229364,0.0315033836388611,0,0
PC1229471,0.167118788773304,0,0
PC1229515,0.461758562817951,0,0
PC1229521,0.443546906804773,0,0
PC1229605,0.529313253952342,0,1
PC1229690,0.206427212362942,1,0
PC1229801,0.343369901180267,0,0
PC1229912,0.0563588681129309,0,0
PC1230020,0.005357090236492,0,0
PC1230066,0.117598345844216,0,0
PC1230156,0.0782188593907114,0,0
PC1230166,0.656900192715936,1,1
PC1230346,0.0063925730064511,0,0
PC1230377,0.0957033057892115,0,0
PC1230508,0.002114402157739,0,0
PC1230541,0.0178704349870112,0,0
PC1230710,0.0579642835732693,0,0
PC1230748,0.0104373130836264,0,0
PC1230794,0.150277349519104,0,0
PC1230960,0.0002934437494698,0,0
PC1231182,0.0018199019832536,0,0
PC1231396,0.282174395368882,1,0
PC1231594,0.0804775114180427,0,0
PC1231785,0.111150911560648,0,0
PC1231795,0.060658918091041,0,0
PC1231851,0.0673150186245314,0,0
PC1232219,0.0453399292552501,0,0
PC1232231,0.0189981315254295,0,0
PC1232257,0.0508534408669732,0,0
PC1232518,0.118745297193527,0,0
PC1232540,0.020162639816586,0,0
PC1232553,0.0813882917665153,0,0
PC1232636,0.055396138755768,0,0
PC1232666,0.0895963156879789,0,0
PC1232987,0.703786728678951,1,1
PC1233004,0.094196154192711,0,0
PC1233073,0.0037763784639537,0,0
PC1233107,0.0338056520658095,0,0
PC1233245,0.0174480344954335,0,0
PC1233323,0.0040691847839543,0,0
PC1233481,0.0910863158554246,0,0
PC1233537,0.0013758422574028,0,0
PC1233608,0.0626744022995143,0,0
PC1233719,0.0827285361533264,0,0
PC1233890,0.0748904507519114,0,0
PC1233960,0.0110670154851816,0,0
PC1234050,0.0975222967871742,0,0
PC1234067,0.0130664827302098,0,0
PC1234129,0.952201183535685,1,1
PC1234227,0.0805158923734322,0,0
PC1234344,0.190869581827974,0,0
PC1234380,0.0252347969876323,0,0
PC1234467,0.0371694059354056,0,0
PC1234528,0.286528047449165,0,0
PC1234553,0.0226490414129109,0,0
PC1234777,0.242279503366043,0,0
PC1234782,0.0186535859470531,0,0
PC1235149,0.0091482764109969,0,0
PC1235180,0.0591715990194753,0,0
PC1235203,0.010133049099586,0,0
PC1235263,0.0271542854607105,0,0
PC1235342,0.17269724220145,0,0
PC1235395,0.202996080257607,0,0
PC1235521,0.0796727739883304,0,0
PC1235612,0.238009408884157,0,0
PC1235629,0.0416613561062774,0,0
PC1235758,0.170071036635246,0,0
PC1235803,0.0076595376905615,0,0
PC1235847,0.0665056119787501,0,0
PC1235889,0.0096274621184465,0,0
PC1235918,0.127167041594852,0,0
PC1236235,0.028597284783632,0,0
PC1236343,0.0296367719817507,0,0
PC1236405,0.0119099142029881,0,0
PC1236427,0.0527856910996365,0,0
PC1236762,0.739431464571651,1,1
PC1236798,0.433962176411097,0,0
PC1236954,0.0053966036090844,0,0
PC1237180,0.18015099907141,0,0
PC1237260,0.0404703922945412,0,0
PC1237302,0.0237231589853764,0,0
PC1237366,0.0603469285183293,0,0
PC1237642,0.0050170068266986,0,0
PC1237767,0.142810520297647,0,0
PC1237790,0.0305387709628452,0,0
PC1237821,0.160275881097624,0,0
PC1237875,0.0029783894180551,0,0
PC1238052,0.0130401759887264,0,0
PC1238060,0.528502008974692,0,1
PC1238173,0.0051906645371717,0,0
PC1238192,0.41472392427378,0,0
PC1238259,0.0050800081987456,0,0
PC1238321,0.0044239033013582,0,0
PC1238340,0.0196085935383069,0,0
PC1238481,0.106627198707992,0,0
PC1238564,0.0260259170661627,0,0
PC1238576,0.0187305219938498,0,0
PC1238596,0.0248752161259172,0,0
PC1238606,0.435075058571754,0,0
PC1238698,0.0294825220687604,0,0
PC1238769,0.0074654112427115,0,0
PC1238819,0.0245335894377576,0,0
PC1238839,0.0095080293814229,0,0
PC1238916,0.0590908628001182,0,0
PC1238990,0.0456082018067658,0,0
PC1239235,0.0001672477124624,0,0
PC1239299,0.0342077559788514,0,0
PC1239479,0.289042202081796,0,0
PC1239491,0.384653498503295,0,0
PC1239631,0.0055051679265135,0,0
PC1239829,0.0021880404092371,0,0
PC1239962,0.16276028172407,0,0
PC1239964,0.0984089693273078,0,0
PC1240047,0.0072501497343182,0,0
PC1240167,0.234846170151854,0,0
PC1240196,0.808286824901777,0,1
PC1240331,0.0058095402574499,0,0
PC1240511,0.0406760153348876,0,0
PC1240546,0.002652366583345,0,0
PC1240598,0.201058773672633,0,0
PC1240707,0.819436112199305,1,1
PC1240900,0.0012156591731772,0,0
PC1240926,0.0106291119009256,0,0
PC1241009,0.313727817752145,0,0
PC1241147,0.009820662668035,0,0
PC1241446,0.622496512120147,1,1
PC1241455,0.127996725949269,0,0
PC1241463,0.854857099290243,0,1
PC1241552,0.0229987222701311,0,0
PC1241559,0.0061784762992198,0,0
PC1241589,0.0014624098326026,0,0
PC1241819,0.0040145791135728,0,0
PC1241958,0.0681736945668065,0,0
PC1242038,0.0181178306132624,0,0
PC1242081,0.006486691237486,0,0
PC1242309,0.0441179554685727,0,0
PC1242397,0.0820302907153067,0,0
PC1242438,0.0363569062620079,0,0
PC1242571,0.480789570785541,1,0
PC1242670,0.0934562608599663,0,0
PC1242916,0.000771177993232,0,0
PC1242939,0.0395537497630347,0,0
PC1243008,0.210243170187756,0,0
PC1243024,0.295029635090501,0,0
PC1243152,0.361158828699707,1,0
PC1243226,0.369695146138865,0,0
PC1243246,0.0686044483633929,0,0
PC1243423,0.0038689163314652,0,0
PC1243500,0.15020017563237,1,0
PC1243618,0.541048191031632,0,1
PC1243712,0.389461905683709,0,0
PC1243734,0.0019883254478496,0,0
PC1244046,0.0231125738886845,0,0
PC1244192,0.0794865720013462,0,0
PC1244201,0.257443114070313,0,0
PC1244205,0.0914223241694744,0,0
PC1244209,0.0353830521854851,0,0
PC1244250,0.0005519481618582,0,0
PC1244327,0.544759624189469,1,1
PC1244381,0.0942024559456571,0,0
PC1244444,0.0409819992339758,0,0
PC1244511,0.264458794956622,0,0
PC1244652,0.0216711553352139,0,0
PC1244748,0.0609785631551582,0,0
PC1244782,0.019873208134616,0,0
PC1245065,0.0632710663090747,0,0
PC1245156,0.103963391372266,0,0
PC1245325,0.093059610135807,0,0
PC1245348,0.235228821635246,0,0
PC1245419,0.752755095540943,0,1
PC1245429,0.18515463295368,0,0
PC1245449,0.0373037606477737,0,0
PC1245459,0.656491196127614,0,1
PC1245463,0.184349754849467,0,0
PC1245506,0.133267553802645,0,0
PC1245644,0.0215267613530159,0,0
PC1245663,1.68124388437718e-05,0,0
PC1245682,0.0522707680223935,0,0
PC1245695,0.103169418871403,0,0
PC1245794,0.0084591000306041,0,0
PC1245825,0.879866368912059,1,1
PC1245940,0.126456607492342,0,0
PC1245988,0.325495137521851,0,0
PC1246067,0.208143919706345,0,0
PC1246080,0.0056642300871453,0,0
PC1246213,0.104130338189299,0,0
PC1246280,0.167448254099193,0,0
PC1246406,0.0204760441130478,0,0
PC1246542,0.144244498038012,0,0
PC1246559,0.190921083343941,0,0
PC1247034,0.18269707262516,0,0
PC1247125,0.0005753003099622,0,0
PC1247266,0.0904090250590733,0,0
PC1247334,0.0098673288523015,0,0
PC1247402,0.0703627699438264,0,0
PC1247429,0.150471161384151,0,0
PC1247618,0.109991858631056,0,0
PC1247850,0.26057893037796,0,0
PC1247891,0.0218363912782761,0,0
PC1247958,0.013155996762278,0,0
PC1248029,0.790449548887726,1,1
PC1248054,0.138333812643277,0,0
PC1248388,0.0159925771244232,0,0
PC1248783,0.0726541928388806,0,0
PC1248827,0.0058262201752469,0,0
PC1248912,0.0196429035242866,1,0
PC1249063,0.589694654852216,1,1
PC1249148,0.0632056868271199,0,0
PC1249205,0.0606989330210821,0,0
PC1249422,0.212019324302673,0,0
PC1249455,0.0111982949950154,0,0
PC1249499,0.30657309239016,0,0
PC1249627,0.55457655516695,0,1
PC1249670,0.0932155517907498,0,0
PC1249690,0.60427713394165,0,1
PC1249745,0.0507420636713505,0,0
PC1249758,0.259315492956188,1,0
PC1249774,0.0001731497322907,0,0
PC1250095,0.241891115903854,0,0
PC1250259,0.694997970768482,1,1
PC1250401,0.0009763373846621,0,0
PC1250451,0.0572982445479621,0,0
PC1250462,0.226451107778656,0,0
PC1250581,0.431052744296098,0,0
PC1250749,0.445586377446645,0,0
PC1250817,0.0056014792062342,0,0
PC1250824,0.0078746287933123,0,0
PC1251256,0.0792547949864576,0,0
PC1251270,0.0374135735740895,0,0
PC1251353,0.016952358513507,0,0
PC1251359,0.0134330270811915,0,0
PC1251447,0.0521145175403195,0,0
PC1251474,0.220207312333404,0,0
PC1251663,0.234954592896932,0,0
PC1251769,0.401106801305631,0,0
PC1251796,0.0159633805662949,0,0
PC1251857,0.0001225585904107,0,0
PC1251960,0.0128819141536951,0,0
PC1251967,0.0093425430038579,0,0
PC1251970,0.0362049468958671,0,0
PC1251999,0.950581401586532,0,1
PC1252001,0.0177395670179268,0,0
PC1252076,0.0316554420322681,0,0
PC1252113,0.0146283379637022,0,0
PC1252122,0.0934237129192618,0,0
PC1252211,0.284904320747207,0,0
PC1252424,0.0598861513654955,0,0
PC1252441,0.48014067375023,0,0
PC1252674,0.104728911384981,0,0
PC1252764,0.0020688465525724,0,0
PC1252780,0.0004628018650691,0,0
PC1252826,0.0518233053439136,0,0
PC1252862,0.119802415370941,0,0
PC1253118,0.0053090155419347,0,0
PC1253230,0.0030746813244482,0,0
PC1253267,0.0152218234594374,0,0
PC1253310,0.0195035763340274,0,0
PC1253438,0.104279915433067,0,0
PC1253450,0.763819998378231,1,1
PC1253478,0.225899566470506,0,0
PC1253542,0.0140555222856012,0,0
PC1253687,0.0162857067700077,0,0
PC1253761,0.0394041753885612,0,0
PC1253775,0.0030062658647399,0,0
PC1253829,0.0052547006894552,0,0
PC1253879,0.147666233393947,0,0
PC1253924,0.000212842322071,0,0
PC1254139,0.0903668312399653,0,0
PC1254405,0.0769937153569064,0,0
PC1254417,0.930050911991278,0,1
PC1254421,0.0011833572140724,0,0
PC1254535,0.337821950019968,0,0
PC1254638,0.156183282529274,0,0
PC1254959,2.92195236397674e-05,0,0
PC1255162,0.117405749176348,0,0
PC1255275,0.0089276740327477,0,0
PC1255342,0.0158158573131988,0,0
PC1255426,0.973629057407379,0,1
PC1255498,0.668615995242013,1,1
PC1255523,0.0391277475313491,0,0
PC1255544,0.0655690747545819,0,0
PC1255699,0.294571674094467,0,0
PC1255705,0.0037638817355302,0,0
PC1255756,0.0144898377296973,0,0
PC1255899,0.136288295547232,0,0
PC1256020,0.136633396148682,0,0
PC1256283,0.0640279032225936,0,0
PC1256315,0.0437309792133297,0,0
PC1256547,0.0032228740677392,0,0
PC1256872,0.098237135886642,0,0
PC1256971,0.0886196846117383,0,0
PC1257015,0.0727464519464138,0,0
PC1257085,0.0156301442794775,0,0
PC1257200,0.0821970701217651,0,0
PC1257224,0.459636364858147,0,0
PC1257309,0.0082867920051346,0,0
PC1257332,0.331356077848604,0,0
PC1257455,0.0326921671333523,0,0
PC1257538,0.846660256385803,1,1
PC1257601,0.0141605655920938,0,0
PC1257783,0.262937545776367,0,0
PC1258042,0.409866496439903,0,0
PC1258136,0.447183865122497,0,0
PC1258190,0.634957083967214,1,1
PC1258202,6.80851580012018e-05,0,0
PC1258397,0.0028537964101776,0,0
PC1258454,0.14181381353949,1,0
PC1258460,0.110176078975201,0,0
PC1258518,0.201934784650803,0,0
PC1258521,0.0072597986375619,0,0
PC1258575,0.0193311458409319,0,0
PC1258600,0.0004047358816023,0,0
PC1258657,0.567927300930023,0,1
PC1258853,0.0536620310478684,0,0
PC1258865,0.122867592219553,0,0
PC1258924,0.0247320290654898,0,0
PC1258939,0.0648755431175232,0,0
PC1258999,0.0054318584272102,0,0
PC1259074,0.024344855066703,0,0
PC1259154,5.77344323293398e-05,0,0
PC1259273,0.0144760635862034,0,0
PC1259322,0.0769549150841168,0,0
PC1259371,0.0846850849311925,0,0
PC1259428,0.0815166226644471,0,0
PC1259446,0.382300118575884,0,0
PC1259467,0.0595461459524116,0,0
PC1259493,0.639731798409286,0,1
PC1259579,0.381259893747112,0,0
PC1259607,0.321745454150444,0,0
PC1259886,0.0024532913230359,0,0
PC1260212,0.0167296544695138,0,0
PC1260222,0.345198720693588,0,0
PC1260332,0.0717526376247406,0,0
PC1260344,0.0683333224996848,0,0
PC1260345,0.0005055964085792,0,0
PC1260391,0.0169257207673759,0,0
PC1260405,0.0865457589537562,1,0
PC1260444,0.401438238955632,1,0
PC1260598,0.375982380858152,0,0
PC1260680,0.653235636903793,0,1
PC1260685,0.28789268588502,0,0
PC1260688,0.265008134595401,0,0
PC1260717,0.0981635348453026,0,0
PC1260795,0.0636003566732729,0,0
PC1261006,0.200388695917297,0,0
PC1261053,0.0011280948680218,0,0
PC1261117,0.0218171607702971,0,0
PC1261131,0.078939267087715,0,0
PC1261332,0.321868740357999,0,0
PC1261426,0.382713565146187,1,0
PC1261470,0.0020226900121324,0,0
PC1261500,8.54657763316052e-05,0,0
PC1261740,0.0779075391788399,0,0
PC1261938,0.0089221338223771,0,0
PC1262034,0.0583286582784263,0,0
PC1262214,0.332849469352447,0,0
PC1262284,0.198413270788613,0,0
PC1262361,0.0103268692035515,0,0
PC1262421,0.0322643478238268,0,0
PC1262623,0.040035178106797,0,0
PC1262942,0.0033338679932057,0,0
PC1262946,0.0536733656160539,0,0
PC1262959,0.380583743393569,0,0
PC1262983,0.0063081794886369,0,0
PC1262997,0.0165740691441379,0,0
PC1263000,0.126206584149169,0,0
PC1263141,0.0722427573536157,0,0
PC1263328,0.0889419531225296,0,0
PC1263405,0.0035437966008335,0,0
PC1263448,0.33673384548153,0,0
PC1263540,0.024714810089325,0,0
PC1263636,0.313847741574371,1,0
PC1263662,0.0461092945358037,0,0
PC1263825,0.158154559147803,0,0
PC1264027,0.0349398553371429,0,0
PC1264108,0.0297299615692261,0,0
PC1264437,0.0900616885887252,0,0
PC1264573,0.0076545288694965,0,0
PC1264589,0.171575654543991,0,0
PC1264630,0.738334774971008,0,1
PC1264709,0.0022047976963222,0,0
PC1264812,0.0022594711124979,0,0
PC1264844,0.554135687512808,0,1
PC1265029,0.0131021102551605,0,0
PC1265369,6.7448076966476e-06,0,0
PC1265698,0.0029417385222725,0,0
PC1265770,0.0407750006899776,0,0
PC1266032,0.0663676868776734,0,0
PC1266138,0.093063005181246,0,0
PC1266315,0.084283221785615,0,0
PC1266430,0.258832651948181,0,0
PC1266474,0.732469255919982,0,1
PC1266695,0.130593210458755,0,0
PC1266709,0.0051625123225809,0,0
PC1266721,0.0044305289918479,0,0
PC1266814,0.0118970807276328,0,0
PC1266829,0.0616904354184964,0,0
PC1267054,0.359477271403971,0,0
PC1267279,0.0420159623026848,0,0
PC1267386,0.166966533594987,0,0
PC1267388,0.110253961517871,0,0
PC1267550,0.0044175717048347,0,0
PC1268031,0.153023898601532,0,0
PC1268035,0.0453541584607585,0,0
PC1268084,0.299470216035843,0,0
PC1268253,0.0047350205177581,0,0
PC1268483,0.004591342061758,0,0
PC1268526,0.51503174975297,0,1
PC1268578,0.0157641097903252,0,0
PC1268603,0.144194980121054,0,0
PC1268627,0.0157541491134907,0,0
PC1268712,0.30366188287735,0,0
PC1268829,0.02723288293649,0,0
PC1269001,0.114681656055864,0,0
PC1269023,0.114897815941643,0,0
PC1269092,0.282513197498424,1,0
PC1269109,0.674274479307145,1,1
PC1269198,0.0066882806846447,0,0
PC1269249,0.0418039932559038,0,0
PC1269452,0.0410109863173214,0,0
PC1269842,0.0903347191356477,0,0
PC1269865,0.0096883653649666,0,0
PC1269885,0.0008328679976938,0,0
PC1269899,0.46382642657058,0,0
PC1270011,0.0018993458039159,0,0
PC1270039,0.03311045633422,0,0
PC1270136,0.0048965578801877,0,0
PC1270191,5.03807495721986e-10,0,0
PC1270418,0.0206937545956777,0,0
PC1270482,0.286648995112271,0,0
PC1270759,0.128052205825014,0,0
PC1270797,0.0531857968809585,0,0
PC1270865,0.559008567719275,0,1
PC1270932,0.455748715282571,0,0
PC1271118,4.58885246946213e-07,0,0
PC1271191,0.0051516596446752,0,0
PC1271370,0.105906162937686,0,0
PC1271448,0.137171451430843,0,0
PC1271735,0.0058479533337845,0,0
PC1271915,0.114754681624966,1,0
PC1272117,0.108442924704959,0,0
PC1272390,0.0172836678869113,0,0
PC1272394,0.0873983357055083,0,0
PC1272521,0.0822366516151769,0,0
PC1272812,0.356239736080169,0,0
PC1272893,0.0130521502392758,0,0
PC1273007,0.102745562270639,0,0
PC1273096,0.0363814215711874,0,0
PC1273213,0.218578356716011,0,0
PC1273421,0.0187208013651638,0,0
PC1273443,0.192191367763573,0,0
PC1273541,0.0505538178593438,0,0
PC1273631,0.115573935210705,0,0
PC1273798,0.0789331210156282,1,0
PC1273861,0.03025808660744,0,0
PC1273899,0.292524324069688,0,0
PC1273958,0.059358447369716,0,0
PC1273960,0.367966056960385,1,0
PC1274130,0.0014295370783656,0,0
PC1274243,0.209199926864482,0,0
PC1274289,0.413156014703783,1,0
PC1274450,0.0027706492600536,0,0
PC1274460,0.404177069664001,0,0
PC1274511,0.182721570650966,0,0
PC1274518,0.36926680803299,0,0
PC1274530,0.139928026741605,0,0
PC1274709,0.728455209341809,0,1
PC1274713,0.0456915793829407,0,0
PC1274931,0.227156335433101,1,0
PC1275045,0.163866303940123,0,0
PC1275048,0.0441436134278774,0,0
PC1275205,0.0452267955250933,0,0
PC1275238,0.0027000209759803,0,0
PC1275332,0.689106269665726,0,1
PC1275476,0.430296480597994,1,0
PC1275482,0.271982376392071,1,0
PC1275496,0.83394535115585,1,1
PC1275547,0.0891892950269407,0,0
PC1275553,0.0437151012799579,0,0
PC1275691,0.0825705782443335,0,0
PC1275803,0.019186706646629,0,0
PC1275873,0.246462776837055,0,0
PC1275989,0.336751224264204,0,0
PC1275997,0.0054359499873536,0,0
PC1276096,0.0413084365427494,0,0
PC1276184,0.0602819427514307,0,0
PC1276337,0.118881811827484,0,0
PC1276456,0.240719022313321,0,0
PC1276637,3.11299045279156e-05,0,0
PC1276686,0.0122672886446626,0,0
PC1276724,0.0536065261883803,0,0
PC1276745,0.311882049706008,0,0
PC1276834,0.0083981763419467,0,0
PC1276898,0.185100290786337,0,0
PC1276908,0.0006823184667155,0,0
PC1276947,0.156255742364983,0,0
PC1277005,0.250055838856641,0,0
PC1277163,0.0321969948709011,0,0
PC1277248,0.528783208968347,0,1
PC1277253,5.17374429974569e-05,0,0
PC1277259,0.0286991505400037,0,0
PC1277334,0.0034398881252855,0,0
PC1277556,0.0048978006888089,0,0
PC1277600,0.0005424980772659,0,0
PC1277980,0.0508251049560442,0,0
PC1277986,0.227344233886069,0,0
PC1278104,0.0044540305170422,0,0
PC1278145,0.0360736227425543,0,0
PC1278177,0.250682446579475,0,0
PC1278202,0.0558999644595356,0,0
PC1278208,0.100968688726425,0,0
PC1278291,0.0022650638317283,0,0
PC1278320,0.127491485574771,0,0
PC1278339,0.0003248481535912,0,0
PC1278349,0.226209566531428,1,0
PC1278415,0.034344426072367,0,0
PC1278531,0.116987721202993,0,0
PC1278547,0.0034601181670297,0,0
PC1278822,0.435911237190442,0,0
PC1278906,0.0123801978690336,0,0
PC1279038,0.0014910674141415,0,0
PC1279047,0.222754451411319,0,0
PC1279201,0.0456497587151545,0,0
PC1279396,0.0102689209043843,0,0
PC1279535,0.164591601347975,0,0
PC1279567,0.707133591175079,0,1
PC1279632,0.0225792769342661,0,0
PC1279645,0.501233524084092,1,1
PC1279658,0.0121859703062763,0,0
PC1279766,0.105463504593078,0,0
PC1279902,0.0620224736630917,0,0
PC1279926,0.376176832691719,0,0
PC1280082,0.29202850233596,0,0
PC1280261,0.0886086220294836,1,0
PC1280268,0.137782575500091,0,0
PC1280429,0.435639844602435,0,0
PC1280452,0.0141497272998095,0,0
PC1280534,0.293903573237584,0,0
PC1280563,0.3298239941806,0,0
PC1280639,0.466697891271139,0,0
PC1280641,0.0037189458962529,0,0
PC1280728,0.392720223771586,0,0
PC1280833,0.192304904584066,0,0
PC1280896,0.0369696288004728,0,0
PC1280931,0.315700861617567,0,0
PC1280981,0.0139843742819986,0,0
PC1281044,1.77698293555295e-05,0,0
PC1281133,2.43212422341676e-06,0,0
PC1281253,0.0021017466650821,0,0
PC1281260,0.13412474953767,0,0
PC1281366,0.720987221714916,1,1
PC1281400,0.0803541515811463,0,0
PC1281436,0.025437792763114,0,0
PC1281441,0.357182888104675,1,0
PC1281775,0.15052012845519,0,0
PC1281951,0.0130029332235165,0,0
PC1281954,0.0696584691426584,0,0
PC1282023,0.144919618964195,0,0
PC1282029,0.345152412753844,0,0
PC1282087,0.168172568082809,0,0
PC1282198,0.119023837149143,1,0
PC1282318,0.015403087690338,0,0
PC1282409,0.204201640484837,0,0
PC1282437,0.64114893232139,0,1
PC1282455,0.167712254621333,0,0
PC1282597,0.311699151992798,0,0
PC1282761,0.0375737645338113,0,0
PC1282825,0.0297392085194588,0,0
PC1282826,0.11101168624301,0,0
PC1283001,0.0022529150715473,0,0
PC1283171,0.317173998337239,0,0
PC1283337,0.376216001295475,1,0
PC1283478,0.0371978594546988,0,0
PC1283531,0.104678786797375,0,0
PC1283541,0.249781359355528,0,0
PC1283643,0.373987965000399,0,0
PC1283858,0.190410975902288,0,0
PC1283893,0.030017268752977,0,0
PC1284101,0.0329492166638374,0,0
PC1284189,0.0148803518362799,0,0
PC1284491,0.0007021041198556,0,0
PC1284556,0.05807020201429,0,0
PC1284563,0.0057850738037884,0,0
PC1284630,0.0204747798270545,0,0
PC1284772,0.0312064666995558,0,0
PC1284942,0.0056751410744778,0,0
PC1285112,0.534312076293505,0,1
PC1285151,0.0168533851345178,0,0
PC1285211,0.0901624876769968,0,0
PC1285350,0.0122580556198955,0,0
PC1285390,0.185727114543118,0,0
PC1285453,0.793296841184764,1,1
PC1285455,0.0220770670050313,0,0
PC1285562,0.0005014450289309,0,0
PC1285878,0.0296529976100574,0,0
PC1285880,0.0277482468155021,0,0
PC1285922,0.051229413760745,0,0
PC1285924,0.0608939351637161,0,0
PC1286286,0.284724620188963,0,0
PC1286385,0.0578427156701978,0,0
PC1286598,0.161929159607495,0,0
PC1286797,0.0486882460906933,0,0
PC1286891,0.001360121870251,0,0
PC1287020,0.0017894811404524,0,0
PC1287261,0.0012125022476539,0,0
PC1287434,0.0276837516576052,0,0
PC1287496,0.123580298609187,1,0
PC1287901,0.0331433269764984,0,0
PC1287942,0.252570413746488,0,0
PC1287946,0.0397713103265576,0,0
PC1287970,0.461359232664108,0,0
PC1288005,0.173896853196419,0,0
PC1288074,0.147656187192368,0,0
PC1288128,0.262772358213596,0,0
PC1288199,0.199913190721553,0,0
PC1288269,0.003576363902539,0,0
PC1288512,0.130397096640615,0,0
PC1288551,0.0178978221385801,0,0
PC1288638,0.0650212550846358,0,0
PC1288646,0.0406145399247621,0,0
PC1288770,0.0017627236666157,0,0
PC1288846,0.0090679097920656,0,0
PC1288981,0.0677447867812026,0,0
PC1289144,0.355389726516029,1,0
PC1289338,0.111894343203283,0,0
PC1289349,0.0857728314673478,0,0
PC1289367,0.0366863294722427,0,0
PC1289396,0.352814290519764,0,0
PC1289522,0.30689067814224,0,0
PC1289555,0.116033925262706,0,0
PC1289714,0.196595170413311,0,0
PC1289737,0.0516385345811575,0,0
PC1289989,0.813400076561149,1,1
PC1290126,0.0122503874192531,0,0
PC1290162,0.0203598853556091,0,0
PC1290341,0.286424068536883,0,0
PC1290383,0.264205116205491,0,0
PC1290591,0.177798971533775,0,0
PC1290624,0.0387511935284202,0,0
PC1290658,0.0001504543626936,0,0
PC1290664,0.006605915133448,0,0
PC1290841,0.866729876381123,1,1
PC1290966,0.142121493987829,1,0
PC1290995,0.0204483189882683,0,0
PC1291001,0.0418491093810441,0,0
PC1291030,0.174918614072945,0,0
PC1291583,0.121840903349036,0,0
PC1291669,0.326308320911461,0,0
PC1291679,0.0163511694102023,0,0
PC1291683,0.188057230069087,0,0
PC1291718,0.0009271077999007,0,0
PC1291846,0.0246998952463903,0,0
PC1292170,0.142244848523046,0,0
PC1292197,0.453002601861954,0,0
PC1292201,0.0636396806693573,0,0
PC1292212,0.45905045193849,1,0
PC1292391,0.153114772999363,0,0
PC1292395,0.0579498411429212,0,0
PC1292435,0.0672112525047121,0,0
PC1292540,0.117506545646109,0,0
PC1292616,0.0914003538007832,0,0
PC1292894,0.115363486106384,0,0
PC1293213,0.225544307958511,0,0
PC1293398,0.998978734016418,0,1
PC1293435,0.0007708218844518,0,0
PC1293447,4.16179245803505e-05,0,0
PC1293484,0.106272003464539,0,0
PC1293657,0.265925054156116,0,0
PC1293694,0.0154866722101967,0,0
PC1293747,0.618312721794864,0,1
PC1293754,0.184124448479003,0,0
PC1293867,0.563242316246033,0,1
PC1293969,0.182505824434971,0,0
PC1294128,0.0038967535365372,0,0
PC1294178,0.122834547091592,0,0
PC1294230,0.0374086512882846,0,0
PC1294257,0.285704595993643,0,0
PC1294347,0.4199651134422,0,0
PC1294476,0.151892066001892,0,0
PC1294547,0.0067025329917669,0,0
PC1294551,0.0001693484086389,1,0
PC1294613,0.0094888860521483,0,0
PC1294645,0.136215583468445,0,0
PC1294826,0.116541229787914,0,0
PC1295014,0.267326561207543,0,0
PC1295046,0.193921224714598,0,0
PC1295076,0.0869922469470759,1,0
PC1295090,0.145756400849697,0,0
PC1295176,0.691540782876794,1,1
PC1295197,0.24549797475338,0,0
PC1295248,0.0242787562310696,0,0
PC1295311,0.149715680784495,0,0
PC1295328,0.129509175124348,0,0
PC1295506,0.0017144993180409,0,0
PC1295608,0.0641184592524636,0,0
PC1295662,0.037979624815696,0,0
PC1295824,0.0330111358614895,0,0
PC1295883,0.282733245756695,1,0
PC1296074,0.262555586334396,1,0
PC1296079,0.0391910638707348,0,0
PC1296100,0.0072673731483519,0,0
PC1296154,0.0128716657836612,0,0
PC1296238,0.0063336072009084,0,0
PC1296314,0.0340567199885845,0,0
PC1296789,0.0696526287324725,0,0
PC1296808,0.239300205125546,0,0
PC1296853,0.67783424041014,0,1
PC1296877,0.0246390793472528,0,0
PC1296894,0.0224614474014628,0,0
PC1296917,0.0475973966680239,0,0
PC1296952,0.281569696134991,0,0
PC1296973,0.0009277093264396,0,0
PC1297295,0.0048430131144756,0,0
PC1297326,0.432990809602122,0,0
PC1297336,0.0207727178931236,0,0
PC1297366,0.0114851951695614,0,0
PC1297547,0.0518408119678497,0,0
PC1297591,0.0126989688724279,0,0
PC1297609,0.16281969845295,1,0
PC1297692,0.642649618391031,0,1
PC1297761,0.0315148622318885,0,0
PC1297772,0.425872448738154,1,0
PC1297814,0.387696659760966,0,0
PC1297924,0.0008733283488184,0,0
PC1297983,0.391722348613311,0,0
PC1298013,0.676195929988398,0,1
PC1298045,0.270633887099833,0,0
PC1298201,0.0086067343301713,0,0
PC1298412,0.31108679239171,0,0
PC1298529,0.0401610565281506,0,0
PC1298542,0.5195097193593,0,1
PC1298644,0.0368456874521936,1,0
PC1298696,0.511066794395447,0,1
PC1298770,0.0395677323241371,0,0
PC1298877,0.572278191353374,0,1
PC1299229,0.21431773811372,0,0
PC1299242,0.841055341555471,1,1
PC1299273,0.0344102565924193,0,0
PC1299293,0.070099863228104,0,0
PC1299297,0.28132551908493,0,0
PC1299368,0.0502819283151016,0,0
PC1299530,0.085270714583448,0,0
PC1299592,0.292657669999437,0,0
PC1299606,0.345143446655333,0,0
PC1299722,0.0298523735537036,0,0
PC1299970,0.0576593112043169,0,0
PC1300226,0.003071644809097,0,0
PC1300268,0.0042326389491978,0,0
PC1300578,0.110883669963536,0,0
PC1300692,0.974060257343097,1,1
PC1300710,0.0006620172986345,0,0
PC1300728,0.054880762147525,0,0
PC1300750,0.345225000236755,1,0
PC1300775,0.788317076060214,0,1
PC1300783,0.0099888287536538,0,0
PC1300892,0.0031076115556061,0,0
PC1300920,0.0161766129005272,0,0
PC1300987,0.478503957540295,1,0
PC1301194,0.269263411759225,0,0
PC1301275,0.0907014667425516,0,0
PC1301329,0.503011544930949,1,1
PC1301492,0.138332887381986,0,0
PC1301543,0.0013269917433945,0,0
PC1301713,0.348430214911055,0,0
PC1302026,0.404551429095371,0,0
PC1302075,0.339071271544109,0,0
PC1302090,0.254339456558228,0,0
PC1302207,0.0047983985640249,0,0
PC1302361,0.0365679820439428,0,0
PC1302493,0.0337692938593804,0,0
PC1302786,0.31849771073893,0,0
PC1302893,0.002128179714308,0,0
PC1303040,0.0587204582989216,0,0
PC1303085,9.87552762546765e-06,0,0
PC1303211,0.198452926064665,0,0
PC1303220,0.231381192803383,0,0
PC1303232,0.713093984670035,1,1
PC1303258,0.0167975612423609,0,0
PC1303296,0.130930873073124,0,0
PC1303386,0.0013035592719211,0,0
PC1303470,0.0114829996176482,0,0
PC1303588,0.0271241644867228,0,0
PC1303853,0.152012690421074,0,0
PC1303860,0.18717024769231,0,0
PC1303862,0.0008104552980512,0,0
PC1304110,0.0225274522419808,0,0
PC1304162,0.247891830234993,0,0
PC1304287,0.363794530070279,1,0
PC1304372,0.0001702245688271,0,0
PC1304559,0.035418890801076,0,0
PC1304580,0.107464114768872,0,0
PC1304593,0.0166607166865574,0,0
PC1304691,0.299226577948318,0,0
PC1304702,0.0245011820064966,0,0
PC1304703,0.0218808021037989,0,0
PC1304939,0.412395558294619,0,0
PC1304986,0.0194628767958195,0,0
PC1305039,0.0516871054804358,1,0
PC1305048,0.002352625885491,0,0
PC1305172,0.0794854854810878,0,0
PC1305174,0.564930260181427,0,1
PC1305250,0.0973820835351944,0,0
PC1305253,0.133063241839409,0,0
PC1305264,0.0079290801659226,0,0
PC1305365,0.0019999569881309,0,0
PC1305534,0.268609477537525,0,0
PC1305548,0.012543361634016,0,0
PC1305718,0.263171349010012,0,0
PC1305734,0.0388994022331356,0,0
PC1305751,0.0276872365522228,0,0
PC1305774,0.0875558638989267,0,0
PC1306110,0.0116938259452581,0,0
PC1306112,0.569568979369064,0,1
PC1306274,0.100040175020695,0,0
PC1306457,0.243113449782768,0,0
PC1306797,0.0461195849795128,0,0
PC1306829,0.0847082586859357,0,0
PC1306922,0.368005562546589,0,0
PC1306965,0.0718983474725522,0,0
PC1306979,0.005813596304506,0,0
PC1307047,0.116556806765831,0,0
PC1307074,0.349257522842596,0,0
PC1307196,0.0001009220795822,0,0
PC1307352,0.230859398841858,0,0
PC1307354,0.14411273598671,0,0
PC1307467,0.268174145505181,0,0
PC1307559,0.308411217085314,0,0
PC1307607,0.102087285802396,0,0
PC1307637,0.0480245089530944,0,0
PC1307661,0.0300483404724637,0,0
PC1307670,0.0319264830074443,0,0
PC1307695,0.102503648996053,0,0
PC1307702,0.303098031467676,1,0
PC1307737,0.0919294580817223,0,0
PC1307781,0.434710561897786,0,0
PC1307818,0.0807379980454072,0,0
PC1307839,0.0003390667261555,0,0
PC1307847,0.423901508087985,0,0
PC1307857,0.0006558235367047,0,0
PC1307904,0.178576871752739,0,0
PC1307911,0.0385655438135398,0,0
PC1307954,0.0014422874664887,0,0
PC1307967,0.0596617881325877,0,0
PC1308048,0.0695008355649604,0,0
PC1308168,0.0082738542041773,0,0
PC1308268,0.147961632111724,0,0
PC1308839,0.171717532528585,0,0
PC1308866,0.0761937319337512,0,0
PC1308904,0.0315939381944566,0,0
PC1308973,0.0963510486609669,0,0
PC1309029,0.0005125575698912,0,0
PC1309039,0.0383009916234438,0,0
PC1309063,0.0005754772401397,0,0
PC1309215,0.448034990352389,1,0
PC1309265,0.012946268805295,0,0
PC1309336,0.0204521492123604,0,0
PC1309589,0.0676523896503815,0,0
PC1309599,0.0100287245119223,0,0
PC1309616,0.229889440201288,0,0
PC1309685,0.0508066820253044,0,0
PC1309722,0.0020944857874435,0,0
PC1309900,0.0048929364308602,0,0
PC1309934,0.138945110819557,0,0
PC1310011,5.41009455901076e-07,0,0
PC1310226,0.766934485598044,0,1
PC1310240,0.01225501458851,0,0
PC1310392,0.0465658816037261,0,0
PC1310438,0.112988607180159,0,0
PC1310993,0.0986458027833386,0,0
PC1311087,0.0215268089085767,0,0
PC1311111,0.156034436430486,0,0
PC1311244,0.0926344595995128,1,0
PC1311254,0.292202442884445,0,0
PC1311280,0.281707629561424,0,0
PC1311414,0.0143583604768545,0,0
PC1311425,0.248944282531738,0,0
PC1311459,0.110157208445612,0,0
PC1311616,0.0123554980382323,0,0
PC1311620,0.0001274103625037,0,0
PC1311768,0.232721909880638,0,0
PC1311775,0.319449653944435,0,0
PC1311779,0.0158329961935365,0,0
PC1311800,0.0133691653609276,0,0
PC1312042,0.0780339119073245,0,0
PC1312099,0.379347337495296,0,0
PC1312134,0.129853459271391,0,0
PC1312147,0.117162836569079,0,0
PC1312150,0.147114159081314,0,0
PC1312291,0.0237923893835947,0,0
PC1312395,0.0155627372480123,0,0
PC1312505,0.124030098319054,0,0
PC1312567,0.443495350006467,1,0
PC1312615,0.17140658964452,0,0
PC1312626,0.0261462111719699,0,0
PC1312648,0.0025573014051539,0,0
PC1312812,0.002230998150422,0,0
PC1312834,0.0005405787378549,0,0
PC1312863,0.0131400996203356,0,0
PC1312953,0.0137279428917865,0,0
PC1312990,0.0128967062439905,0,0
PC1313138,0.444830036338638,1,0
PC1313139,0.0456449542352538,0,0
PC1313171,0.014800004082153,0,0
PC1313192,0.0086396490362021,0,0
PC1313363,0.305977821636556,0,0
PC1313423,0.0553588838832879,0,0
PC1313546,0.539510101280908,0,1
PC1313576,0.0087391292810245,0,0
PC1313694,0.065231346139409,0,0
PC1313795,0.0006467207567766,0,0
PC1313870,0.0591765902798995,0,0
PC1313980,0.000637537728449,0,0
PC1314018,0.150449754204348,0,0
PC1314064,0.0048161636114491,0,0
PC1314103,0.0062615727074444,0,0
PC1314502,0.0387032789255298,0,0
PC1314540,0.253810801626378,0,0
PC1314680,0.0340725044500483,0,0
PC1314802,0.050185240628595,0,0
PC1314845,0.0206579828809252,0,0
PC1314946,0.851278230028562,0,1
PC1315148,0.578534828455797,1,1
PC1315296,0.106058618546311,0,0
PC1315340,0.0061558907359135,0,0
PC1315394,0.0038117070216685,0,0
PC1315430,0.653776841266252,1,1
PC1315556,0.0023970028851181,0,0
PC1315584,0.0263146739453077,0,0
PC1315959,0.226004331568141,0,0
PC1316047,0.0156230406309857,0,0
PC1316124,0.0774795636534691,0,0
PC1316312,0.0644801770801835,0,0
PC1316371,0.0357840393886626,0,0
PC1316399,0.288572989044039,1,0
PC1316438,0.048799086083137,0,0
PC1316490,0.0257972718483066,0,0
PC1316603,0.0128359078050344,0,0
PC1316746,0.16842754020694,0,0
PC1316850,0.0061027292430113,0,0
PC1316946,0.0288761208062116,0,0
PC1317061,0.0340909983530545,0,0
PC1317157,0.769539856568887,1,1
PC1317305,0.0126143950575645,0,0
PC1317325,0.0007041719134682,0,0
PC1317498,0.0580398314380269,0,0
PC1317508,0.078374098604026,0,0
PC1317526,4.60006217506302e-05,0,0
PC1317587,0.132280974126444,0,0
PC1317599,0.166166111578724,0,0
PC1317675,0.0049220668151974,0,0
PC1317759,0.105296781287719,0,0
PC1317775,0.39487386448961,0,0
PC1317928,0.260752290487289,0,0
PC1317973,0.399049046196249,1,0
PC1317985,0.574411034584045,0,1
PC1318064,0.0498370307982696,0,0
PC1318080,0.393641261299444,0,0
PC1318095,0.0008040590910241,0,0
PC1318132,0.0557991191744804,0,0
PC1318252,0.127725079655647,0,0
PC1318272,0.434943120355056,0,0
PC1318275,0.0714903537974858,0,0
PC1318380,0.001742295434861,0,0
PC1318552,0.0055411919151907,0,0
PC1318650,0.18260518623716,0,0
PC1318760,0.0333843281742834,0,0
PC1318993,0.0016387906445665,0,0
PC1319008,0.0370921847624852,0,0
PC1319062,0.0019200750393793,0,0
PC1319096,0.365497939486419,0,0
PC1319139,0.38414990901947,0,0
PC1319184,0.0503178759706378,0,0
PC1319356,0.165118454359944,0,0
PC1319360,0.0296010617166758,0,0
PC1319446,0.0223412443903201,0,0
PC1319555,0.0091431627592471,0,0
PC1319653,0.040898386834876,0,0
PC1319716,0.326091109255927,0,0
PC1320062,0.0574870479322593,0,0
PC1320158,0.0061297783808362,0,0
PC1320168,0.376845480655382,1,0
PC1320207,0.240289803484321,1,0
PC1320244,0.0343710391820629,0,0
PC1320298,0.0370555445551872,0,0
PC1320474,0.194506211347442,0,0
PC1320577,0.202536819690401,0,0
PC1320689,0.0353859789096392,0,0
PC1320751,0.0489154522984284,0,0
PC1320861,0.289521042554603,0,0
PC1321107,0.0985831615143765,0,0
PC1321123,0.0230201421496035,0,0
PC1321150,0.246097806295187,1,0
PC1321460,0.999567687511444,1,1
PC1321766,0.0305939447134733,0,0
PC1321880,0.0297940876334906,0,0
PC1321885,0.0432333034058967,0,0
PC1321976,0.0004256106331013,0,0
PC1322031,0.0870850254971548,0,0
PC1322128,0.03068122436986,0,0
PC1322159,0.0051173387833152,0,0
PC1322245,0.016345130401305,0,0
PC1322279,0.0151245541740965,0,0
PC1322360,9.6591618785169e-05,0,0
PC1322606,0.0384715726462807,0,0
PC1322672,0.0205468591628662,0,0
PC1322761,0.0006797599013556,0,0
PC1322764,0.0236416682949133,0,0
PC1322807,0.0359228402376175,0,0
PC1323067,0.0769654371613908,0,0
PC1323311,0.899963507404575,1,1
PC1323366,0.149623049159934,0,0
PC1323665,0.119481925982085,0,0
PC1324058,0.0321318060159683,0,0
PC1324081,0.0472646501232707,0,0
PC1324204,0.141654432108458,0,0
PC1324220,0.395864497808266,0,0
PC1324257,0.399554402056823,1,0
PC1324415,0.306864985419507,0,0
PC1324517,0.0021982181601735,0,0
PC1324520,0.0108605900048719,0,0
PC1324768,0.006144908244374,0,0
PC1324819,0.0019778242357294,0,0
PC1324896,0.0010077680886703,0,0
PC1324907,0.11775092035532,0,0
PC1325007,0.0314204709736592,0,0
PC1325013,0.104829861936039,0,0
PC1325032,2.44024992687751e-05,0,0
PC1325216,0.837159335613251,0,1
PC1325364,0.0229610933161548,0,0
PC1325427,0.0215679276734591,0,0
PC1325536,0.0064906470948948,0,0
PC1325788,0.0227533068671162,0,0
PC1325966,0.028170121394006,0,0
PC1326037,3.68640903616324e-05,0,0
PC1326234,0.098950679567489,0,0
PC1326242,0.0071607236750423,0,0
PC1326368,0.0022349085104531,0,0
PC1326431,0.0518507917544671,0,0
PC1326435,0.426470611028057,0,0
PC1326495,0.0198149742712049,0,0
PC1326667,0.0015673765762658,0,0
PC1326783,0.0552335309469148,0,0
PC1326798,0.0120215105569793,0,0
PC1326962,0.177478933557012,0,0
PC1327114,0.0845833907001897,0,0
PC1327187,0.12774673229537,0,0
PC1327498,0.0845561946145392,0,0
PC1327598,0.0219252742826939,0,0
PC1327871,0.0870786598329244,0,0
PC1328050,0.0897340483798428,0,0
PC1328197,0.0704107657074928,0,0
PC1328272,0.0398740006801416,0,0
PC1328366,0.891209386937405,1,1
PC1328451,0.0058018146082758,0,0
PC1328493,0.0150979903376736,0,0
PC1328529,0.0096892658621072,0,0
PC1328637,0.158910155296326,0,0
PC1328640,0.252983415449307,0,0
PC1328687,0.0367150349374638,0,0
PC1328848,0.0049647358246147,0,0
PC1328858,0.021037959795583,0,0
PC1328860,0.331711668172507,0,0
PC1328944,0.175971906100001,0,0
PC1328955,0.043130974408124,0,0
PC1329078,0.0008052474590511,0,0
PC1329084,0.0755122015436168,0,0
PC1329194,0.0952178418692482,0,0
PC1329237,0.0480505585251652,0,0
PC1329247,0.0261403154581785,0,0
PC1329322,0.368972134948288,1,0
PC1329337,0.0764396787902685,1,0
PC1329386,9.08240981516428e-05,0,0
PC1329423,0.0853925583829937,0,0
PC1329432,0.0526496358215809,0,0
PC1329442,0.0049600647496574,0,0
PC1329454,0.122440639657472,0,0
PC1329606,0.0297100662282664,0,0
PC1329674,0.199790177044405,0,0
PC1329792,0.0198182689794193,0,0
PC1329998,0.716486621401152,1,1
PC1330077,0.033386105844074,0,0
PC1330144,0.62653134321262,1,1
PC1330148,0.0006088832295438,0,0
PC1330254,0.0821101928803408,0,0
PC1330306,0.113394486315199,0,0
PC1330392,0.0028429245834365,0,0
PC1330405,0.0088945338502526,0,0
PC1330420,0.0221754349768162,0,0
PC1330563,2.54094993579201e-05,0,0
PC1330607,0.172441267272527,0,0
PC1330624,0.0966149058298734,0,0
PC1330736,0.0217414206982969,0,0
PC1330740,0.0457423139499138,0,0
PC1330850,0.657614185502151,0,1
PC1330869,0.0047109414943481,0,0
PC1331014,0.144194329235352,0,0
PC1331044,0.559990141698739,0,1
PC1331468,0.0705186873674393,0,0
PC1331502,0.0611442870605873,0,0
PC1331570,0.0685845517730418,1,0
PC1331667,0.0408188120989842,0,0
PC1331787,0.0109515683725476,0,0
PC1331847,0.0175479066188663,0,0
PC1331850,0.130473614032356,0,0
PC1332027,0.0354771721876148,0,0
PC1332060,0.0071596461024811,0,0
PC1332071,0.0305220913141966,0,0
PC1332102,0.0010674683325572,0,0
PC1332127,0.0386944897766189,0,0
PC1332151,0.113610642751261,0,0
PC1332175,0.0044804830104112,0,0
PC1332201,0.176583112221177,0,0
PC1332296,0.0446204325236896,0,0
PC1332329,0.25622446946947,1,0
PC1332450,0.160340043118921,0,0
PC1332552,0.0574377042166195,0,0
PC1332582,0.536279917943596,0,1
PC1332610,0.533613300259453,1,1
PC1332612,0.371213780509101,1,0
PC1332775,0.303900263295458,0,0
PC1332852,0.209289461414072,0,0
PC1332993,0.323685130279395,0,0
PC1333003,0.0091199141019697,0,0
PC1333011,0.0072976458392093,0,0
PC1333032,0.46726796273666,0,0
PC1333160,0.0001891342835733,0,0
PC1333167,0.0926299417685521,0,0
PC1333171,0.124152877714152,0,0
PC1333223,0.136860817670822,0,0
PC1333303,0.231013150622722,0,0
PC1333309,0.0019424498876398,0,0
PC1333419,0.685237264081676,1,1
PC1333661,0.326957000510275,0,0
PC1333729,0.348541705605083,0,0
PC1333775,0.0847997481078181,0,0
PC1333777,0.0451696517793689,0,0
PC1334009,0.046545397490263,0,0
PC1334020,0.0175390011914398,0,0
PC1334169,0.14600595686905,1,0
PC1334183,0.222778920183845,0,0
PC1334314,0.0061893803067505,0,0
PC1334337,0.0465420653630874,0,0
PC1334499,0.667083024978638,0,1
PC1334596,0.0413555157114392,0,0
PC1334674,0.102843722597447,0,0
PC1334772,0.0055099419505781,0,0
PC1334947,0.327249880100406,0,0
PC1335097,0.0128199709900494,0,0
PC1335117,0.211653789298042,0,0
PC1335205,0.0577835366129875,0,0
PC1335262,0.013356603172066,0,0
PC1335326,0.0006380147593539,0,0
PC1335362,0.0016230979424232,0,0
PC1335417,0.030299673144986,1,0
PC1335438,0.0219661238480289,0,0
PC1335712,0.357476416631456,0,0
PC1335995,0.0122379540923024,0,0
PC1336046,0.146204346629345,0,0
PC1336134,0.301521652667817,0,0
PC1336508,0.0039117899723351,0,0
PC1336588,0.209168842921456,0,0
PC1336806,0.0041979035497596,0,0
PC1336885,0.172436371445656,0,0
PC1337185,0.0780138636964671,0,0
PC1337404,0.308954460781249,0,0
PC1337529,0.0548442791990325,0,0
PC1337604,0.0094033135101199,0,0
PC1337692,0.0173900455609373,0,0
PC1337787,2.79870319005361e-05,0,0
PC1338106,0.13946439423522,0,0
PC1338140,0.423946941897746,0,0
PC1338602,0.132253623929615,0,0
PC1338645,0.479701373278444,0,0
PC1338725,0.0932447111610234,0,0
PC1339069,0.382180189422096,0,0
PC1339224,0.0925674228760447,0,0
PC1339230,0.411270678617,0,0
PC1339252,0.111403875052929,0,0
PC1339440,0.111725851800001,0,0
PC1339563,0.710572277647328,0,1
PC1339601,0.0336606474836054,0,0
PC1339629,0.170603308998924,0,0
PC1339649,0.792438620999015,0,1
PC1339682,0.0323851451943707,0,0
PC1339780,0.0501240640878677,0,0
PC1339892,0.16532129562,0,0
PC1339925,0.0154572976323302,0,0
PC1340087,0.0200330682400191,0,0
PC1340112,3.68106314410161e-05,0,0
PC1340212,0.0966272279620171,0,0
PC1340215,0.0140599392867363,0,0
PC1340221,0.0613528352120135,0,0
PC1340317,0.0067108836956322,0,0
PC1340343,0.222256408865954,0,0
PC1340564,0.506099674979334,0,1
PC1340636,0.0652871539683702,0,0
PC1340767,0.0242312242440391,0,0
PC1341132,0.365219676964459,0,0
PC1341175,0.0163193327037829,0,0
PC1341195,0.0858208942186456,0,0
PC1341224,0.0112282448398091,0,0
PC1341350,0.0494056510643696,0,0
PC1341716,0.443477937072003,0,0
PC1341763,0.0003408743160773,0,0
PC1341840,0.23017927418447,0,0
PC1342076,0.111141166061002,0,0
PC1342231,0.0355408867993766,0,0
PC1342240,0.0092507867272236,0,0
PC1342432,0.0677939993238039,0,0
PC1342447,0.0409950860274637,0,0
PC1342477,0.0014168551424518,0,0
PC1342502,0.0919086167941223,0,0
PC1342593,0.0010780429001897,0,0
PC1342807,0.140073855566021,0,0
PC1342818,0.0211828146129847,0,0
PC1342924,0.080367811024189,0,0
PC1343217,0.0720985743724312,0,0
PC1343232,0.0418204373686853,0,0
PC1343432,0.502658889813352,0,1
PC1343546,0.0005556384836879,0,0
PC1343645,0.0066377055841517,0,0
PC1343696,0.404756075504553,0,0
PC1343776,0.0445263333483816,0,0
PC1343864,0.0565818773742011,0,0
PC1344056,0.244213086228169,0,0
PC1344359,0.159848214842655,0,0
PC1344481,0.123791806832995,0,0
PC1344512,0.0372084461384241,0,0
PC1344581,0.83924561842854,0,1
PC1344589,0.0263303505847964,0,0
PC1344642,0.0024497327032896,0,0
PC1344702,0.0539136752486229,0,0
PC1344788,0.063322938978672,0,0
PC1344967,0.191216539600606,1,0
PC1344992,0.0016665575039866,0,0
PC1345021,0.162656407643849,1,0
PC1345211,0.0001868485286235,0,0
PC1345275,0.726787272701619,0,1
PC1345471,0.0035366744268685,0,0
PC1345512,0.172987920772127,0,0
PC1345547,0.132156310260549,0,0
PC1345554,0.0012000860744452,0,0
PC1345573,0.0044813752174377,0,0
PC1345685,0.002138736192137,0,0
PC1345708,0.0951955659972266,1,0
PC1346070,0.128096634764237,0,0
PC1346094,0.199405571661547,0,0
PC1346193,0.110064857469726,0,0
PC1346247,0.039762694388628,0,0
PC1346352,0.0053911479189992,0,0
PC1346383,0.008510900346536,0,0
PC1346487,0.0073518557474017,0,0
PC1346504,0.054437123294128,0,0
PC1346525,0.246392080512293,1,0
PC1346529,0.178208142518997,0,0
PC1346571,0.0446026958791817,0,0
PC1346579,0.0428015689055125,0,0
PC1346627,0.0410922318696976,0,0
PC1346648,0.0402346734084194,0,0
PC1346769,0.380748966045609,0,0
PC1346900,0.100578075216919,0,0
PC1346965,0.0250063097841951,0,0
PC1347128,0.0045078977155493,0,0
PC1347139,0.11413566628058,0,0
PC1347295,0.0770651917769075,1,0
PC1347380,0.660816086615315,1,1
PC1347681,0.0666971772773081,0,0
PC1347697,0.757022463183367,0,1
PC1347793,0.480388253927231,0,0
PC1347910,0.485462418844401,1,0
PC1348159,0.416465671313987,1,0
PC1348221,0.025998407269854,0,0
PC1348240,0.122277311980724,0,0
PC1348311,0.799831319584076,1,1
PC1348463,0.0120009338489465,0,0
PC1348584,0.720341317945601,1,1
PC1348627,0.0164037287669438,0,0
PC1348838,0.05062278299733,0,0
PC1348876,0.0189897957325865,0,0
PC1348928,0.330253375312186,0,0
PC1348943,0.0023279960171922,0,0
PC1348967,0.0009520124294795,0,0
PC1349015,0.0001733645335626,0,0
PC1349150,0.0070096843054792,0,0
PC1349182,0.132952104063979,0,0
PC1349288,0.129645872705926,1,0
PC1349489,0.0099503101361772,0,0
PC1349718,0.0765154011462734,0,0
PC1349767,0.128140629486702,0,0
PC1349942,0.0130456256997644,0,0
PC1349966,0.447780771075555,0,0
PC1349978,0.101784187345503,0,0
PC1349997,0.303949070883745,1,0
PC1350039,0.290593123299512,0,0
PC1350086,0.0012754691997543,0,0
PC1350090,0.0024470760627877,0,0
PC1350122,0.0001085980219329,0,0
PC1350163,0.140000533656615,0,0
PC1350172,0.0490407768521547,0,0
PC1350196,0.21461437389217,1,0
PC1350218,0.114304665265564,0,0
PC1350587,0.0049883468803,0,0
PC1350667,0.500192533514251,1,1
PC1350738,0.0310675419991324,0,0
PC1350742,0.0018001929467704,0,0
PC1350870,0.0095829539166032,0,0
PC1350908,0.542088518456934,0,1
PC1351224,0.0022379173897206,0,0
PC1351245,0.0021522148954547,0,0
PC1351275,0.0721778635576508,0,0
PC1351326,0.0654020603715291,0,0
PC1351516,0.145021234383504,0,0
PC1351600,0.711478108709508,0,1
PC1351634,0.213487043976784,0,0
PC1351960,0.0009956818985889,0,0
PC1352107,0.017493381815352,0,0
PC1352131,0.0027869987640668,0,0
PC1352295,0.102328567693145,0,0
PC1352401,0.0008072641599431,0,0
PC1352452,0.0273251998799127,0,0
PC1352942,0.117165026815722,0,0
PC1352997,0.0473090868421443,0,0
PC1353188,0.0866066962480545,0,0
PC1353214,0.0071723435303297,0,0
PC1353300,0.102420657873154,0,0
PC1353316,0.230049813348731,0,0
PC1353341,0.0063455150879921,0,0
PC1353414,0.0044874530285596,0,0
PC1353532,0.679658355123805,0,1
PC1353581,0.0125740803778172,0,0
PC1353587,0.183519789540186,0,0
PC1353622,0.254127637756205,0,0
PC1353711,0.0383922013180453,0,0
PC1353986,0.0084826592355966,0,0
PC1353995,0.0096903119511047,0,0
PC1354168,0.011212064835586,0,0
PC1354200,0.0082137696444988,0,0
PC1354560,0.0480665325894184,0,0
PC1354593,0.0207620933651924,0,0
PC1354734,0.102701461130877,0,0
PC1354935,0.167836216527967,0,0
PC1354952,0.46646087706682,0,0
PC1355089,0.023745059967041,0,0
PC1355309,0.000976073289722,0,0
PC1355332,0.374622288989905,0,0
PC1355607,0.0169895886250818,0,0
PC1355725,0.0299449966064191,0,0
PC1355741,0.0195102079293444,0,0
PC1355745,0.028138224414294,0,0
PC1355878,0.0051835790124664,0,0
PC1355939,0.0478753644006855,0,0
PC1356306,0.140683483194422,0,0
PC1356394,0.12954293913889,0,0
PC1356399,0.239870317520634,1,0
PC1356515,0.40005059716203,0,0
PC1356616,0.0084781025675503,0,0
PC1356720,0.0192806026397596,0,0
PC1356822,0.149470890154054,0,0
PC1356834,0.381747877039578,0,0
PC1357398,0.0014681327855953,0,0
PC1357424,0.289364461030008,0,0
PC1357430,0.23409164335468,0,0
PC1357509,0.0016886388184502,0,0
PC1357607,0.0175166203186914,0,0
PC1357655,0.113917385080927,0,0
PC1357792,0.29402945032296,1,0
PC1357851,0.553580820560455,0,1
PC1358122,0.37770453032329,0,0
PC1358125,0.516070547597989,1,1
PC1358196,0.0532751588794064,0,0
PC1358289,0.0330300852656364,0,0
PC1358580,0.0035741635722278,0,0
PC1358627,0.158135626669768,0,0
PC1358907,0.0996010852452056,0,0
PC1359039,0.676165638380493,1,1
PC1359067,0.187142739607197,0,0
PC1359068,0.37746793217957,0,0
PC1359151,9.97692477540113e-05,0,0
PC1359152,0.0009766053871785,0,0
PC1359235,0.013567332467695,0,0
PC1359236,0.0950687365380652,0,0
PC1359300,0.226271658363705,0,0
PC1359404,0.0022987535752487,0,0
PC1359443,0.142150585179988,1,0
PC1359492,0.320617650405133,0,0
PC1359496,0.0014564135344699,0,0
PC1359911,0.613222320097291,0,1
PC1359933,0.0112563585862517,0,0
PC1360175,0.047568685761373,0,0
PC1360314,0.3539973511508,0,0
PC1360315,0.0504775697105179,0,0
PC1360490,0.0135287202353919,0,0
PC1360599,0.0091650401366061,0,0
PC1360606,0.0342808237046371,0,0
PC1360634,0.0061734070497739,0,0
PC1361037,0.0040843916998378,0,0
PC1361119,0.0921782851219177,0,0
PC1361143,0.0188464189352587,0,0
PC1361144,0.0003350031001754,1,0
PC1361186,0.0021688046810005,0,0
PC1361318,0.0942550609063481,0,0
PC1361483,0.205000150838911,1,0
PC1361869,0.0791832953691483,0,0
PC1362174,0.146469682649849,0,0
PC1362345,0.0066630806706788,0,0
PC1362431,0.117592235072473,0,0
PC1362523,0.121231038451651,0,0
PC1362555,0.0352079211484952,0,0
PC1362591,0.416616632323383,0,0
PC1362750,0.110074277882517,0,0
PC1362778,0.0688219697610559,0,0
PC1362880,0.334343925002754,0,0
PC1363008,0.0155224005216795,0,0
PC1363059,0.0022869238164275,0,0
PC1363286,0.0676727638227969,0,0
PC1363346,0.106629355167298,1,0
PC1363499,0.246329751134479,0,0
PC1363511,0.241942110883073,0,0
PC1363545,0.105207925075415,1,0
PC1363677,0.0894910524801731,0,0
PC1363810,0.0209015394031061,0,0
PC1363861,0.0011420164501191,0,0
PC1364028,0.0663030369565541,0,0
PC1364279,0.504528625328536,1,1
PC1364300,0.0203435159889608,0,0
PC1364531,1.84061081350815e-06,0,0
PC1364562,0.26509079803716,1,0
PC1364580,0.0143728522643533,0,0
PC1364623,0.0555596170917023,0,0
PC1364738,0.0292943798448461,0,0
PC1364816,0.0112881566048883,0,0
PC1364865,0.0956411931937423,0,0
PC1364874,0.246174347674649,0,0
PC1364962,0.167668723802772,0,0
PC1364971,0.0718551230958746,0,0
PC1365108,0.0001632939238334,0,0
PC1365114,0.41567947520866,0,0
PC1365178,0.0285480076198598,0,0
PC1365221,0.188864281543605,0,0
PC1365239,0.0368346348404884,0,0
PC1365284,0.0008292438045929,0,0
PC1365359,0.0433343616370336,0,0
PC1365416,0.016419317162912,0,0
PC1365446,0.0592345621980744,1,0
PC1365454,0.219351203328,0,0
PC1365508,0.0881509998192389,1,0
PC1365885,0.578218660839621,1,1
PC1365935,0.250928053477215,0,0
PC1366013,0.0031386525168111,0,0
PC1366213,0.125040215954455,0,0
PC1366232,0.0871536110018222,0,0
PC1366402,0.158049583435059,0,0
PC1366781,0.0200592875480652,0,0
PC1366900,0.144054173442878,0,0
PC1366991,0.295260220085932,0,0
PC1367006,0.487129371687885,1,0
PC1367149,0.0912798038777856,0,0
PC1367159,0.0620580579213284,0,0
PC1367218,0.060057472033673,0,0
PC1367234,0.475100725319735,0,0
PC1367315,0.931682185201861,0,1
PC1367400,0.644901105606283,1,1
PC1367527,0.233579173623792,0,0
PC1367545,0.123924426734447,0,0
PC1367595,0.0456962079802235,0,0
PC1367600,0.0762949510852408,0,0
PC1367684,0.340191652614106,1,0
PC1367738,0.247886076569557,0,0
PC1367879,0.0333451823532436,0,0
PC1367909,0.0329647348965712,0,0
PC1368063,0.0040857457029882,0,0
PC1368144,0.409812779750368,0,0
PC1368220,0.0050442321226,0,0
PC1368313,0.272671107419642,0,0
PC1368323,0.461455583572388,0,0
PC1368371,0.118880897760391,0,0
PC1368474,0.0418640025336509,0,0
PC1368635,0.687914900064285,0,1
PC1368780,0.0104063414549036,0,0
PC1368791,0.18177715698375,0,0
PC1368792,0.381906024785939,0,0
PC1368899,0.0036789326824503,0,0
PC1368915,0.0329630360711966,0,0
PC1368980,0.325567603111267,0,0
PC1368984,0.0294743554035821,0,0
PC1369134,0.0206648986786604,0,0
PC1369171,0.163838470731548,0,0
PC1369235,0.101211026310921,0,0
PC1369279,0.0038530048392569,0,0
PC1369397,0.883613312967764,0,1
PC1369602,0.0008737428579479,0,0
PC1369715,0.23201194443616,0,0
PC1369745,0.0193862225860357,0,0
PC1369774,0.109587675766414,0,0
PC1369796,0.141179300350315,0,0
PC1369980,0.16491723261377,0,0
PC1370159,0.457611386677607,0,0
PC1370236,0.0061344149178684,0,0
PC1370325,0.834588382067402,1,1
PC1370461,0.0172338443458465,0,0
PC1370472,0.0452882945537567,0,0
PC1370527,0.172071173787117,0,0
PC1370596,0.0025265894364565,0,0
PC1370876,0.0002568555976943,0,0
PC1370901,0.0548630096018314,0,0
PC1370964,0.242397051317627,0,0
PC1371034,0.0065513284895278,0,0
PC1371058,0.0308551825582981,0,0
PC1371109,0.10251540458295,0,0
PC1371374,0.0010123017709702,0,0
PC1371499,0.109895715401286,0,0
PC1371539,0.0527081447211406,0,0
PC1371581,0.592672975039949,0,1
PC1371604,0.224881228213891,0,0
PC1371652,0.0132766317355858,0,0
PC1371822,0.337432697026517,0,0
PC1371884,0.0084362014008331,0,0
PC1371898,0.0113342314645181,0,0
PC1372060,0.038342199326466,0,0
PC1372074,0.202321254130927,0,0
PC1372081,0.247090855137333,0,0
PC1372195,0.0116499676323518,0,0
PC1372227,0.459821329773912,0,0
PC1372298,0.0913375764329456,0,0
PC1372552,0.0412923436377861,0,0
PC1372613,0.0014222359750419,0,0
PC1372661,0.143887937068939,0,0
PC1373373,0.0099432064534028,0,0
PC1373374,0.156499737595252,0,0
PC1373694,0.567391872431326,1,1
PC1373828,0.207163446663455,0,0
PC1373913,0.341750285315054,0,0
PC1373957,0.0013378621623377,0,0
PC1374117,0.177346095894323,0,0
PC1374136,0.0106394583380237,0,0
PC1374218,0.0009592500378289,0,0
PC1374253,0.634056068511598,1,1
PC1374717,0.50305602877233,1,1
PC1374776,0.0108881642710113,0,0
PC1374912,0.384284118738098,0,0
PC1374934,0.487930405584181,0,0
PC1375079,0.0152924283693008,0,0
PC1375175,0.0177426417412552,0,0
PC1375316,0.0178085699800843,0,0
PC1375443,0.028299851222626,0,0
PC1375764,0.0020152895516812,0,0
PC1375780,0.111349677995724,0,0
PC1375828,0.0014960718108341,0,0
PC1376131,0.212635895881526,0,0
PC1376284,0.0015135072464469,0,0
PC1376517,0.135237505217229,0,0
PC1376575,0.111267643600869,0,0
PC1376599,0.467421671518913,1,0
PC1376669,0.0673430942605159,0,0
PC1376759,0.133161481407282,0,0
PC1376811,0.116602921876945,0,0
PC1376950,0.0485867932798782,0,0
PC1377056,0.352983164556599,0,0
PC1377543,0.0308218338356877,0,0
PC1377580,0.294923778350761,0,0
PC1377840,0.0918757038179939,0,0
PC1377966,0.120789451730348,0,0
PC1378526,0.163431941580775,0,0
PC1378528,0.217519638016675,0,0
PC1378603,0.0238488532806602,0,0
PC1378764,0.0156670529395342,0,0
PC1378782,0.508990393360079,0,1
PC1378902,0.0312285575356912,0,0
PC1378952,0.0309042893350124,0,0
PC1379030,0.0408708676695824,0,0
PC1379057,0.0257056970761841,0,0
PC1379132,0.0204183209675136,0,0
PC1379207,0.0061060564060296,0,0
PC1379289,0.0293606665621636,0,0
PC1379373,0.481684217535997,0,0
PC1379450,0.306047475970952,0,0
PC1379454,0.0310181586780493,0,0
PC1379515,0.0702221542596817,0,0
PC1379560,0.0181270397280621,0,0
PC1379620,0.0180348978793047,0,0
PC1379736,0.173166237841717,0,0
PC1379911,0.0903112446923094,1,0
PC1379914,0.105724653419183,0,0
PC1379992,0.0022105013927887,0,0
PC1380095,0.0012797713279724,0,0
PC1380101,0.361300686753279,0,0
PC1380175,0.0042611503872535,0,0
PC1380293,0.125052612645776,0,0
PC1380347,0.0642565872493922,0,0
PC1380362,0.0069576133973896,0,0
PC1380390,0.002055994933471,0,0
PC1380548,0.0256983131997834,0,0
PC1380774,0.0592619035769143,0,0
PC1380927,0.0808985612918215,0,0
PC1380991,0.0275867326659066,0,0
PC1381041,0.122390234086999,0,0
PC1381269,0.980640758828419,1,1
PC1381344,0.0060778574393947,0,0
PC1381360,0.0132261617109179,0,0
PC1381674,0.0001979410404082,1,0
PC1381810,0.572997197497684,0,1
PC1381828,0.0619864223148901,0,0
PC1381887,0.143317375332117,0,0
PC1382051,0.003148159405064,0,0
PC1382454,0.127975383088277,0,0
PC1382541,0.181510246158587,0,0
PC1382605,0.294802609130298,0,0
PC1382620,0.00048834818881,0,0
PC1383100,0.248118291754887,0,0
PC1383327,0.0576643411229206,0,0
PC1383419,0.0143482729859131,0,0
PC1383437,0.0696384456486737,0,0
PC1383614,0.289493917097273,0,0
PC1383652,0.293944414835718,0,0
PC1383785,0.0305365291486311,0,0
PC1383888,0.0395037742638836,0,0
PC1384131,0.0766960948443203,0,0
PC1384199,0.136318709518089,0,0
PC1384228,0.524560453177043,0,1
PC1384253,0.266781839229421,0,0
PC1384287,0.555013873515141,1,1
PC1384426,0.0862581636604606,0,0
PC1384457,0.0425738120053892,0,0
PC1384525,0.0182863555852738,0,0
PC1384618,0.0156058860884077,0,0
PC1384626,0.0010797275463119,0,0
PC1384825,0.21553105289585,0,0
PC1384835,0.0052260095253586,0,0
PC1384851,0.0175639651715755,0,0
PC1384993,0.0395476818084717,0,0
PC1384994,0.0873512275735977,0,0
PC1385021,0.0301647796823582,0,0
PC1385112,0.811393023963938,1,1
PC1385139,0.0551081895828247,0,0
PC1385549,0.12687106047007,0,0
PC1385616,0.319311930600253,0,0
PC1385766,0.0366436382060255,0,0
PC1385827,0.0098784239962697,0,0
PC1385829,0.0026835806449835,0,0
PC1385889,0.0172793287783861,0,0
PC1386031,0.0200389474630356,0,0
PC1386221,0.0400799548625946,0,0
PC1386223,0.205725908279419,0,0
PC1386295,0.0002320718922419,0,0
PC1386453,0.0083792108461961,0,0
PC1386520,0.0912483614415693,0,0
PC1386616,0.0088446754962205,0,0
PC1386619,0.171252524428907,0,0
PC1386704,0.0091978338014866,0,0
PC1386820,0.116542957723141,0,0
PC1386843,0.021121877926567,0,0
PC1387012,0.045868525916884,0,0
PC1387043,0.116580624906522,0,0
PC1387079,0.0822512659630474,0,0
PC1387164,0.0014985419074342,0,0
PC1387292,0.369559664344732,0,0
PC1387407,0.160984335217119,0,0
PC1387409,0.0708340654770533,0,0
PC1387564,0.056521039343326,0,0
PC1387580,0.0012136619582618,0,0
PC1387677,0.0601504129284247,0,0
PC1387755,0.035479836165905,0,0
PC1387860,0.0672827740332911,0,0
PC1387885,0.0298261185249778,0,0
PC1388106,0.152619317173958,0,0
PC1388504,0.146123568842235,0,0
PC1388912,0.320349350074839,1,0
PC1388932,0.0746056227345617,0,0
PC1388950,0.154630467853834,0,0
PC1389074,0.0095770194958245,0,0
PC1389176,0.026547282100313,0,0
PC1389210,0.222226408311329,0,0
PC1389258,0.0094316342817935,0,0
PC1389517,0.0043214471079409,0,0
PC1389923,0.0489623861250314,1,0
PC1390020,0.772517059006832,1,1
PC1390051,0.00019258216561,0,0
PC1390152,0.0324274394413325,0,0
PC1390197,0.254609742966711,1,0
PC1390258,0.0406750044466929,0,0
PC1390318,0.300276547670364,0,0
PC1390326,0.290414263198203,0,0
PC1390413,0.0637927556456892,0,0
PC1390614,0.320541414451396,1,0
PC1390648,0.0181088633835316,0,0
PC1390812,0.0661900140390806,0,0
PC1390935,0.0166508596329416,0,0
PC1390947,0.255390191486853,0,0
PC1391037,0.116917661715241,0,0
PC1391051,0.0433400195274888,0,0
PC1391228,0.0128538916266707,0,0
PC1391304,0.0573225322665658,0,0
PC1391401,0.335560359339977,0,0
PC1391561,0.0266641232796553,0,0
PC1391605,0.121804650692131,0,0
PC1391693,0.299404232770478,0,0
PC1391808,0.0390877984464169,0,0
PC1391812,0.0040506306104362,0,0
PC1391837,0.375067079354139,0,0
PC1391848,0.104351135005665,0,0
PC1392135,0.0384390858554997,0,0
PC1392140,4.46945341536775e-06,0,0
PC1392184,0.178790697807247,0,0
PC1392248,0.0041781397735547,0,0
PC1392313,0.0135969777084604,0,0
PC1392403,0.0308583118582065,0,0
PC1392530,0.0034357807104477,0,0
PC1392565,0.852000504848094,0,1
PC1392717,0.0035971350765252,0,0
PC1393198,0.758531319907537,0,1
PC1393283,0.466386675834656,0,0
PC1393312,0.657506866770771,1,1
PC1393380,0.0875843821614065,0,0
PC1393732,0.124159045517445,0,0
PC1393937,0.377103401554955,0,0
PC1393969,0.0364041361890867,0,0
PC1393976,0.33953501985955,0,0
PC1393998,0.0367267802357674,0,0
PC1394151,0.653175375191495,1,1
PC1394205,0.114377201889256,0,0
PC1394218,0.0040875079246512,0,0
PC1394245,0.0167463557128012,0,0
PC1394269,0.123238764633642,0,0
PC1394284,0.0143506890162826,0,0
PC1394354,0.0627955496311188,0,0
PC1394511,0.0013071668386947,0,0
PC1394607,0.0110242688943007,0,0
PC1394803,0.715209863414575,0,1
PC1395153,0.0379012552151819,0,0
PC1395194,0.0855280458927155,0,0
PC1395282,0.133975154381518,0,0
PC1395325,0.0065458305180072,0,0
PC1395469,0.0775867318509518,0,0
PC1395498,0.008153583319076,0,0
PC1395635,0.081031830438393,0,0
PC1395691,0.484964843411244,0,0
PC1395701,0.0687749982597937,0,0
PC1395722,0.0809765732797297,0,0
PC1395757,0.0249553366071161,0,0
PC1395767,0.0771353069607537,0,0
PC1395791,0.0092334638504728,0,0
PC1395920,0.475682679777103,0,0
PC1396248,0.0234097385471006,0,0
PC1396439,0.15365301213719,0,0
PC1396447,0.452575988031953,0,0
PC1396618,0.0061637574903095,0,0
PC1396681,0.0020664786050442,0,0
PC1396800,0.335490103606339,0,0
PC1396842,0.0376703824373499,0,0
PC1397003,0.293730513446618,0,0
PC1397085,0.0183988111810042,0,0
PC1397137,0.0010032536181602,0,0
PC1397208,0.183210294474247,0,0
PC1397338,0.0772022669303615,0,0
PC1397447,0.0208829175680876,0,0
PC1397634,0.0386450934421946,0,0
PC1397810,0.616609632968903,0,1
PC1398097,0.0001570765717278,0,0
PC1398294,0.712516336857608,0,1
PC1398424,0.273668705439958,0,0
PC1398429,0.012289910921422,0,0
PC1398530,0.0050170882415248,0,0
PC1398544,0.790659183374213,1,1
PC1398563,0.441706123433264,0,0
PC1398663,0.0151956580863471,0,0
PC1398833,0.422501808810054,0,0
PC1398842,0.15975782362289,0,0
PC1398938,0.168249025940895,0,0
PC1398978,0.996352076530457,0,1
PC1399021,0.0925472751259804,0,0
PC1399189,0.0241142176091671,0,0
PC1399252,0.0266713405249959,0,0
PC1399336,0.0119363497942686,0,0
PC1399469,4.75030901725404e-05,0,0
PC1399480,0.071025051176548,0,0
PC1399486,0.026702111785346,0,0
PC1399549,0.0192791585276461,0,0
PC1399623,0.0234809653857911,0,0
PC1399689,0.0392859512279445,0,0
PC1399695,0.0002605473564472,0,0
PC1399742,0.0600041687680211,0,0
PC1399745,0.0480627734586596,0,0
PC1399867,0.176082029566469,0,0
PC1399873,0.0271339531098681,0,0
PC1400040,0.352002084255219,0,0
PC1400059,0.328633927639027,0,0
PC1400064,0.276584635525109,0,0
PC1400187,0.754506528377533,0,1
PC1400309,0.0717074271138774,0,0
PC1400363,0.254920595392891,1,0
PC1400388,0.0009367869119456,0,0
PC1400617,0.0024131187237799,0,0
PC1400684,0.0106632257152414,0,0
PC1400693,0.0038796267472207,0,0
PC1400985,0.0641042020270076,0,0
PC1401062,0.127127184816029,0,0
PC1401067,0.389261757852612,0,0
PC1401224,0.0125107953367441,0,0
PC1401293,0.022178890868386,0,0
PC1401309,0.0295721214311144,0,0
PC1401403,0.409059077501297,0,0
PC1401592,0.003411398859625,0,0
PC1401650,0.027341843611837,0,0
PC1401679,0.0254015115934689,0,0
PC1401794,0.0416192511460586,0,0
PC1401795,0.165820362707352,0,0
PC1401957,0.657735645771027,1,1
PC1402052,0.0803932629806816,0,0
PC1402063,0.177041241009565,1,0
PC1402222,0.0008607555911188,0,0
PC1402248,0.0479267272523563,0,0
PC1402285,0.0406567826867104,0,0
PC1402320,0.0926141431785791,0,0
PC1402349,0.224816188216209,0,0
PC1402484,0.10790418552365,1,0
PC1402506,0.591381903312856,0,1
PC1402515,0.064876791750849,0,0
PC1402533,0.0456865493281264,1,0
PC1402596,0.644714590647443,1,1
PC1402692,0.0999041944742203,0,0
PC1402846,0.166216011504047,0,0
PC1402857,0.0168015507431931,0,0
PC1402869,0.458522545844187,0,0
PC1402943,0.109484132304599,0,0
PC1403146,0.200168152515456,0,0
PC1403277,0.0175791120637586,0,0
PC1403740,0.172597989439964,0,0
PC1403789,0.0107052444862643,1,0
PC1403827,0.0350036141705765,0,0
PC1403891,0.0604067343991945,0,0
PC1403936,0.186767301512842,0,0
PC1404006,0.100144322653144,0,0
PC1404017,0.002193545040564,0,0
PC1404039,0.389512621680401,0,0
PC1404181,0.0042838529989685,0,0
PC1404212,0.219896122813225,0,0
PC1404339,0.0053581175815776,0,0
PC1404354,0.0548915010032685,0,0
PC1404364,0.941467916938816,0,1
PC1404454,0.0506572662110347,0,0
PC1404574,0.0284388695467026,0,0
PC1404610,0.118056064560764,0,0
PC1404759,0.0020967253949493,0,0
PC1404899,0.0633597907539524,0,0
PC1405024,0.058261045975224,0,0
PC1405049,0.110983554984248,0,0
PC1405215,0.228491170654322,0,0
PC1405329,0.0007618672361857,0,0
PC1405369,0.0643678197567316,0,0
PC1405615,0.0008356996695511,0,0
PC1405688,0.647300178226703,0,1
PC1405760,0.0035303983801986,0,0
PC1405978,0.0045075992389649,0,0
PC1406013,0.240901020909745,0,0
PC1406161,0.0063303061760962,0,0
PC1406220,0.123619002257956,0,0
PC1406239,0.0948659716798446,0,0
PC1406270,0.879760748356985,1,1
PC1406319,0.755526276885486,0,1
PC1406347,0.0037125227972865,0,0
PC1406362,0.0150615498585495,0,0
PC1406500,0.796582801855184,1,1
PC1406625,0.148914839379139,0,0
PC1406691,0.0177499521523714,0,0
PC1406820,0.366617853933402,0,0
PC1406924,0.600833121166527,1,1
PC1407032,0.0894773729920926,0,0
PC1407218,0.37159269870457,1,0
PC1407287,0.0687174727359126,0,0
PC1407436,0.0062639191746711,0,0
PC1407520,0.10692043914044,0,0
PC1407760,0.0011939400147941,0,0
PC1407949,0.17491553019896,0,0
PC1408244,0.0183658240882126,0,0
PC1408279,0.295834632634552,0,0
PC1408291,0.0393909192030843,0,0
PC1408369,0.0649865430857307,0,0
PC1408399,0.0055983944908726,0,0
PC1408540,0.0591871151106154,0,0
PC1408803,0.161913603544235,0,0
PC1408887,0.0810509182274232,0,0
PC1408930,0.0007587979968276,0,0
PC1408981,0.066034923266195,0,0
PC1409235,0.0085407612411661,0,0
PC1409379,0.008478822688476,0,0
PC1409413,0.113204484117853,0,0
PC1409446,0.301463829036883,0,0
PC1409621,0.113999955356121,0,0
PC1409812,0.943378342309036,0,1
PC1410014,1.64110759715415e-05,0,0
PC1410137,0.509277170025186,0,1
PC1410532,0.0151749786285691,0,0
PC1410607,0.0488145443682053,0,0
PC1410892,0.0230841068934707,0,0
PC1410986,0.0133879686272849,0,0
PC1411052,0.386810199644259,0,0
PC1411450,0.398542106151581,0,0
PC1411472,0.0571589594555577,0,0
PC1411626,0.0756084091836718,0,0
PC1411662,0.290758399411446,0,0
PC1411797,0.0167700532597995,0,0
PC1411803,0.034032509227939,0,0
PC1411867,0.0759780005268429,0,0
PC1411876,0.0426603728742325,0,0
PC1411920,0.0063846875587056,0,0
PC1411970,0.532687962055206,0,1
PC1412253,0.0549540011583531,0,0
PC1412430,0.0205723945152558,0,0
PC1412443,0.0375881171583094,0,0
PC1412506,0.865405776753617,0,1
PC1412578,0.0077815307304263,0,0
PC1412581,0.22597267288533,0,0
PC1412630,0.175139366818184,0,0
PC1412905,0.0173536773954939,0,0
PC1412927,0.106905078733122,0,0
PC1413155,0.0304531107514701,0,0
PC1413178,0.0102963429493456,0,0
PC1413251,0.154352487375339,0,0
PC1413279,0.145433782247719,0,0
PC1413304,0.261913649173291,0,0
PC1413556,0.0501375489952432,0,0
PC1413561,0.0093254267306464,0,0
PC1413586,0.211004265540998,0,0
PC1413746,0.0729601086923412,0,0
PC1413801,0.200080052400377,0,0
PC1413860,0.0865653379688049,0,0
PC1413989,0.544113904632306,1,1
PC1414027,0.0529109230675037,0,0
PC1414043,0.0529560223221779,0,0
PC1414164,0.441627451207588,1,0
PC1414250,0.684694483410567,0,1
PC1414251,0.0014067868469283,0,0
PC1414320,0.169407690493789,0,0
PC1414426,0.706958370495262,1,1
PC1414551,0.0110892191576429,0,0
PC1414685,0.24499258798797,0,0
PC1414692,0.0017428232638332,0,0
PC1414698,0.0572293690121424,0,0
PC1414742,0.139039149728872,0,0
PC1414746,0.0023513817989994,0,0
PC1414783,0.0013826677342639,0,0
PC1414786,0.0569816920655275,0,0
PC1414814,0.125717770550158,0,0
PC1414928,0.0022434931620156,0,0
PC1414981,0.112918738065246,0,0
PC1415038,0.388867996741688,0,0
PC1415083,0.0211012937417063,0,0
PC1415158,0.109567790970769,0,0
PC1415161,0.0041239076766868,0,0
PC1415301,0.0424426150751306,0,0
PC1415476,0.0009674238591719,0,0
PC1415706,0.0445786136927204,0,0
PC1415959,0.0416029213447606,0,0
PC1415985,0.221176639175372,0,0
PC1416031,0.406526056913341,0,0
PC1416090,0.370356382718046,0,0
PC1416112,0.0581106209760755,0,0
PC1416402,0.137359864706367,0,0
PC1416420,0.0239414609968662,0,0
PC1416602,0.140765603647229,0,0
PC1416676,3.07664668071084e-05,0,0
PC1416752,0.0693451649582915,0,0
PC1417022,0.0193503262179146,0,0
PC1417245,0.0228784843823131,0,0
PC1417733,0.0356660904781404,0,0
PC1417761,0.100847014002896,0,0
PC1417845,0.173079967426657,0,0
PC1418203,0.112312491132617,0,0
PC1418287,0.0008498640435146,0,0
PC1418326,0.0075893895246713,0,0
PC1418507,0.0972204533609694,0,0
PC1418581,0.130710148141915,0,0
PC1418592,0.0135492551209889,0,0
PC1418636,0.0069763012971251,0,0
PC1418678,0.0117690470515251,0,0
PC1418892,0.0453837346984814,0,0
PC1419019,0.180759002045574,0,0
PC1419082,0.0110994779908369,0,0
PC1419149,0.0020031379450764,0,0
PC1419164,0.0172051466188848,0,0
PC1419263,0.158042614448468,0,0
PC1419378,0.0149030059804781,0,0
PC1419385,0.0167698991675693,0,0
PC1419413,0.0115858853797051,0,0
PC1419445,0.0007391388326878,0,0
PC1419700,0.0038871371556134,0,0
PC1419924,0.77298750397059,0,1
PC1420038,1.29303443827666e-05,0,0
PC1420122,0.0192005545764848,0,0
PC1420208,0.0164749238245126,0,0
PC1420257,0.0190509051158293,0,0
PC1420361,0.0847698063400195,0,0
PC1420462,0.351963376059218,0,0
PC1420715,0.320548331065566,0,0
PC1420818,0.399512101534603,1,0
PC1420835,0.0262808257059471,0,0
PC1420879,0.0342448049587609,0,0
PC1420926,0.112580190403469,0,0
PC1420930,0.0077534053421055,0,0
PC1420967,0.0536534748971462,0,0
PC1420970,0.405014239045471,1,0
PC1421053,0.234322264432334,0,0
PC1421142,0.201011177394451,0,0
PC1421261,0.0085760838877552,0,0
PC1421270,0.0368816723563151,0,0
PC1421347,0.26257443961928,0,0
PC1421563,0.0483921813724039,0,0
PC1421651,0.0060016667801494,0,0
PC1421743,0.0097902192617049,0,0
PC1421761,0.482689405541206,0,0
PC1421762,0.238331393703375,0,0
PC1421816,0.0473637780423471,0,0
PC1421882,0.926554087049259,1,1
PC1421974,0.0038711608536396,0,0
PC1422219,0.0353091633923567,0,0
PC1422368,0.0870676301703543,0,0
PC1422759,0.0992866939272633,0,0
PC1422871,0.0163908680969616,0,0
PC1422907,0.11974452452222,0,0
PC1423016,0.212541566380728,1,0
PC1423102,0.870452898732929,1,1
PC1423104,0.114667229097026,0,0
PC1423115,0.0015454444801434,0,0
PC1423118,0.349169536200698,0,0
PC1423466,0.0615681953617223,0,0
PC1423674,0.33432958113441,0,0
PC1423783,0.0086978255005591,0,0
PC1423818,0.0001021041301923,0,0
PC1423865,0.0797350414405373,0,0
PC1423981,0.00549249306715,0,0
PC1424045,0.0149545574155268,0,0
PC1424166,0.143509196111781,0,0
PC1424200,0.0437094746540406,0,0
PC1424201,0.0371094053231095,0,0
PC1424237,0.438161943816809,1,0
PC1424308,0.162159878095184,0,0
PC1424454,0.0861043259501457,0,0
PC1424492,0.104104135834843,0,0
PC1424703,0.427900813105615,1,0
PC1424755,0.0413491094411134,0,0
PC1424781,0.13774754575129,0,0
PC1424967,0.0237107054755401,0,0
PC1425087,0.197083188562394,0,0
PC1425089,0.0193961024775731,0,0
PC1425286,0.146533712744713,0,0
PC1425588,0.0004071278672199,0,0
PC1425898,0.069115629901527,1,0
PC1425942,0.891114986631691,0,1
PC1426006,0.0567721576278128,0,0
PC1426012,0.119845725340591,0,0
PC1426022,0.116596028929601,0,0
PC1426085,0.0798690345445629,0,0
PC1426141,0.0041369779496361,0,0
PC1426277,0.0475730958982299,0,0
PC1426291,0.0055073651919537,0,0
PC1426401,0.0208377561082412,0,0
PC1426557,0.0482570869792805,0,0
PC1426813,0.0062960914702376,0,0
PC1426829,0.0926295218002727,0,0
PC1426863,0.0018306744189153,0,0
PC1427156,0.132616081601641,0,0
PC1427260,0.152279373469832,0,0
PC1427295,0.01671413528721,0,0
PC1427438,0.0738047870530647,0,0
PC1427527,0.131370554989466,0,0
PC1427589,0.0002236636792076,0,0
PC1427630,0.0089675793424248,0,0
PC1427698,0.0070220373257908,0,0
PC1427823,0.0564487533909934,0,0
PC1427974,0.0133097617592859,0,0
PC1428023,6.07736207145028e-05,0,0
PC1428174,0.001830780800004,0,0
PC1428481,0.0095454495656126,0,0
PC1428625,0.0692477056606984,0,0
PC1428664,0.388522817594395,0,0
PC1428921,0.0055012097582221,0,0
PC1429114,0.625240203686094,0,1
PC1429185,0.0795949697494507,0,0
PC1429240,0.13409373742431,0,0
PC1429300,2.6594850863515e-05,0,0
PC1429486,0.0124487526023956,0,0
PC1429501,0.0095700118469391,0,0
PC1429642,0.340268217610002,0,0
PC1429797,0.0839709593521511,0,0
PC1429821,0.0222655794142858,0,0
PC1429884,0.0253960385669341,0,0
PC1430197,0.047523159214754,0,0
PC1430241,0.732049524784088,0,1
PC1430356,0.0094073849167241,0,0
PC1430377,0.591197465920792,0,1
PC1430494,0.216007672998583,1,0
PC1430525,0.0382469649495752,0,0
PC1430534,0.282592356204987,0,0
PC1430640,0.454860883068559,1,0
PC1430697,0.114915608371071,0,0
PC1430737,0.679805018653759,1,1
PC1430763,0.0081382868811488,0,0
PC1430839,0.0009514110861346,0,0
PC1430912,0.0421733743201865,0,0
PC1431047,0.0215738082402631,0,0
PC1431052,0.509662372291468,0,1
PC1431233,0.0794114653635331,0,0
PC1431270,0.0022781324383265,0,0
PC1431283,0.272694498953953,1,0
PC1431313,0.0335010176297891,0,0
PC1431412,0.234658434987068,0,0
PC1431531,1.62751252474891e-08,0,0
PC1431627,0.787835978156892,0,1
PC1431723,0.962623604578552,1,1
PC1431788,0.0397964775392728,0,0
PC1431930,0.125702899502514,0,0
PC1431955,0.373341070071838,0,0
PC1432005,0.730630437816573,1,1
PC1432235,0.475781144197144,1,0
PC1432236,0.0176931526252489,0,0
PC1432240,0.0363824472253746,0,0
PC1432756,0.0597115834136504,0,0
PC1432903,0.0783644664486452,0,0
PC1432969,0.0609338715840192,0,0
PC1433043,0.135055188206839,0,0
PC1433047,0.0316324686103851,0,0
PC1433138,3.9926224417286e-05,0,0
PC1433257,0.282717893427273,0,0
PC1433297,0.14152248284788,0,0
PC1433333,0.0164976439094425,0,0
PC1433446,0.0875038002777867,0,0
PC1433464,0.149425221714008,0,0
PC1433476,0.682232469729482,0,1
PC1433632,0.221721202135086,0,0
PC1433678,0.0493378354678824,0,0
PC1433760,0.00412501350243,0,0
PC1433766,0.0135940567202122,0,0
PC1434031,0.0008442230755463,0,0
PC1434223,0.175353588590285,0,0
PC1434390,0.0035307794929512,0,0
PC1434509,0.345047382818868,0,0
PC1434576,0.0119436553467323,0,0
PC1434577,0.018702264524416,0,0
PC1434626,0.047237883968912,0,0
PC1434631,0.0853086784482002,0,0
PC1434707,0.115657837626204,0,0
PC1434713,0.558546483516693,0,1
PC1434768,0.013102250205806,0,0
PC1434796,0.0056538213975727,0,0
PC1434808,0.11158344549071,0,0
PC1434997,0.0553881257496723,0,0
PC1435034,0.0175361760186109,0,0
PC1435160,2.95007794193225e-06,0,0
PC1435187,0.0405303634592985,0,0
PC1435244,0.341647206464919,0,0
PC1435481,0.010174511000514,0,0
PC1435506,0.916677633120168,1,1
PC1435539,0.0332864881813437,0,0
PC1435696,0.0045724169341114,0,0
PC1435741,0.727432908996679,1,1
PC1435752,0.377047653874544,0,0
PC1435754,0.690014711802299,1,1
PC1435928,0.548784770545242,1,1
PC1436103,0.0009664689949744,0,0
PC1436111,0.619103967528982,1,1
PC1436280,0.0165278610152208,0,0
PC1436332,0.167527429600768,0,0
PC1436356,0.0328129596681489,0,0
PC1436440,0.771759254511837,1,1
PC1436444,0.0404174839892395,0,0
PC1436478,0.532708276696446,1,1
PC1436612,0.0014202061296745,0,0
PC1436621,0.0192848109203234,0,0
PC1436695,0.494795888662338,0,0
PC1436733,0.0018804486125333,0,0
PC1436880,0.0173794908635888,0,0
PC1436967,0.0858074723703465,0,0
PC1436977,0.159625140199389,0,0
PC1437178,0.0792770744724707,0,0
PC1437189,0.000284474750515,0,0
PC1437410,0.727311049310665,0,1
PC1437421,0.251600707559937,0,0
PC1437553,0.109725420895717,0,0
PC1437581,0.106623963852781,0,0
PC1437607,0.0118296026961679,0,0
PC1437613,0.0356899448548602,0,0
PC1437777,0.268370389279766,0,0
PC1437820,0.432467801916984,0,0
PC1437878,0.0222053415827266,0,0
PC1437910,0.0380771823453834,0,0
PC1438022,0.200329262443457,0,0
PC1438199,0.192689277666561,0,0
PC1438207,0.584745117672928,0,1
PC1438292,0.130739586195487,0,0
PC1438315,0.202209071113682,1,0
PC1438403,5.5457294365624e-05,0,0
PC1438417,0.161356925964355,0,0
PC1438419,0.646486545310301,1,1
PC1439064,0.0269042430251215,0,0
PC1439101,0.0218284332309572,0,0
PC1439162,0.0268521427803098,0,0
PC1439211,0.0747342683374882,0,0
PC1439272,0.0688701059589995,0,0
PC1439286,0.795351103731922,1,1
PC1439328,0.0291738660816393,0,0
PC1439591,0.0327877554753692,0,0
PC1439704,0.0026007934793818,0,0
PC1439828,0.843292589873484,0,1
PC1439854,0.735310960106733,1,1
PC1439912,0.0254591613513779,0,0
PC1439946,0.0009348389576189,0,0
PC1440019,0.0212202537804842,0,0
PC1440081,0.0012206124808406,0,0
PC1440155,0.0331233407630295,0,0
PC1440198,0.058766449148669,0,0
PC1440326,0.0001670076565862,0,0
PC1440327,0.0652634277341699,0,0
PC1440347,0.388474106788635,0,0
PC1440684,0.027482321485877,0,0
PC1440790,0.0251621687066561,0,0
PC1441132,0.472409247195381,1,0
PC1441216,0.170029670915445,0,0
PC1441250,0.0092717766883256,0,0
PC1441451,0.0539463181191441,0,0
PC1441515,0.831594223325903,0,1
PC1441540,0.563842133706866,1,1
PC1441571,0.0017758574878617,0,0
PC1441644,0.0077547916776802,0,0
PC1441679,0.059149594943704,0,0
PC1441964,0.0003533282492019,0,0
PC1442010,0.544957220554352,0,1
PC1442103,0.050503011916486,0,0
PC1442282,0.0149094127628203,0,0
PC1442310,0.0010984009131789,0,0
PC1442422,0.295805109179965,0,0
PC1442592,0.0345974109310462,0,0
PC1442699,0.693952225336147,0,1
PC1442746,0.0881120808221199,0,0
PC1442793,0.332027452380814,0,0
PC1442821,0.235522984951498,0,0
PC1442844,0.0068391645015352,0,0
PC1443100,0.706236004829407,0,1
PC1443137,0.0723156658831035,0,0
PC1443271,0.0039233029876973,0,0
PC1443351,0.363447890764149,0,0
PC1443370,0.0419534128658417,0,0
PC1443428,0.0242711380108851,0,0
PC1443820,0.0737655388302763,0,0
PC1443868,0.234971255064011,0,0
PC1444154,0.0004231989199249,0,0
PC1444168,0.405449966808987,0,0
PC1444320,0.0403995866363403,0,0
PC1444372,0.0008515351217131,0,0
PC1444441,0.0466456661104141,0,0
PC1444450,0.128983804592499,0,0
PC1444490,0.0932790451514638,0,0
PC1444627,0.113605840169129,0,0
PC1444667,0.0241722682822232,0,0
PC1444768,0.0399469472467899,0,0
PC1444815,0.153292536735535,0,0
PC1444893,0.022969615923053,0,0
PC1444978,0.564460039138794,0,1
PC1445058,0.0218020918333463,0,0
PC1445060,0.0108547760654584,0,0
PC1445210,0.271547097253853,1,0
PC1445254,0.0476270576260506,0,0
PC1445278,0.191848206149286,0,0
PC1445316,0.0036160497235921,0,0
PC1445336,0.0266776946987749,0,0
PC1445517,0.330121099948883,0,0
PC1445543,0.590255146476945,1,1
PC1445865,0.229949022070437,0,0
PC1446181,0.0030883089639246,0,0
PC1446362,0.367947272471422,0,0
PC1446447,0.150507341115359,0,0
PC1446528,0.674138639907467,0,1
PC1446548,0.0245868579606069,0,0
PC1446650,0.0695072625376173,0,0
PC1446792,0.110639584112204,0,0
PC1446898,0.181734475710626,0,0
PC1446918,0.0129186110571027,0,0
PC1447068,0.314257765405193,0,0
PC1447153,0.0006839573489805,0,0
PC1447176,0.349545142969191,0,0
PC1447267,0.163535808163564,0,0
PC1447323,0.159879183150425,0,0
PC1447403,0.0529801982388306,0,0
PC1447543,0.65769761800766,0,1
PC1447572,0.0020153631921857,0,0
PC1447593,0.183977813274775,0,0
PC1447596,0.0316912829875946,0,0
PC1447674,0.0864700536594849,0,0
PC1448014,0.0202891186327098,0,0
PC1448045,0.039508719296351,0,0
PC1448112,0.110380370818588,0,0
PC1448173,0.785179844964171,1,1
PC1448181,0.0358728358763015,0,0
PC1448253,0.659983158111572,0,1
PC1448312,0.0963125228881836,0,0
PC1448314,0.101528574590292,0,0
PC1448360,0.180450265740816,0,0
PC1448448,0.254457533359528,0,0
PC1448468,0.0107342905408783,0,0
PC1448486,0.0145840496140604,0,0
PC1449040,0.0115563506260514,0,0
PC1449071,0.0002496720896907,0,0
PC1449079,0.257224768400192,1,0
PC1449163,0.480932924138355,0,0
PC1449225,0.234239837930595,0,0
PC1449248,0.0561806857585907,0,0
PC1449297,0.357576857603793,0,0
PC1449422,0.0403286665919534,0,0
PC1449620,0.0013171077370355,0,0
PC1449658,0.0054424953483133,0,0
PC1449710,0.17729593481176,0,0
PC1449750,0.0297305042429027,0,0
PC1449859,0.258536644493808,0,0
PC1449872,0.259747478388367,0,0
PC1449974,0.0972463268765658,0,0
PC1450138,0.129023626446724,0,0
PC1450208,0.0017327264476711,0,0
PC1450227,0.0574549710732544,0,0
PC1450403,0.0078536118162725,0,0
PC1450593,0.419691371971262,1,0
PC1450700,0.264459162750858,1,0
PC1451302,0.0111518613592889,0,0
PC1451324,0.108945087570211,0,0
PC1451361,0.186708829550736,0,0
PC1451384,8.92701265314396e-05,0,0
PC1451430,0.0010094476846705,0,0
PC1451481,0.0227435093322758,0,0
PC1451484,0.0320347167440865,0,0
PC1451577,0.0008241550446893,0,0
PC1451579,0.0122755253687501,0,0
PC1451748,0.0293334604231318,0,0
PC1451930,0.0187166885611761,0,0
PC1452178,0.141911119222641,0,0
PC1452190,0.0001093794117668,0,0
PC1452495,0.724013367027202,1,1
PC1452730,0.0934320074452954,0,0
PC1452924,0.0894801985533511,0,0
PC1453047,0.270972200555671,0,0
PC1453088,0.0216509822377724,0,0
PC1453126,0.0711100882567142,0,0
PC1453262,0.106837904751485,0,0
PC1453266,0.200623405058248,0,0
PC1453280,0.702958496360934,1,1
PC1453299,0.0001204742366098,0,0
PC1453311,0.519437367993402,0,1
PC1453801,0.393832886922492,0,0
PC1453888,0.169750588314935,0,0
PC1453916,0.0087741321932218,0,0
PC1453931,0.195032033807127,0,0
PC1453952,0.0494884142124644,0,0
PC1454038,0.457712576140083,0,0
PC1454146,0.0198373680786377,0,0
PC1454149,0.148203843368373,1,0
PC1454173,0.007486546075856,0,0
PC1454348,0.0026575517840683,0,0
PC1454482,0.14812283962809,0,0
PC1454510,0.0004687241887709,0,0
PC1454720,0.0031663776055841,0,0
PC1454758,0.332170603324315,0,0
PC1454922,0.101645325227361,0,0
PC1454924,0.130932033061981,0,0
PC1454984,0.0019161145919951,0,0
PC1455015,0.0006073930417187,0,0
PC1455165,0.235764786376089,0,0
PC1455654,0.0043781478889286,0,0
PC1455767,0.180694498093045,0,0
PC1455882,0.101251624524593,0,0
PC1455947,0.315718904981074,0,0
PC1456012,0.0633331431238444,0,0
PC1456040,0.100461840031356,0,0
PC1456167,0.0060148482158797,0,0
PC1456256,0.0090743287376428,0,0
PC1456502,0.426271305633976,0,0
PC1456845,0.317811409075006,1,0
PC1456926,0.206694732323363,0,0
PC1456930,0.0067025404423475,0,0
PC1457059,0.105489439486321,0,0
PC1457105,0.888964291578665,1,1
PC1457180,0.0094057816451139,0,0
PC1457570,0.104408346543937,0,0
PC1457603,0.186929389834404,0,0
PC1457793,0.536710738662823,1,1
PC1457969,0.0036433702334761,0,0
PC1458272,0.0645135685157438,0,0
PC1458317,0.0513742589930313,1,0
PC1458334,0.046656153170176,0,0
PC1458415,0.185991197824478,0,0
PC1458702,0.0110875475412212,0,0
PC1458721,0.0625707829254914,1,0
PC1459077,0.18914289967804,1,0
PC1459116,0.955475462988083,0,1
PC1459173,0.112101055681705,0,0
PC1459441,0.0537670995209945,0,0
PC1459464,0.220174358055143,0,0
PC1459482,0.0282657210831222,0,0
PC1459660,0.226189398668453,0,0
PC1459712,0.0174340307712555,0,0
PC1459780,0.0004797553840904,0,0
PC1459847,0.462347450209599,0,0
PC1460029,0.483950740126274,0,0
PC1460136,0.18796718120575,0,0
PC1460171,0.0288544407290302,0,0
PC1460398,0.038928027355563,0,0
PC1460438,0.0833093292748328,0,0
PC1460678,0.0981748130285046,0,0
PC1460760,0.946376211040622,1,1
PC1460846,0.0165918192121191,0,0
PC1460942,0.0002682829217519,0,0
PC1461202,0.0054260710577957,0,0
PC1461213,0.001700280001387,0,0
PC1461241,0.500045295222071,1,1
PC1461242,0.888562938081294,0,1
PC1461326,0.94320893494564,0,1
PC1461473,0.0418904267839105,0,0
PC1461539,2.10345389248935e-05,0,0
PC1461547,0.139707226408626,0,0
PC1461712,0.0567705994066985,0,0
PC1461869,0.0124657088561453,0,0
PC1461890,0.953176736831665,0,1
PC1461993,0.096715372269356,0,0
PC1462170,0.0186085142195225,0,0
PC1462282,0.525549862220687,0,1
PC1462311,0.119005061465314,0,0
PC1462421,0.0012067330535501,0,0
PC1462517,0.0256410048075533,0,0
PC1462930,0.364747933188423,0,0
PC1462952,0.0007061752257868,0,0
PC1463004,0.0045175106835461,0,0
PC1463086,0.240116441840948,0,0
PC1463178,0.0003444362373556,0,0
PC1463253,0.221963565201449,0,0
PC1463268,0.0033968329619552,0,0
PC1463274,0.221972859559591,1,0
PC1463335,0.0651383807509005,0,0
PC1463417,0.0634025982619563,0,0
PC1463535,0.312891878902045,0,0
PC1463592,0.0506138598489969,0,0
PC1463825,0.0114274285528098,0,0
PC1463894,0.301679774716094,0,0
PC1463958,0.0319388953367036,0,0
PC1464030,0.517464297050217,0,1
PC1464036,0.032997654295051,0,0
PC1464148,0.109537102282047,0,0
PC1464277,0.0622697787928403,0,0
PC1464305,0.0090435447881708,0,0
PC1464321,0.0130648706852697,0,0
PC1464584,0.202395405906897,0,0
PC1464755,0.0105951245234916,0,0
PC1464858,0.0011791175929829,0,0
PC1464935,0.0511878620654661,0,0
PC1464983,0.141638787959011,0,0
PC1465344,0.238359566907406,0,0
PC1465467,0.250257988624174,0,0
PC1465562,0.054000355143312,0,0
PC1465677,0.0005434571183213,0,0
PC1465722,3.63072336845788e-05,0,0
PC1465837,0.0097901476547122,0,0
PC1465967,0.0248347520828247,0,0
PC1466073,0.0195040150833569,0,0
PC1466302,0.0331109429529421,0,0
PC1466350,0.136945362176134,0,0
PC1466409,0.187505543231964,0,0
PC1466501,0.0059277839027345,0,0
PC1466503,0.395255006474244,1,0
PC1466592,0.0373304267550764,0,0
PC1466706,0.065434151613805,0,0
PC1466739,0.721490170090711,1,1
PC1466763,0.307569530178284,0,0
PC1466776,0.148644328117371,0,0
PC1466789,1.66401678143302e-05,0,0
PC1467017,0.449850292310844,0,0
PC1467134,0.0328563045176115,0,0
PC1467161,0.288045004730111,1,0
PC1467192,0.0081963259726762,0,0
PC1467237,0.0104067216276976,0,0
PC1467312,0.662687809661378,0,1
PC1467340,0.480930118165778,0,0
PC1467377,0.053663591958883,0,0
PC1467380,0.0809309404182564,0,0
PC1467421,0.0581958140177656,0,0
PC1467422,0.0423790418109814,0,0
PC1467467,0.966680204372551,1,1
PC1467520,0.0001840715015255,0,0
PC1467737,0.739374628387706,1,1
PC1467774,0.116304550469844,0,0
PC1467861,0.001564031234011,0,0
PC1467941,0.069621006819479,0,0
PC1468035,0.315204235367087,1,0
PC1468042,0.0028686982165811,0,0
PC1468197,0.0025137503380902,0,0
PC1468261,0.697363166506908,1,1
PC1468304,0.0085573578981472,0,0
PC1468375,0.0110058658425741,0,0
PC1468397,0.0200755218126676,0,0
PC1468450,0.534136368317958,1,1
PC1468499,0.0313674420865979,0,0
PC1468506,0.911956417812717,1,1
PC1468533,0.0844811965353678,0,0
PC1468631,1.15029623430018e-05,0,0
PC1468646,0.0275448026201574,0,0
PC1468725,0.059492595303483,1,0
PC1468767,0.0101386267581204,0,0
PC1468871,0.0083592026252442,0,0
PC1468972,0.0159142162971029,0,0
PC1468979,0.0323312112285054,0,0
PC1469000,0.383496327418064,0,0
PC1469053,0.0679237550721546,0,0
PC1469175,0.148476059633223,0,0
PC1469193,0.0051230438852202,0,0
PC1469236,0.0815694236755371,0,0
PC1469296,0.0083380072550444,0,0
PC1469310,0.0462301794979913,0,0
PC1469493,0.0023513801861554,0,0
PC1469518,0.218855160256996,1,0
PC1469719,0.171793573820341,0,0
PC1469826,0.138742464472118,1,0
PC1469871,0.652340301539433,0,1
PC1469886,0.537078559398651,0,1
PC1470348,0.0469620819203556,0,0
PC1470460,0.0147270442749359,0,0
PC1470680,0.659641218262833,0,1
PC1470688,0.0136176793254572,0,0
PC1470783,0.163178172514395,0,0
PC1470828,0.0004229802580084,0,0
PC1471179,0.0858479128514624,0,0
PC1471217,0.276626527309418,0,0
PC1471310,0.0126419802206558,0,0
PC1471354,0.077670350406297,0,0
PC1471391,0.57200525014121,0,1
PC1471393,0.174807847569073,0,0
PC1471427,0.0004314808757044,0,0
PC1471448,0.0238929106133808,0,0
PC1471449,0.0410146552583003,0,0
PC1471461,0.0546146693582438,0,0
PC1471501,0.215828080068935,0,0
PC1471578,0.319528386303007,0,0
PC1471604,0.0176898251563201,0,0
PC1471666,0.0478650530933643,0,0
PC1471918,0.0252993125468493,0,0
PC1471978,0.0340381788888148,0,0
PC1471980,0.0039456994272768,0,0
PC1472070,0.0634041945545361,0,0
PC1472290,0.0001670842029852,0,0
PC1472358,0.448974923484705,0,0
PC1472366,0.117771704688605,0,0
PC1472449,0.0080370871169913,0,0
PC1472500,0.0049412189982831,0,0
PC1472642,0.0713433921337128,0,0
PC1472730,0.233098343014717,0,0
PC1472767,0.0673918096293317,0,0
PC1472865,0.0105185890570283,0,0
PC1472884,0.0325727972640243,0,0
PC1472998,0.304123844481727,0,0
PC1473046,0.0310711684091735,0,0
PC1473076,0.0356346287796812,0,0
PC1473079,0.0064363892189043,0,0
PC1473095,0.722343994657857,0,1
PC1473191,0.14390466294246,0,0
PC1473237,0.0943363090694504,0,0
PC1473371,0.0247695867410754,0,0
PC1473374,0.0037649297045128,0,0
PC1473505,5.43226585286277e-05,0,0
PC1473545,0.017983827739954,0,0
PC1473650,0.0961121283649403,0,0
PC1473659,0.0051906329144032,0,0
PC1473677,0.0035549982802625,0,0
PC1473700,0.128340600111438,0,0
PC1473720,0.0133945500238856,0,0
PC1473955,0.141184337102695,0,0
PC1474090,0.531714675370522,1,1
PC1474099,0.873321658015942,0,1
PC1474129,0.02879482810644,0,0
PC1474318,0.89013464425029,0,1
PC1474355,0.0288934741690938,0,0
PC1474480,0.0721225449255853,0,0
PC1474690,0.149769240971839,0,0
PC1474692,0.0599229292876528,0,0
PC1474738,0.0225678575348289,0,0
PC1474901,0.0012167565107519,0,0
PC1475109,0.0335538977524265,0,0
PC1475199,0.00215087342076,0,0
PC1475287,0.432970947564122,0,0
PC1475355,0.0045928210020065,0,0
PC1475511,0.0159266505658478,0,0
PC1475546,0.0406159051952842,0,0
PC1475656,0.0914726160066181,0,0
PC1476102,0.0159092707040098,0,0
PC1476256,0.392649489706972,0,0
PC1476368,0.300494104623795,0,0
PC1476477,0.0369486721776595,0,0
PC1476665,0.0011382732576513,0,0
PC1476670,0.135076820850372,0,0
PC1476713,0.0496595429671969,0,0
PC1477036,0.11579703505271,0,0
PC1477092,0.0493564456701279,0,0
PC1477121,0.139047954666076,0,0
PC1477231,7.38458111300133e-05,0,0
PC1477426,0.174093962910487,0,0
PC1477504,0.0162433268070366,0,0
PC1477734,0.0040814415551722,0,0
PC1477782,0.094048023223877,0,0
PC1477873,0.0040465369417007,0,0
PC1477922,0.0189070600364507,0,0
PC1478005,0.000356777120118,0,0
PC1478115,0.608382997454931,0,1
PC1478346,0.0172955264425396,0,0
PC1478484,0.0205512745740244,0,0
PC1478559,0.322654764341042,1,0
PC1478600,0.326158340644195,0,0
PC1478652,0.069318562875724,0,0
PC1478700,0.210579544305801,0,0
PC1478755,0.0421060744530169,0,0
PC1478963,0.0543786310157192,0,0
PC1478966,0.0185122716687483,0,0
PC1479099,0.0025857225991785,0,0
PC1479216,0.025357740599822,0,0
PC1479225,0.835428210922404,0,1
PC1479293,0.005844951776317,0,0
PC1479329,0.0050055856496292,0,0
PC1479339,0.0016123882891454,0,0
PC1479364,3.20322542393114e-05,0,0
PC1479587,0.0643079831967516,0,0
PC1479697,0.103086358760902,0,0
PC1479753,0.521508930001007,0,1
PC1479778,0.0847696235901873,0,0
PC1479937,0.15132960940983,0,0
PC1480269,0.123110801189638,0,0
PC1480372,2.79745236184681e-05,0,0
PC1480425,0.0267955525931957,0,0
PC1480738,0.36352368507647,0,0
PC1480864,0.0624891388971853,0,0
PC1480870,0.106776948407472,0,0
PC1480927,0.0763897235123393,0,0
PC1480950,0.0048353076254311,0,0
PC1480996,0.0415859818458557,0,0
PC1481221,0.310846984386444,0,0
PC1481450,0.668788145258829,1,1
PC1481455,0.0217316783964634,0,0
PC1481536,0.122781592955833,0,0
PC1481668,0.0417667915825744,0,0
PC1481672,0.0195875353473506,0,0
PC1481673,0.284788527222355,0,0
PC1481996,0.0317880459866789,0,0
PC1482091,0.0448169233500244,0,0
PC1482250,0.0078059274721567,0,0
PC1482293,0.324081594568039,0,0
PC1482409,0.382703425417588,0,0
PC1482468,1.6096760231744e-06,0,0
PC1482475,0.0017811378929764,0,0
PC1482502,0.0061224865847699,0,0
PC1482565,0.0570379034081436,0,0
PC1482772,0.0046140868216753,0,0
PC1482789,0.0467838825256042,0,0
PC1482919,0.0074888523806709,0,0
PC1483005,0.0009306434238843,0,0
PC1483058,0.0136494114995003,0,0
PC1483125,0.0209757442710058,0,0
PC1483159,0.0789127206121842,0,0
PC1483174,0.0346281718216616,0,0
PC1483402,0.0087592741474509,0,0
PC1483473,0.316592515963118,0,0
PC1483639,0.491056246070678,1,0
PC1483695,0.108908370712215,0,0
PC1483723,0.223644419662455,0,0
PC1483819,0.0132501292973757,0,0
PC1483863,0.0026643874589353,0,0
PC1483931,0.0218117928329206,0,0
PC1484022,0.0609848351822686,0,0
PC1484166,0.131544668717891,0,0
PC1484201,0.0028223532717675,0,0
PC1484386,0.008703633520389,0,0
PC1484724,0.0068215365086542,0,0
PC1484819,0.017088726211256,0,0
PC1484837,0.0322888903319836,0,0
PC1484853,0.0571882430674479,0,0
PC1485001,0.0227423605851182,0,0
PC1485048,0.0066142011976214,0,0
PC1485159,0.0105372499487734,0,0
PC1485332,0.323278205073255,1,0
PC1485443,0.171612739039824,0,0
PC1485518,0.813428760775992,1,1
PC1485849,0.223020840345946,0,0
PC1485957,0.265676151016499,1,0
PC1486114,0.363659191934398,1,0
PC1486120,0.0069168969063203,0,0
PC1486159,0.401512241875641,0,0
PC1486228,0.0019147117333967,0,0
PC1486402,0.154738829170569,0,0
PC1486783,0.013755011506611,0,0
PC1486785,0.0402923707797602,0,0
PC1486892,0.0387626725723713,0,0
PC1487161,0.723721763866744,1,1
PC1487285,0.919170530772705,1,1
PC1487297,0.0504018199472382,0,0
PC1487310,0.0042430516906244,0,0
PC1487486,0.243893560331738,0,0
PC1487635,0.321092565629355,1,0
PC1487653,0.335094426007899,0,0
PC1487999,0.0390556521371729,0,0
PC1488155,0.032877974766327,0,0
PC1488428,0.0808108714419288,0,0
PC1488501,0.318173255146587,0,0
PC1488769,0.0292441702978866,0,0
PC1488936,0.11045372442628,0,0
PC1488962,4.02648438466713e-05,0,0
PC1488975,0.0076048960909247,0,0
PC1489037,0.0017229541022654,0,0
PC1489213,0.0145225986466026,0,0
PC1489232,0.0431083604705693,0,0
PC1489339,0.100635722045628,0,0
PC1489405,0.113094511266203,0,0
PC1489523,0.148181542754173,0,0
PC1489558,0.0129367610951828,0,0
PC1489911,0.0207075271755457,0,0
PC1490023,0.0655045977947869,0,0
PC1490156,0.747603290863619,0,1
PC1490272,0.0397032666581356,0,0
PC1490299,0.0181667773164673,0,0
PC1490329,0.417801364381712,1,0
PC1490483,0.638455042067696,1,1
PC1490628,0.0814609204770517,0,0
PC1490697,0.0119605673507565,0,0
PC1490717,0.727588452995926,0,1
PC1490782,0.0409527574858105,0,0
PC1490817,0.0798835908745217,0,0
PC1490863,0.178985157197865,0,0
PC1490886,0.228507004079726,0,0
PC1491051,0.0130630573257804,0,0
PC1491124,0.100844191362534,0,0
PC1491294,0.403452153719974,0,0
PC1491580,0.0298654257759943,0,0
PC1491622,0.998846054077148,0,1
PC1491633,0.307857167429789,0,0
PC1491701,0.0103792958772277,0,0
PC1491731,0.93109529238498,1,1
PC1491785,0.0001153045668615,0,0
PC1491858,0.0005876880604773,0,0
PC1491903,0.604079183175045,0,1
PC1491963,0.421153964575324,0,0
PC1491976,0.0159744710972678,0,0
PC1492107,0.0041699804222354,0,0
PC1492129,0.0483411066234112,0,0
PC1492240,0.0015091879758983,0,0
PC1492265,0.0174530929277751,0,0
PC1492458,0.0075009155124989,0,0
PC1492483,0.162794966372995,0,0
PC1492492,0.0496419265133435,0,0
PC1492648,0.0455910252959604,0,0
PC1492661,0.0992728445212605,0,0
PC1492666,0.0827297968443318,0,0
PC1492800,0.23386434246512,0,0
PC1492814,0.000230271165492,0,0
PC1492847,0.205954265713903,0,0
PC1493006,0.256740675323078,0,0
PC1493021,0.109250566679515,0,0
PC1493080,0.52165235901085,0,1
PC1493091,0.257658534559303,0,0
PC1493134,0.579391529310995,1,1
PC1493139,0.0669639270016474,0,0
PC1493317,0.406298151752293,1,0
PC1493353,0.631200502858875,1,1
PC1493376,0.0262663280289136,0,0
PC1493470,0.14289438113582,0,0
PC1493476,0.338010966777802,0,0
PC1493501,0.0171976289742123,0,0
PC1493535,0.174972297442745,0,0
PC1493589,0.0003504569404274,0,0
PC1493606,0.353928098782239,0,0
PC1493673,0.483819145669125,0,0
PC1493892,0.0715236609384894,0,0
PC1493944,0.0039151584180811,0,0
PC1494020,0.0197222959250212,0,0
PC1494106,0.197702508332189,0,0
PC1494107,0.0386301055550575,0,0
PC1494302,0.100686037194227,0,0
PC1494605,0.02996609459075,0,0
PC1494713,0.145385839041525,0,0
PC1494751,0.0574691190435517,0,0
PC1494837,0.0981226639629257,0,0
PC1494892,0.0717506024609698,0,0
PC1494954,0.127556639080184,0,0
PC1495003,0.0208010028436927,0,0
PC1495099,0.0999982040795618,0,0
PC1495238,0.0037234555929899,0,0
PC1495296,0.0530883539345185,0,0
PC1495414,0.0432778428144754,0,0
PC1495504,0.0117718608097973,0,0
PC1495558,0.0411385973273166,0,0
PC1495928,0.602358460426331,0,1
PC1495935,0.0163895058733872,0,0
PC1495998,0.0102377683677674,0,0
PC1496096,0.660057902336121,0,1
PC1496358,0.168703797422267,0,0
PC1496622,0.767041356751059,0,1
PC1496633,0.602118811602547,1,1
PC1496772,0.244041971364486,0,0
PC1496855,0.0771691204906702,0,0
PC1497018,0.118503616477376,0,0
PC1497203,0.187147360456465,0,0
PC1497250,0.089371420443058,0,0
PC1497373,0.147978401115522,0,0
PC1497415,0.0002640187220172,0,0
PC1497478,0.0068943070448176,0,0
PC1497497,0.040610314396584,0,0
PC1497504,0.468557333834276,0,0
PC1497527,0.643486408342049,0,1
PC1497547,0.174715032707212,1,0
PC1497594,0.141488293203153,1,0
PC1497691,0.0111577391647189,0,0
PC1497694,0.0987306784134901,0,0
PC1497723,0.0938686483971888,0,0
PC1497811,0.384213766275147,0,0
PC1497824,0.0203174624667745,0,0
PC1497873,0.012841971591115,0,0
PC1498023,0.0009439626010134,0,0
PC1498078,0.105567881480811,0,0
PC1498182,0.0179799864834352,1,0
PC1498266,0.0027402499690651,0,0
PC1498276,0.0097009632736444,0,0
PC1498419,0.066204380892549,0,0
PC1498423,0.002663157387412,0,0
PC1498554,0.0416825913409103,0,0
PC1498754,0.0762878748272332,0,0
PC1498822,0.0143155561269311,0,0
PC1498991,8.12823827800457e-07,0,0
PC1499204,0.004594036735739,0,0
PC1499223,0.0448456635536182,0,0
PC1499230,0.0358105012800056,0,0
PC1499252,0.105281318016544,0,0
PC1499269,0.0632414863302364,0,0
PC1499332,0.16668593732156,0,0
PC1499369,0.842966782141335,1,1
PC1499387,7.44709177524783e-05,0,0
PC1499412,0.0073833491641759,0,0
PC1499420,0.808140575885773,0,1
PC1499594,0.631814658641815,0,1
PC1499612,0.078305480163856,0,0
PC1499861,0.17867472080084,0,0
PC1499901,0.020374370854989,0,0
PC1499981,0.498982214082719,0,0
PC1500150,0.881767626554688,0,1
PC1500173,0.0830273851752281,0,0
PC1500214,0.691078623122805,1,1
PC1500270,0.882242232310672,1,1
PC1500312,0.049994643975858,0,0
PC1500441,0.650635172540441,1,1
PC1500693,0.0049344625856511,0,0
PC1500756,0.0087548626424134,0,0
PC1500928,0.214432336910918,0,0
PC1502356,0.134869590690251,0,0
PC1502492,0.0121912421392543,0,0
PC1502523,0.311445260480763,0,0
PC1502561,0.0025138665219198,0,0
PC1502724,0.0093769934028387,0,0
PC1502810,0.0004800534516107,0,0
PC1503012,0.655782066532951,1,1
PC1503013,0.0637406664854725,0,0
PC1503179,0.166117406813645,0,0
PC1503200,0.0006196033225268,0,0
PC1503337,0.0165365870169586,0,0
PC1503415,0.0893748665935008,0,0
PC1503462,0.128756630330764,0,0
PC1503710,0.0928971582777298,0,0
PC1503713,0.155754853198654,0,0
PC1503933,0.143009255589653,1,0
PC1504132,0.389500200748444,0,0
PC1504138,0.0539694032474355,0,0
PC1504141,0.0279903840273619,0,0
PC1504285,0.0104717944247816,0,0
PC1504297,0.0756539351513121,0,0
PC1504382,0.250859429393958,0,0
PC1504486,0.452072696398959,0,0
PC1504506,0.618008836752679,1,1
PC1504729,0.0895072626321891,0,0
PC1504863,0.299574388004731,1,0
PC1504933,0.0477101057767868,0,0
PC1504984,0.426020702180779,0,0
PC1505038,0.319350998946344,0,0
PC1505226,0.0160118615163899,0,0
PC1505290,0.0681180121891997,0,0
PC1505304,0.229329428068989,0,0
PC1505332,0.086332717654638,0,0
PC1505339,0.210208483016829,0,0
PC1505570,0.0009439823824777,0,0
PC1505620,0.0117901753378557,0,0
PC1505910,0.0140729323029518,0,0
PC1505927,0.0357726190624565,0,0
PC1506050,0.27524814027301,1,0
PC1506165,0.0012047578347846,0,0
PC1506256,0.0377944275406339,0,0
PC1506388,0.0354279403993627,0,0
PC1506454,0.0066998875699937,0,0
PC1506604,0.0387599466489519,0,0
PC1506634,0.0066315416310636,0,0
PC1506834,0.560084359873511,1,1
PC1506912,0.0086899035147155,0,0
PC1507342,0.130593165755272,0,0
PC1507387,0.0037701054855764,0,0
PC1507445,0.0238766299110454,0,0
PC1507557,0.0579310816326718,0,0
PC1507567,0.295069525924369,0,0
PC1507981,0.682144463062286,0,1
PC1508113,0.0502776445897475,0,0
PC1508191,0.244305643414663,0,0
PC1508340,0.145698810718003,0,0
PC1508432,0.270837439592209,0,0
PC1508516,0.716860346729862,1,1
PC1508753,0.0020089275203645,0,0
PC1508828,0.404169447701141,1,0
PC1508918,0.195361971855164,0,0
PC1509030,0.0838193573752875,0,0
PC1509136,0.03398348459185,0,0
PC1509142,0.15285713715448,0,0
PC1509221,0.0180945732420064,0,0
PC1509299,0.293185447019991,0,0
PC1509390,0.0264759526673208,0,0
PC1509396,0.0585564390359574,0,0
PC1509581,0.110749938445874,0,0
PC1509626,0.224431412874675,0,0
PC1509710,0.176186277235703,0,0
PC1509789,0.0282510473201328,0,0
PC1509849,0.113538369901114,1,0
PC1510003,0.0535672840195648,0,0
PC1510105,0.0458290587680844,0,0
PC1510162,0.0168069798322637,0,0
PC1510384,0.0031465988835695,0,0
PC1510667,0.520370308596354,1,1
PC1510718,0.518829205113908,0,1
PC1510738,0.0135580413043499,0,0
PC1510750,0.329865240558476,0,0
PC1510776,0.0148325233724446,0,0
PC1511005,0.0309332812024232,0,0
PC1511068,0.0519397296425546,0,0
PC1511136,0.139980837702751,0,0
PC1511365,0.106845022195336,1,0
PC1511442,0.0069568488018496,0,0
PC1511634,0.0121827189602869,0,0
PC1511725,0.000987127656117,0,0
PC1511750,0.686549614030848,0,1
PC1511850,0.0023483390502521,0,0
PC1512039,0.0444887632491224,0,0
PC1512176,0.0014614429367706,0,0
PC1512286,0.13653528385551,0,0
PC1512307,0.101094267418232,0,0
PC1512338,0.87660203795684,1,1
PC1512534,0.355188557152513,0,0
PC1512668,0.0033243668487074,0,0
PC1512974,0.0008249161182902,0,0
PC1513065,0.0040674363262951,0,0
PC1513276,0.0294537963056415,0,0
PC1513312,0.0009588927525351,0,0
PC1513331,0.126897275213243,0,0
PC1513405,0.0008343532681465,0,0
PC1513445,0.0017683052702538,0,0
PC1513490,0.011511298827827,0,0
PC1513551,0.00525718609982,0,0
PC1513552,0.140355562652896,0,0
PC1513630,0.035684585817997,0,0
PC1513637,0.0249752638757005,0,0
PC1513793,9.95078160743449e-05,0,0
PC1513849,0.0317816359011304,0,0
PC1514061,0.350802354504236,0,0
PC1514071,0.0240680169985455,0,0
PC1514081,0.0171761924028396,0,0
PC1514144,0.129183722184953,1,0
PC1514223,0.0493257715176704,0,0
PC1514266,0.0403329516150828,0,0
PC1514379,0.153921149343065,0,0
PC1514652,0.314696935005486,0,0
PC1514776,0.0540755258775502,0,0
PC1514814,0.0002541720750741,0,0
PC1514907,0.0952367803776916,0,0
PC1514910,0.0118584257209101,0,0
PC1514911,0.119844764471054,0,0
PC1514920,0.0313635085392893,0,0
PC1515192,0.147786769727899,1,0
PC1515344,0.0034040193422697,0,0
PC1515383,0.0987684407822911,0,0
PC1515387,0.188812931754601,0,0
PC1515520,0.0081054001869954,0,0
PC1515586,0.0093961767852306,0,0
PC1515634,0.004022477261495,0,0
PC1516411,0.104662394492749,0,0
PC1516492,0.0261213353875539,0,0
PC1516609,0.0186139980659765,0,0
PC1516684,0.212894119549746,0,0
PC1516735,0.0327889335208705,0,0
PC1516845,0.467779877250789,0,0
PC1516916,0.013579185518168,0,0
PC1516959,0.010994763198224,0,0
PC1517176,0.301535331926147,0,0
PC1517393,0.0258608926087618,0,0
PC1517432,0.026213014498353,0,0
PC1517450,0.230150533628943,0,0
PC1517451,0.308307048685404,0,0
PC1517489,0.0247270688414574,0,0
PC1517640,0.0094660734757781,0,0
PC1517662,0.0269916076213121,0,0
PC1517717,0.017671815158083,0,0
PC1517995,0.957855820655823,0,1
PC1518266,0.0875381867883879,0,0
PC1518318,0.896626924263468,1,1
PC1518340,0.162303372648836,0,0
PC1518349,0.0202639747291436,0,0
PC1518554,0.0753432116989406,0,0
PC1518700,0.0616180181506046,0,0
PC1518992,0.223640121950648,0,0
PC1519011,0.269282785237789,0,0
PC1519093,0.0941116716178834,0,0
PC1519320,0.108554640256712,0,0
PC1519440,0.0009487273568725,0,0
PC1519531,2.64478694589343e-06,0,0
PC1519556,0.120960083280341,0,0
PC1519764,0.0789855552429572,0,0
PC1519829,0.0314921215176582,0,0
PC1519834,0.0480049531372586,0,0
PC1520220,6.46088736694359e-05,0,0
PC1520459,0.811643037134539,1,1
PC1520522,0.021261972737095,1,0
PC1520772,0.346730202436447,0,0
PC1520936,0.179745641514977,0,0
PC1520947,0.00184693395115,0,0
PC1521112,0.271108493489804,1,0
PC1521210,0.956471791231059,1,1
PC1521296,0.0223691235132754,0,0
PC1521576,0.03880577276225,0,0
PC1521649,0.437159633928325,0,0
PC1521855,0.0432488359003135,0,0
PC1522169,0.103019424972414,0,0
PC1522236,0.146293001497222,0,0
PC1522245,0.0817823497044789,0,0
PC1522262,0.0167830306931641,0,0
PC1522285,0.0063538609037199,0,0
PC1522305,0.0355755497340908,0,0
PC1522321,0.313705152132191,0,0
PC1522406,0.521281823184048,1,1
PC1522412,0.0018707243725657,0,0
PC1522535,0.217035559942055,0,0
PC1522570,0.979838490486145,0,1
PC1522654,0.0437265486651014,0,0
PC1522710,0.0675586535935833,0,0
PC1522783,0.0028572055166179,0,0
PC1522947,0.0331491254099453,0,0
PC1522998,0.0059741764114453,0,0
PC1523163,0.0311381077130563,0,0
PC1523184,0.751240566048831,1,1
PC1523269,0.194109723491369,0,0
PC1523343,0.0686302973645548,0,0
PC1523362,0.703188226733914,1,1
PC1523414,0.107030911459809,0,0
PC1523553,0.016250999755309,0,0
PC1523561,0.0041291965171694,0,0
PC1523639,0.0211467985063791,0,0
PC1523681,0.0085964316139477,0,0
PC1523702,0.140825087272181,0,0
PC1523835,0.0470296189870386,0,0
PC1523878,0.0739582362969471,0,0
PC1523904,0.555424950958605,1,1
PC1524011,0.278559606440746,0,0
PC1524076,0.120595604009054,0,0
PC1524157,0.279278546212668,0,0
PC1524185,0.025401243921307,0,0
PC1524369,0.185523077845573,0,0
PC1524576,0.0229326098593413,0,0
PC1524662,0.0042549255304038,0,0
PC1524693,0.0394677446688366,0,0
PC1524741,0.0042345379479229,0,0
PC1524804,3.20844410452992e-05,0,0
PC1524851,0.0064861610373738,0,0
PC1524890,0.148886229173379,0,0
PC1524973,0.141533495266354,0,0
PC1524995,0.0193594805896282,0,0
PC1525097,0.033820839107031,0,0
PC1525172,0.215632297724736,0,0
PC1525246,0.0028285320962349,0,0
PC1525274,0.0892414847171676,0,0
PC1525293,0.0093789891822648,0,0
PC1525320,0.0805987921381786,0,0
PC1525323,0.832513106316085,1,1
PC1525442,0.470833092927933,0,0
PC1525477,0.0753200675067118,0,0
PC1525547,0.122720860602921,0,0
PC1525569,0.0049623839264426,0,0
PC1525576,0.0917124438054739,0,0
PC1525662,0.137820832755043,0,0
PC1525688,0.0065162895045489,0,0
PC1525703,0.0335828740773034,0,0
PC1525785,0.0750182131856991,0,0
PC1525838,0.0452546199669761,0,0
PC1525919,0.293915361166,0,0
PC1525926,0.0583093076213797,0,0
PC1525934,0.160341725027336,0,0
PC1526063,0.054717058983614,0,0
PC1526267,0.194924214689897,0,0
PC1526333,0.203870242277345,1,0
PC1526386,0.0148035439998561,0,0
PC1526587,0.0127994243534107,0,0
PC1526642,0.204093476781697,0,0
PC1526704,0.165955871343613,0,0
PC1526811,0.0367217268965228,0,0
PC1527075,0.012021200826929,0,0
PC1527202,0.0324550514663947,0,0
PC1527417,0.373350866109945,1,0
PC1527512,0.0224645432214249,0,0
PC1527591,0.0252948907906151,0,0
PC1527600,0.459916867782569,0,0
PC1527629,0.0372503535948711,0,0
PC1527712,0.160895235918022,0,0
PC1527954,0.12398054073733,0,0
PC1528003,0.0510674283531868,0,0
PC1528020,0.0094462782144546,0,0
PC1528184,0.168152842610964,0,0
PC1528247,0.087288167737245,0,0
PC1528255,0.650690826363292,0,1
PC1528289,0.976415157318115,0,1
PC1528290,0.216880857512918,0,0
PC1528328,0.0049745266220082,0,0
PC1528470,0.0200202179598738,0,0
PC1528471,0.0003089302626904,0,0
PC1528614,0.132016502818489,0,0
PC1528672,0.0888905078172684,0,0
PC1528715,0.005668481627478,0,0
PC1528750,0.0873716610252478,0,0
PC1528852,0.0044988357184226,0,0
PC1528972,0.0902647153953311,0,0
PC1529115,0.362191299502017,1,0
PC1529352,0.0184070356113165,0,0
PC1529397,0.137571375198478,0,0
PC1529418,0.0483645190509547,0,0
PC1529423,0.0051537062972784,0,0
PC1529496,0.0662136640125498,0,0
PC1529527,0.123382680118084,0,0
PC1529564,0.0331624895334244,0,0
PC1529667,0.145134041228879,0,0
PC1529762,0.0881918557888068,0,0
PC1529765,0.0089384439545107,0,0
PC1529975,0.0186413243660459,0,0
PC1530038,0.342269872859574,0,0
PC1530193,0.142016188379263,0,0
PC1530378,0.222184717655182,0,0
PC1530515,0.0164238961457189,0,0
PC1530533,0.179868965300538,0,0
PC1530607,0.0090496530527051,0,0
PC1530629,0.124532085377723,0,0
PC1530650,0.287914578217041,0,0
PC1530702,0.113099619470841,0,0
PC1530724,0.0237196963280439,0,0
PC1530770,0.119257588298116,0,0
PC1530788,0.147727142609139,0,0
PC1530861,0.0052576822252739,0,0
PC1530974,0.0002573247713238,0,0
PC1530975,0.205780460546939,0,0
PC1531124,0.0043475094376134,0,0
PC1531310,0.0591734976741046,0,0
PC1531376,0.0545517483145256,0,0
PC1531411,0.727492782121219,1,1
PC1531523,0.504666302670804,1,1
PC1531529,0.0032849365379661,0,0
PC1531908,0.227780593828794,1,0
PC1531939,0.327311533624711,0,0
PC1531943,0.315450156863108,0,0
PC1531982,0.289863111303865,1,0
PC1532072,0.0052599726611535,0,0
PC1532217,0.026999997377664,0,0
PC1532239,0.880147457122803,0,1
PC1532266,0.11585027950994,0,0
PC1532441,0.154429547077294,0,0
PC1532474,0.102098554012771,1,0
PC1532565,0.279148711662763,0,0
PC1532574,0.0018527511274442,0,0
PC1532750,0.0546806468858027,0,0
PC1532933,0.0075816996395587,0,0
PC1532998,0.0237785414330784,0,0
PC1533004,0.549217402935028,0,1
PC1533020,0.0382973836937518,0,0
PC1533208,0.0684940202023246,0,0
PC1533225,0.0011419724467662,0,0
PC1533234,0.0311956012586781,0,0
PC1533312,0.024483914731197,1,0
PC1533379,0.0119596224769619,0,0
PC1533559,0.0717093108573164,0,0
PC1533626,0.60114027135199,0,1
PC1533699,0.775283928481998,0,1
PC1533757,0.715539754733295,1,1
PC1533849,0.0005747364268276,0,0
PC1533852,0.116599518721965,0,0
PC1534003,0.0146005788097712,0,0
PC1534121,0.783212876543761,1,1
PC1534190,0.227937404789073,0,0
PC1534211,0.0031095862349176,0,0
PC1534290,0.0189871155965839,0,0
PC1534331,0.154805287718773,0,0
PC1534467,0.607296581535645,0,1
PC1534483,0.468052486859872,0,0
PC1534994,0.437290739394841,0,0
PC1535065,0.0035311995922607,0,0
PC1535211,0.0439722761915795,0,0
PC1535259,0.0630753247126005,0,0
PC1535317,0.0501518926420486,0,0
PC1535407,0.287423359705234,0,0
PC1535501,0.209813696112421,0,0
PC1535605,0.0003530052490532,0,0
PC1535652,0.0017839169058089,0,0
PC1535682,0.0030434572276417,0,0
PC1535696,0.0149768028485333,0,0
PC1535862,0.0001332496613031,0,0
PC1535903,0.216743162241124,1,0
PC1535963,0.0747112665910981,0,0
PC1536303,0.27055885849556,0,0
PC1536464,0.343548119068146,1,0
PC1536563,0.025714732740913,0,0
PC1536578,0.295635118900391,0,0
PC1536775,0.0306619656893606,0,0
PC1536804,0.0464328873717008,0,0
PC1536822,0.0210609753975773,0,0
PC1537188,0.232268554722435,1,0
PC1537201,0.0087283065742148,0,0
PC1537235,0.0058205742835743,0,0
PC1537425,0.0404077159739336,0,0
PC1537528,0.481985235214233,1,0
PC1537579,0.0283513607481008,0,0
PC1537842,0.270601647746394,0,0
PC1537852,0.278497765114055,0,0
PC1537870,0.535605735456202,0,1
PC1537873,0.436456341167976,0,0
PC1537903,0.106216668561245,0,0
PC1538012,0.0891241558374615,0,0
PC1538153,0.351102322340012,0,0
PC1538246,0.172653280752749,0,0
PC1538249,0.0004885737965739,0,0
PC1538347,0.0609432724762686,0,0
PC1538365,0.856717253392331,0,1
PC1538386,2.49302524935047e-06,0,0
PC1538433,0.0988413763674886,0,0
PC1538506,0.0179642786366117,0,0
PC1538651,0.782611744192273,1,1
PC1538737,0.216384729832015,0,0
PC1538783,0.0363794426218821,0,0
PC1539297,0.0017611404182389,0,0
PC1539355,7.44077305351187e-05,0,0
PC1539359,0.012150724012758,0,0
PC1539395,0.0178174332233999,0,0
PC1539466,0.0473454967563281,0,0
PC1539523,0.0943791181461452,0,0
PC1539633,0.0713317229763831,0,0
PC1539719,0.0748078604635682,0,0
PC1539751,0.634998727091559,0,1
PC1539830,0.107004761695862,0,0
PC1539839,0.0425548174770358,0,0
PC1539916,0.210264432844322,0,0
PC1539953,0.680475892253938,1,1
PC1540013,0.484153941869735,0,0
PC1540033,0.0056085982320978,0,0
PC1540059,0.0262701977044344,0,0
PC1540069,0.0051069870072452,0,0
PC1540115,0.200599747812461,0,0
PC1540201,0.783501630659262,0,1
PC1540350,0.0027978545986115,0,0
PC1540689,0.145155641276797,0,0
PC1540863,0.196816163471495,1,0
PC1540948,0.393403871971018,0,0
PC1541000,0.0908033768178291,0,0
PC1541412,0.79634268096405,1,1
PC1541696,0.0002668605593498,0,0
PC1541801,0.0234716543091893,0,0
PC1541985,0.497891351120489,1,0
PC1542326,0.563394008831352,1,1
PC1542355,0.0815307315835342,0,0
PC1542360,0.0639096839512251,0,0
PC1542449,0.0365764796733856,0,0
PC1542510,0.427255690379222,0,0
PC1542603,0.0650394522782528,0,0
PC1542682,0.0060417050083029,0,0
PC1542724,0.015511837795261,0,0
PC1542730,0.200417352232704,0,0
PC1543165,0.214916607422227,0,0
PC1543229,0.16352704167366,0,0
PC1543329,0.151815617229781,0,0
PC1543356,0.0057565835304558,0,0
PC1544446,0.0017623034073039,0,0
PC1544636,0.0031189529753818,0,0
PC1544647,0.028920973032607,0,0
PC1544696,0.339024046760652,0,0
PC1544831,0.0334111893075114,0,0
PC1544842,0.0002823813993018,0,0
PC1544851,0.0155119122257827,0,0
PC1544914,7.49760466519641e-05,0,0
PC1544958,0.173542896874796,0,0
PC1545096,0.160664226779047,0,0
PC1545115,0.838993623068458,1,1
PC1545177,0.0386327656959371,0,0
PC1545217,0.485474025015124,0,0
PC1545233,0.0508344504561881,0,0
PC1545321,0.316617604399706,0,0
PC1545358,3.71439310599087e-05,0,0
PC1545426,0.0302747078239918,0,0
PC1545560,0.0375629529420069,0,0
PC1545575,0.137229061238657,0,0
PC1545606,0.0063810661680933,0,0
PC1545659,0.49041016236709,0,0
PC1545698,0.0036116883994134,0,0
PC1546081,0.081039524269993,0,0
PC1546137,0.0206288581147142,0,0
PC1546192,0.0984866977539673,0,0
PC1546228,0.000290948980288,0,0
PC1546250,0.0542314855475725,0,0
PC1546323,0.306478152279641,0,0
PC1546389,0.644800007343292,0,1
PC1546396,0.0932459687604368,0,0
PC1546433,0.622374743403913,0,1
PC1546468,0.314289448516709,0,0
PC1546762,0.0576309139873794,0,0
PC1547256,8.12076978036202e-05,0,0
PC1547413,0.0285360850393772,0,0
PC1547640,0.0575582780038092,0,0
PC1547684,0.235196364975068,1,0
PC1547709,0.206193848713429,0,0
PC1547785,0.0001013552900985,0,0
PC1547895,0.0079098348865236,0,0
PC1547953,0.181297620010864,0,0
PC1547973,0.0482569701141781,0,0
PC1548088,0.105915769395058,1,0
PC1548131,0.518258370983208,0,1
PC1548221,0.287559658590776,0,0
PC1548412,0.348497545894455,0,0
PC1548576,0.0075772479176521,0,0
PC1548662,0.059093244772627,0,0
PC1548819,0.86171168280885,0,1
PC1548871,0.0510177721849541,0,0
PC1548953,0.0074410274138359,0,0
PC1548998,0.148687464950597,0,0
PC1549132,0.0059637457121542,0,0
PC1549367,0.456403348843256,0,0
PC1549562,0.069395624101162,0,0
PC1549602,0.241034995635044,0,0
PC1550267,0.0262792226616513,0,0
PC1550323,0.0136421088936734,0,0
PC1550355,0.797097674326534,0,1
PC1550364,0.359284575731476,0,0
PC1550380,0.159434432823802,1,0
PC1550483,0.281377279256843,0,0
PC1550609,0.464505703148065,1,0
PC1550775,4.58652340694612e-05,0,0
PC1550807,0.214722080044,0,0
PC1550817,0.419270326686802,0,0
PC1550908,0.0120578166097403,0,0
PC1550917,0.0033219562131792,0,0
PC1550952,0.0736988112330437,0,0
PC1551061,0.0038345309307392,0,0
PC1551196,0.0167740155011415,0,0
PC1551327,0.260879325602971,0,0
PC1551399,0.3934521367159,1,0
PC1551412,0.027287840532397,0,0
PC1551430,0.0358927221562661,0,0
PC1551466,0.0060471974390898,0,0
PC1551631,0.11275866745753,0,0
PC1551894,0.040253678989457,0,0
PC1551961,0.0321001583514245,0,0
PC1552078,0.135551586747169,0,0
PC1552081,0.0025928521063178,0,0
PC1552161,0.0584656670689583,0,0
PC1552181,0.642431418413884,1,1
PC1552226,0.0796270786040097,0,0
PC1552234,0.0237393248826265,0,0
PC1552281,0.110024517607004,0,0
PC1552306,0.0249671868153119,0,0
PC1552571,0.387291985140405,0,0
PC1552610,0.606529891490936,0,1
PC1552616,0.0004260855017328,0,0
PC1552641,0.0064791953191161,0,0
PC1552745,0.0061643713837503,0,0
PC1552916,0.0604303070199742,0,0
PC1553005,0.060769776218459,0,0
PC1553232,0.0002917782716848,0,0
PC1553537,0.541893424732344,0,1
PC1553554,0.0023221786198107,0,0
PC1553807,0.520832901813274,0,1
PC1553934,0.0640521674387388,0,0
PC1554028,0.280058208481675,0,0
PC1554037,0.0623148554586029,0,0
PC1554068,0.0662894909623469,0,0
PC1554261,0.0508271187852998,0,0
PC1554291,0.095714500189098,0,0
PC1554301,0.100795156662612,0,0
PC1554453,0.182711673695357,0,0
PC1554657,0.0320844128727913,0,0
PC1554665,1.24828795833309e-06,0,0
PC1555110,0.0537251682996849,0,0
PC1555174,0.152427337320368,0,0
PC1555349,0.0339522601412259,0,0
PC1555392,0.161210468692324,0,0
PC1555420,0.0147318914286289,0,0
PC1555467,0.0671520537626168,0,0
PC1555470,0.0846942886710167,0,0
PC1555521,0.0089237281689902,0,0
PC1555591,0.193998034999613,1,0
PC1555695,0.225917443067459,1,0
PC1555776,0.295436531305313,0,0
PC1555862,0.0384715512282232,0,0
PC1555943,0.0259665347986433,0,0
PC1555973,0.0050304950041703,0,0
PC1555979,0.170089792288267,0,0
PC1556044,0.0708864983022502,0,0
PC1556084,0.0398155509065826,0,0
PC1556146,0.0003615981549955,0,0
PC1556427,0.324062838128836,0,0
PC1556465,0.180160999169983,1,0
PC1556663,0.706464139495652,0,1
PC1556741,0.81561678647995,0,1
PC1556754,0.157976223625015,0,0
PC1556887,0.0866085663437843,0,0
PC1556968,0.806798897680311,1,1
PC1557090,0.348563581705093,0,0
PC1557168,0.335510076934032,1,0
PC1557196,0.259092260639752,0,0
PC1557221,0.130604966803856,0,0
PC1557426,0.140124665954648,1,0
PC1557546,0.0183523210011428,0,0
PC1557635,0.0124581406612776,0,0
PC1557980,0.607880115509033,0,1
PC1557998,0.0235743397905615,0,0
PC1558054,0.0060166221521611,0,0
PC1558119,0.0558615736692583,0,0
PC1558184,0.527257062811508,0,1
PC1558245,0.0037291829939931,0,0
PC1558298,0.105064645409584,0,0
PC1558384,0.0956536456942558,0,0
PC1558479,0.109487488017819,1,0
PC1558512,0.0027401707219806,0,0
PC1558598,0.0037724600044776,0,0
PC1558756,0.0255133543017411,0,0
PC1558810,0.0324803063471691,0,0
PC1558845,0.0831416669628584,0,0
PC1558869,0.104721145040578,0,0
PC1559030,0.364655111672665,0,0
PC1559035,0.266356939022484,0,0
PC1559107,0.681522561646968,1,1
PC1559181,0.184599407602674,0,0
PC1559344,0.0574087934861101,0,0
PC1559485,0.188303000504346,0,0
PC1559513,0.0008334462763741,0,0
PC1559597,0.869824089244609,0,1
PC1559661,0.0068213025634501,0,0
PC1559673,0.0430917751529483,0,0
PC1559815,0.0955740152022201,0,0
PC1560103,0.322064410421319,0,0
PC1560254,0.0072826126075416,0,0
PC1560271,0.021630258515689,0,0
PC1560404,0.391374856233597,0,0
PC1560445,0.380223423242569,0,0
PC1560498,5.10243589815218e-05,0,0
PC1560653,0.0102406501224098,0,0
PC1560737,0.0099449934080353,0,0
PC1560801,0.0115703966186385,0,0
PC1560807,0.0008973354759718,0,0
PC1560937,0.004544200687844,0,0
PC1560986,0.0276777253160564,0,0
PC1561157,0.493168735137621,0,0
PC1561449,0.0451625345881202,0,0
PC1561642,0.0397770825766272,0,0
PC1561654,0.445442166834314,0,0
PC1561773,0.0013455883335548,0,0
PC1561855,0.0090096360072493,0,0
PC1561927,0.255750711702598,0,0
PC1561961,0.0311854438368486,0,0
PC1562240,0.164348974300269,0,0
PC1562377,0.281676471233368,0,0
PC1562407,0.028234239667654,0,0
PC1562845,0.571243410486015,0,1
PC1562963,0.045819161886012,0,0
PC1563053,0.407876878928284,1,0
PC1563092,0.0650488510727882,0,0
PC1563128,0.0093042435995085,0,0
PC1563404,0.001355553437061,0,0
PC1563544,0.0115215435277584,0,0
PC1563671,0.0911735283412533,0,0
PC1563684,0.0059640323088387,0,0
PC1563779,0.553640267134338,0,1
PC1563836,0.0018236376979447,0,0
PC1563847,0.0154943753476961,0,0
PC1563864,0.0083799675460262,1,0
PC1564205,0.0607292833585062,0,0
PC1564291,0.0343229108520093,0,0
PC1564345,0.0844893960218188,0,0
PC1564532,0.0228439417816479,0,0
PC1564575,0.749496907699765,1,1
PC1564582,0.107151009159217,0,0
PC1564781,0.0778577901121563,0,0
PC1564832,0.530060331812865,1,1
PC1564893,0.0200236233944841,0,0
PC1564975,0.984490745556735,1,1
PC1564994,0.622817552225157,1,1
PC1565055,0.000387506064726,0,0
PC1565086,1.41336795422831e-05,0,0
PC1565145,0.0574250056876293,0,0
PC1565197,0.0614638121662131,0,0
PC1565236,0.156163508785701,0,0
PC1565317,0.0668023280690961,0,0
PC1565371,0.0296120684066541,0,0
PC1566032,0.0120367836207151,0,0
PC1566513,0.0234162136912346,0,0
PC1566621,0.539288319998171,1,1
PC1566627,5.06905344082043e-05,0,0
PC1566679,0.0017407578416168,0,0
PC1567006,0.0100494417083728,0,0
PC1567109,0.0035125439938003,0,0
PC1567233,0.0939022901053438,0,0
PC1567255,0.144430099713404,0,0
PC1567344,0.639761712775923,0,1
PC1567493,0.0088752832320921,0,0
PC1567548,0.158150243275057,0,0
PC1567626,0.0167597512364461,0,0
PC1567851,0.0530415368605628,0,0
PC1567933,0.0064750822395146,0,0
PC1567974,0.0993067105846001,0,0
PC1568073,0.121270664586862,0,0
PC1568076,0.000923624482948,0,0
PC1568135,0.108972322505911,0,0
PC1568167,0.0712243660673402,0,0
PC1568510,0.202095022136577,0,0
PC1568580,0.503892977730407,0,1
PC1568697,0.0025407599750906,0,0
PC1568747,0.0009056025883182,0,0
PC1568970,0.0611127428710461,0,0
PC1569048,0.170547981592044,1,0
PC1569051,0.210307633392661,0,0
PC1569110,0.0563796645252195,0,0
PC1569116,0.158886543559924,0,0
PC1569297,0.0897279337213329,0,0
PC1569373,0.563035111322524,1,1
PC1569534,0.133907632454513,1,0
PC1569603,0.0046172669255578,0,0
PC1569620,0.181914197348803,0,0
PC1569684,0.0097540193744833,0,0
PC1569759,0.180784969629642,0,0
PC1569865,0.063770191199205,0,0
PC1570519,0.000683972495608,0,0
PC1570751,0.0327520854771137,0,0
PC1570784,0.338111343683121,0,0
PC1570788,0.012519813605923,0,0
PC1570838,0.052439138769178,0,0
PC1570871,0.0081104300916194,0,0
PC1570903,0.0660631809915815,0,0
PC1570927,0.236324640946829,0,0
PC1571022,0.0485487878584946,0,0
PC1571026,0.0012655886795085,0,0
PC1571029,0.0156903017259067,0,0
PC1571046,0.240681725694881,0,0
PC1571079,0.0184981814928548,0,0
PC1571354,0.219533940303731,0,0
PC1571536,0.0004054259993716,0,0
PC1571625,0.102209507054699,0,0
PC1571630,0.445389688014984,0,0
PC1571701,0.0161560847976982,0,0
PC1571955,0.0080978423357009,0,0
PC1572126,0.201663615564807,0,0
PC1572193,0.0263087562758659,0,0
PC1572491,0.0517339099805509,0,0
PC1572526,0.853007345745807,0,1
PC1572529,0.0390636297649351,0,0
PC1572730,0.961119830608368,0,1
PC1572780,0.0009343493729829,0,0
PC1572841,0.0920404525016656,0,0
PC1572876,0.0841672019921584,0,0
PC1573031,0.112129573321191,0,0
PC1573276,0.0044432549811569,0,0
PC1573281,0.00847678334152,0,0
PC1573454,0.577822418682638,0,1
PC1573486,0.0570444322234643,0,0
PC1573806,0.147693752666602,0,0
PC1573895,0.933154224343865,1,1
PC1573979,0.530452719556643,1,1
PC1574010,0.196635937822704,0,0
PC1574105,0.28829562664032,0,0
PC1574124,0.37391871213913,0,0
PC1574180,0.196974405582915,0,0
PC1574280,0.0800335727269459,0,0
PC1574296,8.87051605559883e-05,0,0
PC1574370,0.161552282871351,0,0
PC1574394,0.52395244003509,0,1
PC1574515,0.119012131114825,0,0
PC1574546,0.74569616216397,0,1
PC1574558,0.498923790054161,1,0
PC1574572,0.496135032309773,1,0
PC1574678,0.0949358147585798,0,0
PC1574711,0.0872726867335375,0,0
PC1575008,0.614325079196387,1,1
PC1575015,0.0282270877684667,0,0
PC1575147,0.370302885770798,0,0
PC1575200,0.253868251442297,0,0
PC1575306,0.0015224964362382,0,0
PC1575496,0.0013635907737751,0,0
PC1575700,0.725968988996055,0,1
PC1575711,0.0573972052413495,0,0
PC1575754,0.0140514579820045,0,0
PC1575970,0.0474534742534161,0,0
PC1576064,0.272658109664917,0,0
PC1576089,0.131640277622979,0,0
PC1576186,9.87746825558133e-05,0,0
PC1576289,0.0033268073387444,0,0
PC1576317,0.237524480357834,0,0
PC1576460,4.30186400990351e-06,0,0
PC1576781,0.0283983194846317,0,0
PC1576999,0.0842467679940596,0,0
PC1577088,0.149871543049812,0,0
PC1577146,0.366755251101029,0,0
PC1577213,0.303265247014489,1,0
PC1577339,0.145458452200611,0,0
PC1577380,0.292124807834625,0,0
PC1577414,0.0213713720561424,0,0
PC1577549,0.117741215914329,0,0
PC1577707,0.0717450466665981,0,0
PC1577768,0.0795642191851455,0,0
PC1577823,0.0582502176316731,0,0
PC1577858,0.242513470537034,0,0
PC1578075,0.0731283393438733,0,0
PC1578160,0.0691175023293872,0,0
PC1578360,0.125700313653381,0,0
PC1578611,0.0052395267604705,0,0
PC1578812,0.601767325364542,0,1
PC1578819,0.171776938697566,0,0
PC1578840,0.20914624796612,1,0
PC1578883,0.13105066387205,0,0
PC1578965,0.487560447258834,1,0
PC1578967,0.325978821342431,1,0
PC1578975,0.0056203030962475,0,0
PC1579025,0.0798406300494628,0,0
PC1579038,0.0669704005122185,0,0
PC1579112,0.321338620959225,1,0
PC1579142,0.0422589215940056,0,0
PC1579152,0.0120213229916583,0,0
PC1579158,0.331334120240705,0,0
PC1579276,0.0461902050906188,0,0
PC1579644,0.029266022022598,0,0
PC1579874,0.136213777067972,0,0
PC1580009,0.0178009923547506,0,0
PC1580056,0.328321830073906,1,0
PC1580091,0.0298614757426824,0,0
PC1580110,0.635840417095349,0,1
PC1580199,0.0396966185943915,0,0
PC1580202,0.0179552640765905,0,0
PC1580205,0.262873140652064,0,0
PC1580246,0.336882264551522,1,0
PC1580348,0.705636262893677,0,1
PC1580535,0.0022594598053461,0,0
PC1580580,0.0167535166728831,0,0
PC1580700,0.192505778730812,0,0
PC1580736,0.31508711479909,0,0
PC1580929,0.504634935070966,1,1
PC1580996,0.0003601672979875,0,0
PC1581018,0.0022829395117346,0,0
PC1581038,0.183055678374247,0,0
PC1581134,0.304030854216021,1,0
PC1581236,0.0444138377904892,0,0
PC1581326,0.0111413521598802,0,0
PC1581519,0.264122994492098,0,0
PC1581692,0.0012738302304472,0,0
PC1581761,0.0324571691372295,0,0
PC1581765,0.951755853249752,1,1
PC1581834,0.0040351571515202,0,0
PC1581851,0.0126234663564406,0,0
PC1581964,0.0075390885060044,0,0
PC1582119,0.0573071794337537,0,0
PC1582352,0.0060916379735576,0,0
PC1582519,0.292029672372227,0,0
PC1582586,0.152250220342003,0,0
PC1582620,0.137120218470558,0,0
PC1582692,0.124563955991113,0,0
PC1582693,0.124490989271488,0,0
PC1582912,0.0725837828493879,0,0
PC1582928,0.0067312153987586,0,0
PC1583022,0.0031532796565443,0,0
PC1583037,0.0314757753301602,0,0
PC1583117,0.0034574431543248,0,0
PC1583184,0.138384735001431,0,0
PC1583222,0.0184182509869696,0,0
PC1583277,0.0376595126635007,0,0
PC1583387,0.0038554637587672,0,0
PC1583496,0.0002845740867019,0,0
PC1583518,0.211058130260119,0,0
PC1583521,0.134276764772781,0,0
PC1583650,0.0023111286573112,0,0
PC1583666,0.130502812888311,0,0
